Customer,Organization,Item,Month,History
A AND A PET SUPPLY,PRD:IND:IND-GEODIS WHSE IND US,PBC-1000,1-May-23,
A AND A PET SUPPLY,PRD:IND:IND-GEODIS WHSE IND US,PBC-1000,1-Jun-23,
A AND A PET SUPPLY,PRD:IND:IND-GEODIS WHSE IND US,PBC-1000,1-Jul-23,
A AND A PET SUPPLY,PRD:IND:IND-GEODIS WHSE IND US,PBC-1000,1-Aug-23,
A AND A PET SUPPLY,PRD:IND:IND-GEODIS WHSE IND US,PBC-1000,1-Sep-23,
A AND A PET SUPPLY,PRD:IND:IND-GEODIS WHSE IND US,PBC-1000,1-Oct-23,
A AND A PET SUPPLY,PRD:IND:IND-GEODIS WHSE IND US,PBC-1000,1-Nov-23,
A AND A PET SUPPLY,PRD:IND:IND-GEODIS WHSE IND US,PBC-1000,1-Dec-23,
A AND A PET SUPPLY,PRD:IND:IND-GEODIS WHSE IND US,PBC-1000,1-Jan-24,
A AND A PET SUPPLY,PRD:IND:IND-GEODIS WHSE IND US,PBC-1000,1-Feb-24,
A AND A PET SUPPLY,PRD:IND:IND-GEODIS WHSE IND US,PBC-1000,1-Mar-24,
A AND A PET SUPPLY,PRD:IND:IND-GEODIS WHSE IND US,PBC-1000,1-Apr-24,
A AND A PET SUPPLY,PRD:IND:IND-GEODIS WHSE IND US,PBC-1000,1-May-24,
A AND A PET SUPPLY,PRD:IND:IND-GEODIS WHSE IND US,PBC-1000,1-Jun-24,
A AND A PET SUPPLY,PRD:IND:IND-GEODIS WHSE IND US,PBC-1000,1-Jul-24,
A AND A PET SUPPLY,PRD:IND:IND-GEODIS WHSE IND US,PBC-1000,1-Aug-24,
A AND A PET SUPPLY,PRD:IND:IND-GEODIS WHSE IND US,PBC-1000,1-Sep-24,
A AND A PET SUPPLY,PRD:IND:IND-GEODIS WHSE IND US,PBC-1000,1-Oct-24,
A AND A PET SUPPLY,PRD:IND:IND-GEODIS WHSE IND US,PBC-1000,1-Nov-24,
A AND A PET SUPPLY,PRD:IND:IND-GEODIS WHSE IND US,PBC-1000,1-Dec-24,
A AND A PET SUPPLY,PRD:IND:IND-GEODIS WHSE IND US,PBC-1000,1-Jan-25,
A AND A PET SUPPLY,PRD:IND:IND-GEODIS WHSE IND US,PBC-1000,1-Feb-25,
A AND A PET SUPPLY,PRD:IND:IND-GEODIS WHSE IND US,PBC-1000,1-Mar-25,
A AND A PET SUPPLY,PRD:IND:IND-GEODIS WHSE IND US,PBC-1000,1-Apr-25,1
A AND A PET SUPPLY,PRD:IND:IND-GEODIS WHSE IND US,PBC-1000,1-May-25,
A AND A PET SUPPLY,PRD:IND:IND-GEODIS WHSE IND US,PBC-1000,1-Jun-25,
A AND A PET SUPPLY,PRD:IND:IND-GEODIS WHSE IND US,PBC-1000,1-Jul-25,
A AND A PET SUPPLY,PRD:IND:IND-GEODIS WHSE IND US,PBC-1000,1-Aug-25,
A AND A PET SUPPLY,PRD:IND:IND-GEODIS WHSE IND US,PBC-1000,1-Sep-25,
A AND A PET SUPPLY,PRD:IND:IND-GEODIS WHSE IND US,PBC-1000,1-Oct-25,
A AND A PET SUPPLY,PRD:IND:IND-GEODIS WHSE IND US,PBC-1000,1-Nov-25,
A AND A PET SUPPLY,PRD:IND:IND-GEODIS WHSE IND US,PBC-1000,1-Dec-25,
A AND A PET SUPPLY,PRD:IND:IND-GEODIS WHSE IND US,PBC-1000,1-Jan-26,
A AND A PET SUPPLY,PRD:IND:IND-GEODIS WHSE IND US,PBC-1000,1-Feb-26,
A AND A PET SUPPLY,PRD:IND:IND-GEODIS WHSE IND US,PBC-1000,1-Mar-26,
A AND A PET SUPPLY,PRD:IND:IND-GEODIS WHSE IND US,PBC-1000,1-Apr-26,
A BETTER BEHAVED DOG,PRD:IND:IND-GEODIS WHSE IND US,PBC-1000,1-May-23,
A BETTER BEHAVED DOG,PRD:IND:IND-GEODIS WHSE IND US,PBC-1000,1-Jun-23,
A BETTER BEHAVED DOG,PRD:IND:IND-GEODIS WHSE IND US,PBC-1000,1-Jul-23,
A BETTER BEHAVED DOG,PRD:IND:IND-GEODIS WHSE IND US,PBC-1000,1-Aug-23,2
A BETTER BEHAVED DOG,PRD:IND:IND-GEODIS WHSE IND US,PBC-1000,1-Sep-23,
A BETTER BEHAVED DOG,PRD:IND:IND-GEODIS WHSE IND US,PBC-1000,1-Oct-23,
A BETTER BEHAVED DOG,PRD:IND:IND-GEODIS WHSE IND US,PBC-1000,1-Nov-23,
A BETTER BEHAVED DOG,PRD:IND:IND-GEODIS WHSE IND US,PBC-1000,1-Dec-23,
A BETTER BEHAVED DOG,PRD:IND:IND-GEODIS WHSE IND US,PBC-1000,1-Jan-24,
A BETTER BEHAVED DOG,PRD:IND:IND-GEODIS WHSE IND US,PBC-1000,1-Feb-24,
A BETTER BEHAVED DOG,PRD:IND:IND-GEODIS WHSE IND US,PBC-1000,1-Mar-24,
A BETTER BEHAVED DOG,PRD:IND:IND-GEODIS WHSE IND US,PBC-1000,1-Apr-24,
A BETTER BEHAVED DOG,PRD:IND:IND-GEODIS WHSE IND US,PBC-1000,1-May-24,
A BETTER BEHAVED DOG,PRD:IND:IND-GEODIS WHSE IND US,PBC-1000,1-Jun-24,
A BETTER BEHAVED DOG,PRD:IND:IND-GEODIS WHSE IND US,PBC-1000,1-Jul-24,
A BETTER BEHAVED DOG,PRD:IND:IND-GEODIS WHSE IND US,PBC-1000,1-Aug-24,
A BETTER BEHAVED DOG,PRD:IND:IND-GEODIS WHSE IND US,PBC-1000,1-Sep-24,
A BETTER BEHAVED DOG,PRD:IND:IND-GEODIS WHSE IND US,PBC-1000,1-Oct-24,
A BETTER BEHAVED DOG,PRD:IND:IND-GEODIS WHSE IND US,PBC-1000,1-Nov-24,
A BETTER BEHAVED DOG,PRD:IND:IND-GEODIS WHSE IND US,PBC-1000,1-Dec-24,
A BETTER BEHAVED DOG,PRD:IND:IND-GEODIS WHSE IND US,PBC-1000,1-Jan-25,
A BETTER BEHAVED DOG,PRD:IND:IND-GEODIS WHSE IND US,PBC-1000,1-Feb-25,
A BETTER BEHAVED DOG,PRD:IND:IND-GEODIS WHSE IND US,PBC-1000,1-Mar-25,
A BETTER BEHAVED DOG,PRD:IND:IND-GEODIS WHSE IND US,PBC-1000,1-Apr-25,
A BETTER BEHAVED DOG,PRD:IND:IND-GEODIS WHSE IND US,PBC-1000,1-May-25,
A BETTER BEHAVED DOG,PRD:IND:IND-GEODIS WHSE IND US,PBC-1000,1-Jun-25,
A BETTER BEHAVED DOG,PRD:IND:IND-GEODIS WHSE IND US,PBC-1000,1-Jul-25,
A BETTER BEHAVED DOG,PRD:IND:IND-GEODIS WHSE IND US,PBC-1000,1-Aug-25,
A BETTER BEHAVED DOG,PRD:IND:IND-GEODIS WHSE IND US,PBC-1000,1-Sep-25,
A BETTER BEHAVED DOG,PRD:IND:IND-GEODIS WHSE IND US,PBC-1000,1-Oct-25,
A BETTER BEHAVED DOG,PRD:IND:IND-GEODIS WHSE IND US,PBC-1000,1-Nov-25,
A BETTER BEHAVED DOG,PRD:IND:IND-GEODIS WHSE IND US,PBC-1000,1-Dec-25,
A BETTER BEHAVED DOG,PRD:IND:IND-GEODIS WHSE IND US,PBC-1000,1-Jan-26,
A BETTER BEHAVED DOG,PRD:IND:IND-GEODIS WHSE IND US,PBC-1000,1-Feb-26,
A BETTER BEHAVED DOG,PRD:IND:IND-GEODIS WHSE IND US,PBC-1000,1-Mar-26,
A BETTER BEHAVED DOG,PRD:IND:IND-GEODIS WHSE IND US,PBC-1000,1-Apr-26,
AAFES,PRD:IND:IND-GEODIS WHSE IND US,PAC00-14231,1-May-23,19
AAFES,PRD:IND:IND-GEODIS WHSE IND US,PAC00-14231,1-Jun-23,20
AAFES,PRD:IND:IND-GEODIS WHSE IND US,PAC00-14231,1-Jul-23,28
AAFES,PRD:IND:IND-GEODIS WHSE IND US,PAC00-14231,1-Aug-23,23
AAFES,PRD:IND:IND-GEODIS WHSE IND US,PAC00-14231,1-Sep-23,26
AAFES,PRD:IND:IND-GEODIS WHSE IND US,PAC00-14231,1-Oct-23,29
AAFES,PRD:IND:IND-GEODIS WHSE IND US,PAC00-14231,1-Nov-23,21
AAFES,PRD:IND:IND-GEODIS WHSE IND US,PAC00-14231,1-Dec-23,16
AAFES,PRD:IND:IND-GEODIS WHSE IND US,PAC00-14231,1-Jan-24,29
AAFES,PRD:IND:IND-GEODIS WHSE IND US,PAC00-14231,1-Feb-24,21
AAFES,PRD:IND:IND-GEODIS WHSE IND US,PAC00-14231,1-Mar-24,21
AAFES,PRD:IND:IND-GEODIS WHSE IND US,PAC00-14231,1-Apr-24,13
AAFES,PRD:IND:IND-GEODIS WHSE IND US,PAC00-14231,1-May-24,17
AAFES,PRD:IND:IND-GEODIS WHSE IND US,PAC00-14231,1-Jun-24,15
AAFES,PRD:IND:IND-GEODIS WHSE IND US,PAC00-14231,1-Jul-24,19
AAFES,PRD:IND:IND-GEODIS WHSE IND US,PAC00-14231,1-Aug-24,8
AAFES,PRD:IND:IND-GEODIS WHSE IND US,PAC00-14231,1-Sep-24,11
AAFES,PRD:IND:IND-GEODIS WHSE IND US,PAC00-14231,1-Oct-24,6
AAFES,PRD:IND:IND-GEODIS WHSE IND US,PAC00-14231,1-Nov-24,14
AAFES,PRD:IND:IND-GEODIS WHSE IND US,PAC00-14231,1-Dec-24,12
AAFES,PRD:IND:IND-GEODIS WHSE IND US,PAC00-14231,1-Jan-25,1
AAFES,PRD:IND:IND-GEODIS WHSE IND US,PAC00-14231,1-Feb-25,13
AAFES,PRD:IND:IND-GEODIS WHSE IND US,PAC00-14231,1-Mar-25,6
AAFES,PRD:IND:IND-GEODIS WHSE IND US,PAC00-14231,1-Apr-25,4
AAFES,PRD:IND:IND-GEODIS WHSE IND US,PAC00-14231,1-May-25,11
AAFES,PRD:IND:IND-GEODIS WHSE IND US,PAC00-14231,1-Jun-25,10
AAFES,PRD:IND:IND-GEODIS WHSE IND US,PAC00-14231,1-Jul-25,10
AAFES,PRD:IND:IND-GEODIS WHSE IND US,PAC00-14231,1-Aug-25,20
AAFES,PRD:IND:IND-GEODIS WHSE IND US,PAC00-14231,1-Sep-25,22
AAFES,PRD:IND:IND-GEODIS WHSE IND US,PAC00-14231,1-Oct-25,17
AAFES,PRD:IND:IND-GEODIS WHSE IND US,PAC00-14231,1-Nov-25,26
AAFES,PRD:IND:IND-GEODIS WHSE IND US,PAC00-14231,1-Dec-25,20
AAFES,PRD:IND:IND-GEODIS WHSE IND US,PAC00-14231,1-Jan-26,14
AAFES,PRD:IND:IND-GEODIS WHSE IND US,PAC00-14231,1-Feb-26,13
AAFES,PRD:IND:IND-GEODIS WHSE IND US,PAC00-14231,1-Mar-26,14
AAFES,PRD:IND:IND-GEODIS WHSE IND US,PAC00-14231,1-Apr-26,11
ACENET DIRECT,PRD:IND:IND-GEODIS WHSE IND US,PAC00-14231,1-May-23,2
ACENET DIRECT,PRD:IND:IND-GEODIS WHSE IND US,PAC00-14231,1-Jun-23,
ACENET DIRECT,PRD:IND:IND-GEODIS WHSE IND US,PAC00-14231,1-Jul-23,3
ACENET DIRECT,PRD:IND:IND-GEODIS WHSE IND US,PAC00-14231,1-Aug-23,12
ACENET DIRECT,PRD:IND:IND-GEODIS WHSE IND US,PAC00-14231,1-Sep-23,
ACENET DIRECT,PRD:IND:IND-GEODIS WHSE IND US,PAC00-14231,1-Oct-23,
ACENET DIRECT,PRD:IND:IND-GEODIS WHSE IND US,PAC00-14231,1-Nov-23,3
ACENET DIRECT,PRD:IND:IND-GEODIS WHSE IND US,PAC00-14231,1-Dec-23,17
ACENET DIRECT,PRD:IND:IND-GEODIS WHSE IND US,PAC00-14231,1-Jan-24,
ACENET DIRECT,PRD:IND:IND-GEODIS WHSE IND US,PAC00-14231,1-Feb-24,1
ACENET DIRECT,PRD:IND:IND-GEODIS WHSE IND US,PAC00-14231,1-Mar-24,
ACENET DIRECT,PRD:IND:IND-GEODIS WHSE IND US,PAC00-14231,1-Apr-24,10
ACENET DIRECT,PRD:IND:IND-GEODIS WHSE IND US,PAC00-14231,1-May-24,
ACENET DIRECT,PRD:IND:IND-GEODIS WHSE IND US,PAC00-14231,1-Jun-24,1
ACENET DIRECT,PRD:IND:IND-GEODIS WHSE IND US,PAC00-14231,1-Jul-24,
ACENET DIRECT,PRD:IND:IND-GEODIS WHSE IND US,PAC00-14231,1-Aug-24,2
ACENET DIRECT,PRD:IND:IND-GEODIS WHSE IND US,PAC00-14231,1-Sep-24,
ACENET DIRECT,PRD:IND:IND-GEODIS WHSE IND US,PAC00-14231,1-Oct-24,
ACENET DIRECT,PRD:IND:IND-GEODIS WHSE IND US,PAC00-14231,1-Nov-24,
ACENET DIRECT,PRD:IND:IND-GEODIS WHSE IND US,PAC00-14231,1-Dec-24,6
ACENET DIRECT,PRD:IND:IND-GEODIS WHSE IND US,PAC00-14231,1-Jan-25,
ACENET DIRECT,PRD:IND:IND-GEODIS WHSE IND US,PAC00-14231,1-Feb-25,
ACENET DIRECT,PRD:IND:IND-GEODIS WHSE IND US,PAC00-14231,1-Mar-25,
ACENET DIRECT,PRD:IND:IND-GEODIS WHSE IND US,PAC00-14231,1-Apr-25,
ACENET DIRECT,PRD:IND:IND-GEODIS WHSE IND US,PAC00-14231,1-May-25,
ACENET DIRECT,PRD:IND:IND-GEODIS WHSE IND US,PAC00-14231,1-Jun-25,
ACENET DIRECT,PRD:IND:IND-GEODIS WHSE IND US,PAC00-14231,1-Jul-25,
ACENET DIRECT,PRD:IND:IND-GEODIS WHSE IND US,PAC00-14231,1-Aug-25,18
ACENET DIRECT,PRD:IND:IND-GEODIS WHSE IND US,PAC00-14231,1-Sep-25,
ACENET DIRECT,PRD:IND:IND-GEODIS WHSE IND US,PAC00-14231,1-Oct-25,
ACENET DIRECT,PRD:IND:IND-GEODIS WHSE IND US,PAC00-14231,1-Nov-25,
ACENET DIRECT,PRD:IND:IND-GEODIS WHSE IND US,PAC00-14231,1-Dec-25,
ACENET DIRECT,PRD:IND:IND-GEODIS WHSE IND US,PAC00-14231,1-Jan-26,
ACENET DIRECT,PRD:IND:IND-GEODIS WHSE IND US,PAC00-14231,1-Feb-26,
ACENET DIRECT,PRD:IND:IND-GEODIS WHSE IND US,PAC00-14231,1-Mar-26,
ACENET DIRECT,PRD:IND:IND-GEODIS WHSE IND US,PAC00-14231,1-Apr-26,
ACENET DIRECT,PRD:IND:IND-GEODIS WHSE IND US,PBC-1000,1-May-23,
ACENET DIRECT,PRD:IND:IND-GEODIS WHSE IND US,PBC-1000,1-Jun-23,
ACENET DIRECT,PRD:IND:IND-GEODIS WHSE IND US,PBC-1000,1-Jul-23,
ACENET DIRECT,PRD:IND:IND-GEODIS WHSE IND US,PBC-1000,1-Aug-23,
ACENET DIRECT,PRD:IND:IND-GEODIS WHSE IND US,PBC-1000,1-Sep-23,
ACENET DIRECT,PRD:IND:IND-GEODIS WHSE IND US,PBC-1000,1-Oct-23,
ACENET DIRECT,PRD:IND:IND-GEODIS WHSE IND US,PBC-1000,1-Nov-23,
ACENET DIRECT,PRD:IND:IND-GEODIS WHSE IND US,PBC-1000,1-Dec-23,
ACENET DIRECT,PRD:IND:IND-GEODIS WHSE IND US,PBC-1000,1-Jan-24,
ACENET DIRECT,PRD:IND:IND-GEODIS WHSE IND US,PBC-1000,1-Feb-24,
ACENET DIRECT,PRD:IND:IND-GEODIS WHSE IND US,PBC-1000,1-Mar-24,
ACENET DIRECT,PRD:IND:IND-GEODIS WHSE IND US,PBC-1000,1-Apr-24,
ACENET DIRECT,PRD:IND:IND-GEODIS WHSE IND US,PBC-1000,1-May-24,
ACENET DIRECT,PRD:IND:IND-GEODIS WHSE IND US,PBC-1000,1-Jun-24,
ACENET DIRECT,PRD:IND:IND-GEODIS WHSE IND US,PBC-1000,1-Jul-24,
ACENET DIRECT,PRD:IND:IND-GEODIS WHSE IND US,PBC-1000,1-Aug-24,
ACENET DIRECT,PRD:IND:IND-GEODIS WHSE IND US,PBC-1000,1-Sep-24,
ACENET DIRECT,PRD:IND:IND-GEODIS WHSE IND US,PBC-1000,1-Oct-24,
ACENET DIRECT,PRD:IND:IND-GEODIS WHSE IND US,PBC-1000,1-Nov-24,
ACENET DIRECT,PRD:IND:IND-GEODIS WHSE IND US,PBC-1000,1-Dec-24,
ACENET DIRECT,PRD:IND:IND-GEODIS WHSE IND US,PBC-1000,1-Jan-25,
ACENET DIRECT,PRD:IND:IND-GEODIS WHSE IND US,PBC-1000,1-Feb-25,6
ACENET DIRECT,PRD:IND:IND-GEODIS WHSE IND US,PBC-1000,1-Mar-25,
ACENET DIRECT,PRD:IND:IND-GEODIS WHSE IND US,PBC-1000,1-Apr-25,
ACENET DIRECT,PRD:IND:IND-GEODIS WHSE IND US,PBC-1000,1-May-25,
ACENET DIRECT,PRD:IND:IND-GEODIS WHSE IND US,PBC-1000,1-Jun-25,
ACENET DIRECT,PRD:IND:IND-GEODIS WHSE IND US,PBC-1000,1-Jul-25,
ACENET DIRECT,PRD:IND:IND-GEODIS WHSE IND US,PBC-1000,1-Aug-25,
ACENET DIRECT,PRD:IND:IND-GEODIS WHSE IND US,PBC-1000,1-Sep-25,
ACENET DIRECT,PRD:IND:IND-GEODIS WHSE IND US,PBC-1000,1-Oct-25,
ACENET DIRECT,PRD:IND:IND-GEODIS WHSE IND US,PBC-1000,1-Nov-25,
ACENET DIRECT,PRD:IND:IND-GEODIS WHSE IND US,PBC-1000,1-Dec-25,
ACENET DIRECT,PRD:IND:IND-GEODIS WHSE IND US,PBC-1000,1-Jan-26,
ACENET DIRECT,PRD:IND:IND-GEODIS WHSE IND US,PBC-1000,1-Feb-26,
ACENET DIRECT,PRD:IND:IND-GEODIS WHSE IND US,PBC-1000,1-Mar-26,
ACENET DIRECT,PRD:IND:IND-GEODIS WHSE IND US,PBC-1000,1-Apr-26,
ADVANCED PET CARE CLINIC,PRD:IND:IND-GEODIS WHSE IND US,PAC00-14231,1-May-23,
ADVANCED PET CARE CLINIC,PRD:IND:IND-GEODIS WHSE IND US,PAC00-14231,1-Jun-23,
ADVANCED PET CARE CLINIC,PRD:IND:IND-GEODIS WHSE IND US,PAC00-14231,1-Jul-23,
ADVANCED PET CARE CLINIC,PRD:IND:IND-GEODIS WHSE IND US,PAC00-14231,1-Aug-23,
ADVANCED PET CARE CLINIC,PRD:IND:IND-GEODIS WHSE IND US,PAC00-14231,1-Sep-23,
ADVANCED PET CARE CLINIC,PRD:IND:IND-GEODIS WHSE IND US,PAC00-14231,1-Oct-23,
ADVANCED PET CARE CLINIC,PRD:IND:IND-GEODIS WHSE IND US,PAC00-14231,1-Nov-23,1
ADVANCED PET CARE CLINIC,PRD:IND:IND-GEODIS WHSE IND US,PAC00-14231,1-Dec-23,
ADVANCED PET CARE CLINIC,PRD:IND:IND-GEODIS WHSE IND US,PAC00-14231,1-Jan-24,
ADVANCED PET CARE CLINIC,PRD:IND:IND-GEODIS WHSE IND US,PAC00-14231,1-Feb-24,
ADVANCED PET CARE CLINIC,PRD:IND:IND-GEODIS WHSE IND US,PAC00-14231,1-Mar-24,
ADVANCED PET CARE CLINIC,PRD:IND:IND-GEODIS WHSE IND US,PAC00-14231,1-Apr-24,
ADVANCED PET CARE CLINIC,PRD:IND:IND-GEODIS WHSE IND US,PAC00-14231,1-May-24,
ADVANCED PET CARE CLINIC,PRD:IND:IND-GEODIS WHSE IND US,PAC00-14231,1-Jun-24,
ADVANCED PET CARE CLINIC,PRD:IND:IND-GEODIS WHSE IND US,PAC00-14231,1-Jul-24,
ADVANCED PET CARE CLINIC,PRD:IND:IND-GEODIS WHSE IND US,PAC00-14231,1-Aug-24,
ADVANCED PET CARE CLINIC,PRD:IND:IND-GEODIS WHSE IND US,PAC00-14231,1-Sep-24,
ADVANCED PET CARE CLINIC,PRD:IND:IND-GEODIS WHSE IND US,PAC00-14231,1-Oct-24,
ADVANCED PET CARE CLINIC,PRD:IND:IND-GEODIS WHSE IND US,PAC00-14231,1-Nov-24,
ADVANCED PET CARE CLINIC,PRD:IND:IND-GEODIS WHSE IND US,PAC00-14231,1-Dec-24,
ADVANCED PET CARE CLINIC,PRD:IND:IND-GEODIS WHSE IND US,PAC00-14231,1-Jan-25,
ADVANCED PET CARE CLINIC,PRD:IND:IND-GEODIS WHSE IND US,PAC00-14231,1-Feb-25,
ADVANCED PET CARE CLINIC,PRD:IND:IND-GEODIS WHSE IND US,PAC00-14231,1-Mar-25,
ADVANCED PET CARE CLINIC,PRD:IND:IND-GEODIS WHSE IND US,PAC00-14231,1-Apr-25,
ADVANCED PET CARE CLINIC,PRD:IND:IND-GEODIS WHSE IND US,PAC00-14231,1-May-25,
ADVANCED PET CARE CLINIC,PRD:IND:IND-GEODIS WHSE IND US,PAC00-14231,1-Jun-25,
ADVANCED PET CARE CLINIC,PRD:IND:IND-GEODIS WHSE IND US,PAC00-14231,1-Jul-25,
ADVANCED PET CARE CLINIC,PRD:IND:IND-GEODIS WHSE IND US,PAC00-14231,1-Aug-25,
ADVANCED PET CARE CLINIC,PRD:IND:IND-GEODIS WHSE IND US,PAC00-14231,1-Sep-25,
ADVANCED PET CARE CLINIC,PRD:IND:IND-GEODIS WHSE IND US,PAC00-14231,1-Oct-25,
ADVANCED PET CARE CLINIC,PRD:IND:IND-GEODIS WHSE IND US,PAC00-14231,1-Nov-25,
ADVANCED PET CARE CLINIC,PRD:IND:IND-GEODIS WHSE IND US,PAC00-14231,1-Dec-25,
ADVANCED PET CARE CLINIC,PRD:IND:IND-GEODIS WHSE IND US,PAC00-14231,1-Jan-26,
ADVANCED PET CARE CLINIC,PRD:IND:IND-GEODIS WHSE IND US,PAC00-14231,1-Feb-26,
ADVANCED PET CARE CLINIC,PRD:IND:IND-GEODIS WHSE IND US,PAC00-14231,1-Mar-26,
ADVANCED PET CARE CLINIC,PRD:IND:IND-GEODIS WHSE IND US,PAC00-14231,1-Apr-26,
AIRR PTY LTD,PRD:AU1:AU1-AUSTRALIA B2B B2C INV ORG,PAC00-14231,1-May-23,
AIRR PTY LTD,PRD:AU1:AU1-AUSTRALIA B2B B2C INV ORG,PAC00-14231,1-Jun-23,
AIRR PTY LTD,PRD:AU1:AU1-AUSTRALIA B2B B2C INV ORG,PAC00-14231,1-Jul-23,
AIRR PTY LTD,PRD:AU1:AU1-AUSTRALIA B2B B2C INV ORG,PAC00-14231,1-Aug-23,
AIRR PTY LTD,PRD:AU1:AU1-AUSTRALIA B2B B2C INV ORG,PAC00-14231,1-Sep-23,
AIRR PTY LTD,PRD:AU1:AU1-AUSTRALIA B2B B2C INV ORG,PAC00-14231,1-Oct-23,
AIRR PTY LTD,PRD:AU1:AU1-AUSTRALIA B2B B2C INV ORG,PAC00-14231,1-Nov-23,
AIRR PTY LTD,PRD:AU1:AU1-AUSTRALIA B2B B2C INV ORG,PAC00-14231,1-Dec-23,
AIRR PTY LTD,PRD:AU1:AU1-AUSTRALIA B2B B2C INV ORG,PAC00-14231,1-Jan-24,
AIRR PTY LTD,PRD:AU1:AU1-AUSTRALIA B2B B2C INV ORG,PAC00-14231,1-Feb-24,
AIRR PTY LTD,PRD:AU1:AU1-AUSTRALIA B2B B2C INV ORG,PAC00-14231,1-Mar-24,
AIRR PTY LTD,PRD:AU1:AU1-AUSTRALIA B2B B2C INV ORG,PAC00-14231,1-Apr-24,
AIRR PTY LTD,PRD:AU1:AU1-AUSTRALIA B2B B2C INV ORG,PAC00-14231,1-May-24,
AIRR PTY LTD,PRD:AU1:AU1-AUSTRALIA B2B B2C INV ORG,PAC00-14231,1-Jun-24,
AIRR PTY LTD,PRD:AU1:AU1-AUSTRALIA B2B B2C INV ORG,PAC00-14231,1-Jul-24,
AIRR PTY LTD,PRD:AU1:AU1-AUSTRALIA B2B B2C INV ORG,PAC00-14231,1-Aug-24,
AIRR PTY LTD,PRD:AU1:AU1-AUSTRALIA B2B B2C INV ORG,PAC00-14231,1-Sep-24,
AIRR PTY LTD,PRD:AU1:AU1-AUSTRALIA B2B B2C INV ORG,PAC00-14231,1-Oct-24,
AIRR PTY LTD,PRD:AU1:AU1-AUSTRALIA B2B B2C INV ORG,PAC00-14231,1-Nov-24,
AIRR PTY LTD,PRD:AU1:AU1-AUSTRALIA B2B B2C INV ORG,PAC00-14231,1-Dec-24,
AIRR PTY LTD,PRD:AU1:AU1-AUSTRALIA B2B B2C INV ORG,PAC00-14231,1-Jan-25,
AIRR PTY LTD,PRD:AU1:AU1-AUSTRALIA B2B B2C INV ORG,PAC00-14231,1-Feb-25,14
AIRR PTY LTD,PRD:AU1:AU1-AUSTRALIA B2B B2C INV ORG,PAC00-14231,1-Mar-25,21
AIRR PTY LTD,PRD:AU1:AU1-AUSTRALIA B2B B2C INV ORG,PAC00-14231,1-Apr-25,34
AIRR PTY LTD,PRD:AU1:AU1-AUSTRALIA B2B B2C INV ORG,PAC00-14231,1-May-25,12
AIRR PTY LTD,PRD:AU1:AU1-AUSTRALIA B2B B2C INV ORG,PAC00-14231,1-Jun-25,16
AIRR PTY LTD,PRD:AU1:AU1-AUSTRALIA B2B B2C INV ORG,PAC00-14231,1-Jul-25,10
AIRR PTY LTD,PRD:AU1:AU1-AUSTRALIA B2B B2C INV ORG,PAC00-14231,1-Aug-25,24
AIRR PTY LTD,PRD:AU1:AU1-AUSTRALIA B2B B2C INV ORG,PAC00-14231,1-Sep-25,10
AIRR PTY LTD,PRD:AU1:AU1-AUSTRALIA B2B B2C INV ORG,PAC00-14231,1-Oct-25,15
AIRR PTY LTD,PRD:AU1:AU1-AUSTRALIA B2B B2C INV ORG,PAC00-14231,1-Nov-25,17
AIRR PTY LTD,PRD:AU1:AU1-AUSTRALIA B2B B2C INV ORG,PAC00-14231,1-Dec-25,17
AIRR PTY LTD,PRD:AU1:AU1-AUSTRALIA B2B B2C INV ORG,PAC00-14231,1-Jan-26,12
AIRR PTY LTD,PRD:AU1:AU1-AUSTRALIA B2B B2C INV ORG,PAC00-14231,1-Feb-26,4
AIRR PTY LTD,PRD:AU1:AU1-AUSTRALIA B2B B2C INV ORG,PAC00-14231,1-Mar-26,28
AIRR PTY LTD,PRD:AU1:AU1-AUSTRALIA B2B B2C INV ORG,PAC00-14231,1-Apr-26,12
ALL 4 PETS - IVANHOE,PRD:AU1:AU1-AUSTRALIA B2B B2C INV ORG,PAC00-14231,1-May-23,
ALL 4 PETS - IVANHOE,PRD:AU1:AU1-AUSTRALIA B2B B2C INV ORG,PAC00-14231,1-Jun-23,
ALL 4 PETS - IVANHOE,PRD:AU1:AU1-AUSTRALIA B2B B2C INV ORG,PAC00-14231,1-Jul-23,
ALL 4 PETS - IVANHOE,PRD:AU1:AU1-AUSTRALIA B2B B2C INV ORG,PAC00-14231,1-Aug-23,
ALL 4 PETS - IVANHOE,PRD:AU1:AU1-AUSTRALIA B2B B2C INV ORG,PAC00-14231,1-Sep-23,
ALL 4 PETS - IVANHOE,PRD:AU1:AU1-AUSTRALIA B2B B2C INV ORG,PAC00-14231,1-Oct-23,
ALL 4 PETS - IVANHOE,PRD:AU1:AU1-AUSTRALIA B2B B2C INV ORG,PAC00-14231,1-Nov-23,
ALL 4 PETS - IVANHOE,PRD:AU1:AU1-AUSTRALIA B2B B2C INV ORG,PAC00-14231,1-Dec-23,
ALL 4 PETS - IVANHOE,PRD:AU1:AU1-AUSTRALIA B2B B2C INV ORG,PAC00-14231,1-Jan-24,
ALL 4 PETS - IVANHOE,PRD:AU1:AU1-AUSTRALIA B2B B2C INV ORG,PAC00-14231,1-Feb-24,
ALL 4 PETS - IVANHOE,PRD:AU1:AU1-AUSTRALIA B2B B2C INV ORG,PAC00-14231,1-Mar-24,
ALL 4 PETS - IVANHOE,PRD:AU1:AU1-AUSTRALIA B2B B2C INV ORG,PAC00-14231,1-Apr-24,
ALL 4 PETS - IVANHOE,PRD:AU1:AU1-AUSTRALIA B2B B2C INV ORG,PAC00-14231,1-May-24,
ALL 4 PETS - IVANHOE,PRD:AU1:AU1-AUSTRALIA B2B B2C INV ORG,PAC00-14231,1-Jun-24,
ALL 4 PETS - IVANHOE,PRD:AU1:AU1-AUSTRALIA B2B B2C INV ORG,PAC00-14231,1-Jul-24,
ALL 4 PETS - IVANHOE,PRD:AU1:AU1-AUSTRALIA B2B B2C INV ORG,PAC00-14231,1-Aug-24,
ALL 4 PETS - IVANHOE,PRD:AU1:AU1-AUSTRALIA B2B B2C INV ORG,PAC00-14231,1-Sep-24,
ALL 4 PETS - IVANHOE,PRD:AU1:AU1-AUSTRALIA B2B B2C INV ORG,PAC00-14231,1-Oct-24,
ALL 4 PETS - IVANHOE,PRD:AU1:AU1-AUSTRALIA B2B B2C INV ORG,PAC00-14231,1-Nov-24,
ALL 4 PETS - IVANHOE,PRD:AU1:AU1-AUSTRALIA B2B B2C INV ORG,PAC00-14231,1-Dec-24,
ALL 4 PETS - IVANHOE,PRD:AU1:AU1-AUSTRALIA B2B B2C INV ORG,PAC00-14231,1-Jan-25,
ALL 4 PETS - IVANHOE,PRD:AU1:AU1-AUSTRALIA B2B B2C INV ORG,PAC00-14231,1-Feb-25,
ALL 4 PETS - IVANHOE,PRD:AU1:AU1-AUSTRALIA B2B B2C INV ORG,PAC00-14231,1-Mar-25,
ALL 4 PETS - IVANHOE,PRD:AU1:AU1-AUSTRALIA B2B B2C INV ORG,PAC00-14231,1-Apr-25,4
ALL 4 PETS - IVANHOE,PRD:AU1:AU1-AUSTRALIA B2B B2C INV ORG,PAC00-14231,1-May-25,
ALL 4 PETS - IVANHOE,PRD:AU1:AU1-AUSTRALIA B2B B2C INV ORG,PAC00-14231,1-Jun-25,
ALL 4 PETS - IVANHOE,PRD:AU1:AU1-AUSTRALIA B2B B2C INV ORG,PAC00-14231,1-Jul-25,6
ALL 4 PETS - IVANHOE,PRD:AU1:AU1-AUSTRALIA B2B B2C INV ORG,PAC00-14231,1-Aug-25,
ALL 4 PETS - IVANHOE,PRD:AU1:AU1-AUSTRALIA B2B B2C INV ORG,PAC00-14231,1-Sep-25,
ALL 4 PETS - IVANHOE,PRD:AU1:AU1-AUSTRALIA B2B B2C INV ORG,PAC00-14231,1-Oct-25,
ALL 4 PETS - IVANHOE,PRD:AU1:AU1-AUSTRALIA B2B B2C INV ORG,PAC00-14231,1-Nov-25,
ALL 4 PETS - IVANHOE,PRD:AU1:AU1-AUSTRALIA B2B B2C INV ORG,PAC00-14231,1-Dec-25,
ALL 4 PETS - IVANHOE,PRD:AU1:AU1-AUSTRALIA B2B B2C INV ORG,PAC00-14231,1-Jan-26,
ALL 4 PETS - IVANHOE,PRD:AU1:AU1-AUSTRALIA B2B B2C INV ORG,PAC00-14231,1-Feb-26,
ALL 4 PETS - IVANHOE,PRD:AU1:AU1-AUSTRALIA B2B B2C INV ORG,PAC00-14231,1-Mar-26,
ALL 4 PETS - IVANHOE,PRD:AU1:AU1-AUSTRALIA B2B B2C INV ORG,PAC00-14231,1-Apr-26,
ALL BRIGHT CANINES,PRD:IND:IND-GEODIS WHSE IND US,PAC00-14231,1-May-23,
ALL BRIGHT CANINES,PRD:IND:IND-GEODIS WHSE IND US,PAC00-14231,1-Jun-23,
ALL BRIGHT CANINES,PRD:IND:IND-GEODIS WHSE IND US,PAC00-14231,1-Jul-23,
ALL BRIGHT CANINES,PRD:IND:IND-GEODIS WHSE IND US,PAC00-14231,1-Aug-23,
ALL BRIGHT CANINES,PRD:IND:IND-GEODIS WHSE IND US,PAC00-14231,1-Sep-23,
ALL BRIGHT CANINES,PRD:IND:IND-GEODIS WHSE IND US,PAC00-14231,1-Oct-23,
ALL BRIGHT CANINES,PRD:IND:IND-GEODIS WHSE IND US,PAC00-14231,1-Nov-23,
ALL BRIGHT CANINES,PRD:IND:IND-GEODIS WHSE IND US,PAC00-14231,1-Dec-23,10
ALL BRIGHT CANINES,PRD:IND:IND-GEODIS WHSE IND US,PAC00-14231,1-Jan-24,
ALL BRIGHT CANINES,PRD:IND:IND-GEODIS WHSE IND US,PAC00-14231,1-Feb-24,
ALL BRIGHT CANINES,PRD:IND:IND-GEODIS WHSE IND US,PAC00-14231,1-Mar-24,
ALL BRIGHT CANINES,PRD:IND:IND-GEODIS WHSE IND US,PAC00-14231,1-Apr-24,
ALL BRIGHT CANINES,PRD:IND:IND-GEODIS WHSE IND US,PAC00-14231,1-May-24,
ALL BRIGHT CANINES,PRD:IND:IND-GEODIS WHSE IND US,PAC00-14231,1-Jun-24,
ALL BRIGHT CANINES,PRD:IND:IND-GEODIS WHSE IND US,PAC00-14231,1-Jul-24,
ALL BRIGHT CANINES,PRD:IND:IND-GEODIS WHSE IND US,PAC00-14231,1-Aug-24,
ALL BRIGHT CANINES,PRD:IND:IND-GEODIS WHSE IND US,PAC00-14231,1-Sep-24,
ALL BRIGHT CANINES,PRD:IND:IND-GEODIS WHSE IND US,PAC00-14231,1-Oct-24,
ALL BRIGHT CANINES,PRD:IND:IND-GEODIS WHSE IND US,PAC00-14231,1-Nov-24,
ALL BRIGHT CANINES,PRD:IND:IND-GEODIS WHSE IND US,PAC00-14231,1-Dec-24,
ALL BRIGHT CANINES,PRD:IND:IND-GEODIS WHSE IND US,PAC00-14231,1-Jan-25,
ALL BRIGHT CANINES,PRD:IND:IND-GEODIS WHSE IND US,PAC00-14231,1-Feb-25,
ALL BRIGHT CANINES,PRD:IND:IND-GEODIS WHSE IND US,PAC00-14231,1-Mar-25,
ALL BRIGHT CANINES,PRD:IND:IND-GEODIS WHSE IND US,PAC00-14231,1-Apr-25,
ALL BRIGHT CANINES,PRD:IND:IND-GEODIS WHSE IND US,PAC00-14231,1-May-25,
ALL BRIGHT CANINES,PRD:IND:IND-GEODIS WHSE IND US,PAC00-14231,1-Jun-25,
ALL BRIGHT CANINES,PRD:IND:IND-GEODIS WHSE IND US,PAC00-14231,1-Jul-25,
ALL BRIGHT CANINES,PRD:IND:IND-GEODIS WHSE IND US,PAC00-14231,1-Aug-25,
ALL BRIGHT CANINES,PRD:IND:IND-GEODIS WHSE IND US,PAC00-14231,1-Sep-25,
ALL BRIGHT CANINES,PRD:IND:IND-GEODIS WHSE IND US,PAC00-14231,1-Oct-25,
ALL BRIGHT CANINES,PRD:IND:IND-GEODIS WHSE IND US,PAC00-14231,1-Nov-25,
ALL BRIGHT CANINES,PRD:IND:IND-GEODIS WHSE IND US,PAC00-14231,1-Dec-25,
ALL BRIGHT CANINES,PRD:IND:IND-GEODIS WHSE IND US,PAC00-14231,1-Jan-26,
ALL BRIGHT CANINES,PRD:IND:IND-GEODIS WHSE IND US,PAC00-14231,1-Feb-26,
ALL BRIGHT CANINES,PRD:IND:IND-GEODIS WHSE IND US,PAC00-14231,1-Mar-26,
ALL BRIGHT CANINES,PRD:IND:IND-GEODIS WHSE IND US,PAC00-14231,1-Apr-26,
ALLPET PRODUCTS,PRD:AU1:AU1-AUSTRALIA B2B B2C INV ORG,PAC00-14231,1-May-23,
ALLPET PRODUCTS,PRD:AU1:AU1-AUSTRALIA B2B B2C INV ORG,PAC00-14231,1-Jun-23,
ALLPET PRODUCTS,PRD:AU1:AU1-AUSTRALIA B2B B2C INV ORG,PAC00-14231,1-Jul-23,
ALLPET PRODUCTS,PRD:AU1:AU1-AUSTRALIA B2B B2C INV ORG,PAC00-14231,1-Aug-23,
ALLPET PRODUCTS,PRD:AU1:AU1-AUSTRALIA B2B B2C INV ORG,PAC00-14231,1-Sep-23,
ALLPET PRODUCTS,PRD:AU1:AU1-AUSTRALIA B2B B2C INV ORG,PAC00-14231,1-Oct-23,
ALLPET PRODUCTS,PRD:AU1:AU1-AUSTRALIA B2B B2C INV ORG,PAC00-14231,1-Nov-23,
ALLPET PRODUCTS,PRD:AU1:AU1-AUSTRALIA B2B B2C INV ORG,PAC00-14231,1-Dec-23,
ALLPET PRODUCTS,PRD:AU1:AU1-AUSTRALIA B2B B2C INV ORG,PAC00-14231,1-Jan-24,
ALLPET PRODUCTS,PRD:AU1:AU1-AUSTRALIA B2B B2C INV ORG,PAC00-14231,1-Feb-24,
ALLPET PRODUCTS,PRD:AU1:AU1-AUSTRALIA B2B B2C INV ORG,PAC00-14231,1-Mar-24,
ALLPET PRODUCTS,PRD:AU1:AU1-AUSTRALIA B2B B2C INV ORG,PAC00-14231,1-Apr-24,
ALLPET PRODUCTS,PRD:AU1:AU1-AUSTRALIA B2B B2C INV ORG,PAC00-14231,1-May-24,
ALLPET PRODUCTS,PRD:AU1:AU1-AUSTRALIA B2B B2C INV ORG,PAC00-14231,1-Jun-24,
ALLPET PRODUCTS,PRD:AU1:AU1-AUSTRALIA B2B B2C INV ORG,PAC00-14231,1-Jul-24,
ALLPET PRODUCTS,PRD:AU1:AU1-AUSTRALIA B2B B2C INV ORG,PAC00-14231,1-Aug-24,
ALLPET PRODUCTS,PRD:AU1:AU1-AUSTRALIA B2B B2C INV ORG,PAC00-14231,1-Sep-24,
ALLPET PRODUCTS,PRD:AU1:AU1-AUSTRALIA B2B B2C INV ORG,PAC00-14231,1-Oct-24,
ALLPET PRODUCTS,PRD:AU1:AU1-AUSTRALIA B2B B2C INV ORG,PAC00-14231,1-Nov-24,
ALLPET PRODUCTS,PRD:AU1:AU1-AUSTRALIA B2B B2C INV ORG,PAC00-14231,1-Dec-24,
ALLPET PRODUCTS,PRD:AU1:AU1-AUSTRALIA B2B B2C INV ORG,PAC00-14231,1-Jan-25,
ALLPET PRODUCTS,PRD:AU1:AU1-AUSTRALIA B2B B2C INV ORG,PAC00-14231,1-Feb-25,
ALLPET PRODUCTS,PRD:AU1:AU1-AUSTRALIA B2B B2C INV ORG,PAC00-14231,1-Mar-25,1
ALLPET PRODUCTS,PRD:AU1:AU1-AUSTRALIA B2B B2C INV ORG,PAC00-14231,1-Apr-25,2
ALLPET PRODUCTS,PRD:AU1:AU1-AUSTRALIA B2B B2C INV ORG,PAC00-14231,1-May-25,2
ALLPET PRODUCTS,PRD:AU1:AU1-AUSTRALIA B2B B2C INV ORG,PAC00-14231,1-Jun-25,7
ALLPET PRODUCTS,PRD:AU1:AU1-AUSTRALIA B2B B2C INV ORG,PAC00-14231,1-Jul-25,60
ALLPET PRODUCTS,PRD:AU1:AU1-AUSTRALIA B2B B2C INV ORG,PAC00-14231,1-Aug-25,24
ALLPET PRODUCTS,PRD:AU1:AU1-AUSTRALIA B2B B2C INV ORG,PAC00-14231,1-Sep-25,48
ALLPET PRODUCTS,PRD:AU1:AU1-AUSTRALIA B2B B2C INV ORG,PAC00-14231,1-Oct-25,48
ALLPET PRODUCTS,PRD:AU1:AU1-AUSTRALIA B2B B2C INV ORG,PAC00-14231,1-Nov-25,25
ALLPET PRODUCTS,PRD:AU1:AU1-AUSTRALIA B2B B2C INV ORG,PAC00-14231,1-Dec-25,30
ALLPET PRODUCTS,PRD:AU1:AU1-AUSTRALIA B2B B2C INV ORG,PAC00-14231,1-Jan-26,
ALLPET PRODUCTS,PRD:AU1:AU1-AUSTRALIA B2B B2C INV ORG,PAC00-14231,1-Feb-26,32
ALLPET PRODUCTS,PRD:AU1:AU1-AUSTRALIA B2B B2C INV ORG,PAC00-14231,1-Mar-26,30
ALLPET PRODUCTS,PRD:AU1:AU1-AUSTRALIA B2B B2C INV ORG,PAC00-14231,1-Apr-26,60
AMAZON DIRECT,PRD:IND:IND-GEODIS WHSE IND US,PAC00-14231,1-May-23,
AMAZON DIRECT,PRD:IND:IND-GEODIS WHSE IND US,PAC00-14231,1-Jun-23,
AMAZON DIRECT,PRD:IND:IND-GEODIS WHSE IND US,PAC00-14231,1-Jul-23,
AMAZON DIRECT,PRD:IND:IND-GEODIS WHSE IND US,PAC00-14231,1-Aug-23,
AMAZON DIRECT,PRD:IND:IND-GEODIS WHSE IND US,PAC00-14231,1-Sep-23,
AMAZON DIRECT,PRD:IND:IND-GEODIS WHSE IND US,PAC00-14231,1-Oct-23,
AMAZON DIRECT,PRD:IND:IND-GEODIS WHSE IND US,PAC00-14231,1-Nov-23,
AMAZON DIRECT,PRD:IND:IND-GEODIS WHSE IND US,PAC00-14231,1-Dec-23,291
AMAZON DIRECT,PRD:IND:IND-GEODIS WHSE IND US,PAC00-14231,1-Jan-24,65
AMAZON DIRECT,PRD:IND:IND-GEODIS WHSE IND US,PAC00-14231,1-Feb-24,25
AMAZON DIRECT,PRD:IND:IND-GEODIS WHSE IND US,PAC00-14231,1-Mar-24,114
AMAZON DIRECT,PRD:IND:IND-GEODIS WHSE IND US,PAC00-14231,1-Apr-24,157
AMAZON DIRECT,PRD:IND:IND-GEODIS WHSE IND US,PAC00-14231,1-May-24,179
AMAZON DIRECT,PRD:IND:IND-GEODIS WHSE IND US,PAC00-14231,1-Jun-24,656
AMAZON DIRECT,PRD:IND:IND-GEODIS WHSE IND US,PAC00-14231,1-Jul-24,552
AMAZON DIRECT,PRD:IND:IND-GEODIS WHSE IND US,PAC00-14231,1-Aug-24,542
AMAZON DIRECT,PRD:IND:IND-GEODIS WHSE IND US,PAC00-14231,1-Sep-24,1400
AMAZON DIRECT,PRD:IND:IND-GEODIS WHSE IND US,PAC00-14231,1-Oct-24,837
AMAZON DIRECT,PRD:IND:IND-GEODIS WHSE IND US,PAC00-14231,1-Nov-24,533
AMAZON DIRECT,PRD:IND:IND-GEODIS WHSE IND US,PAC00-14231,1-Dec-24,935
AMAZON DIRECT,PRD:IND:IND-GEODIS WHSE IND US,PAC00-14231,1-Jan-25,412
AMAZON DIRECT,PRD:IND:IND-GEODIS WHSE IND US,PAC00-14231,1-Feb-25,398
AMAZON DIRECT,PRD:IND:IND-GEODIS WHSE IND US,PAC00-14231,1-Mar-25,538
AMAZON DIRECT,PRD:IND:IND-GEODIS WHSE IND US,PAC00-14231,1-Apr-25,1262
AMAZON DIRECT,PRD:IND:IND-GEODIS WHSE IND US,PAC00-14231,1-May-25,404
AMAZON DIRECT,PRD:IND:IND-GEODIS WHSE IND US,PAC00-14231,1-Jun-25,479
AMAZON DIRECT,PRD:IND:IND-GEODIS WHSE IND US,PAC00-14231,1-Jul-25,1064
AMAZON DIRECT,PRD:IND:IND-GEODIS WHSE IND US,PAC00-14231,1-Aug-25,
AMAZON DIRECT,PRD:IND:IND-GEODIS WHSE IND US,PAC00-14231,1-Sep-25,
AMAZON DIRECT,PRD:IND:IND-GEODIS WHSE IND US,PAC00-14231,1-Oct-25,
AMAZON DIRECT,PRD:IND:IND-GEODIS WHSE IND US,PAC00-14231,1-Nov-25,
AMAZON DIRECT,PRD:IND:IND-GEODIS WHSE IND US,PAC00-14231,1-Dec-25,
AMAZON DIRECT,PRD:IND:IND-GEODIS WHSE IND US,PAC00-14231,1-Jan-26,
AMAZON DIRECT,PRD:IND:IND-GEODIS WHSE IND US,PAC00-14231,1-Feb-26,
AMAZON DIRECT,PRD:IND:IND-GEODIS WHSE IND US,PAC00-14231,1-Mar-26,
AMAZON DIRECT,PRD:IND:IND-GEODIS WHSE IND US,PAC00-14231,1-Apr-26,
AMAZON SERVICES AUSTRALIA,PRD:AU1:AU1-AUSTRALIA B2B B2C INV ORG,PAC00-14231,1-May-23,
AMAZON SERVICES AUSTRALIA,PRD:AU1:AU1-AUSTRALIA B2B B2C INV ORG,PAC00-14231,1-Jun-23,
AMAZON SERVICES AUSTRALIA,PRD:AU1:AU1-AUSTRALIA B2B B2C INV ORG,PAC00-14231,1-Jul-23,
AMAZON SERVICES AUSTRALIA,PRD:AU1:AU1-AUSTRALIA B2B B2C INV ORG,PAC00-14231,1-Aug-23,
AMAZON SERVICES AUSTRALIA,PRD:AU1:AU1-AUSTRALIA B2B B2C INV ORG,PAC00-14231,1-Sep-23,
AMAZON SERVICES AUSTRALIA,PRD:AU1:AU1-AUSTRALIA B2B B2C INV ORG,PAC00-14231,1-Oct-23,
AMAZON SERVICES AUSTRALIA,PRD:AU1:AU1-AUSTRALIA B2B B2C INV ORG,PAC00-14231,1-Nov-23,
AMAZON SERVICES AUSTRALIA,PRD:AU1:AU1-AUSTRALIA B2B B2C INV ORG,PAC00-14231,1-Dec-23,
AMAZON SERVICES AUSTRALIA,PRD:AU1:AU1-AUSTRALIA B2B B2C INV ORG,PAC00-14231,1-Jan-24,
AMAZON SERVICES AUSTRALIA,PRD:AU1:AU1-AUSTRALIA B2B B2C INV ORG,PAC00-14231,1-Feb-24,
AMAZON SERVICES AUSTRALIA,PRD:AU1:AU1-AUSTRALIA B2B B2C INV ORG,PAC00-14231,1-Mar-24,
AMAZON SERVICES AUSTRALIA,PRD:AU1:AU1-AUSTRALIA B2B B2C INV ORG,PAC00-14231,1-Apr-24,
AMAZON SERVICES AUSTRALIA,PRD:AU1:AU1-AUSTRALIA B2B B2C INV ORG,PAC00-14231,1-May-24,
AMAZON SERVICES AUSTRALIA,PRD:AU1:AU1-AUSTRALIA B2B B2C INV ORG,PAC00-14231,1-Jun-24,
AMAZON SERVICES AUSTRALIA,PRD:AU1:AU1-AUSTRALIA B2B B2C INV ORG,PAC00-14231,1-Jul-24,
AMAZON SERVICES AUSTRALIA,PRD:AU1:AU1-AUSTRALIA B2B B2C INV ORG,PAC00-14231,1-Aug-24,
AMAZON SERVICES AUSTRALIA,PRD:AU1:AU1-AUSTRALIA B2B B2C INV ORG,PAC00-14231,1-Sep-24,
AMAZON SERVICES AUSTRALIA,PRD:AU1:AU1-AUSTRALIA B2B B2C INV ORG,PAC00-14231,1-Oct-24,
AMAZON SERVICES AUSTRALIA,PRD:AU1:AU1-AUSTRALIA B2B B2C INV ORG,PAC00-14231,1-Nov-24,
AMAZON SERVICES AUSTRALIA,PRD:AU1:AU1-AUSTRALIA B2B B2C INV ORG,PAC00-14231,1-Dec-24,
AMAZON SERVICES AUSTRALIA,PRD:AU1:AU1-AUSTRALIA B2B B2C INV ORG,PAC00-14231,1-Jan-25,
AMAZON SERVICES AUSTRALIA,PRD:AU1:AU1-AUSTRALIA B2B B2C INV ORG,PAC00-14231,1-Feb-25,75
AMAZON SERVICES AUSTRALIA,PRD:AU1:AU1-AUSTRALIA B2B B2C INV ORG,PAC00-14231,1-Mar-25,99
AMAZON SERVICES AUSTRALIA,PRD:AU1:AU1-AUSTRALIA B2B B2C INV ORG,PAC00-14231,1-Apr-25,789
AMAZON SERVICES AUSTRALIA,PRD:AU1:AU1-AUSTRALIA B2B B2C INV ORG,PAC00-14231,1-May-25,783
AMAZON SERVICES AUSTRALIA,PRD:AU1:AU1-AUSTRALIA B2B B2C INV ORG,PAC00-14231,1-Jun-25,156
AMAZON SERVICES AUSTRALIA,PRD:AU1:AU1-AUSTRALIA B2B B2C INV ORG,PAC00-14231,1-Jul-25,240
AMAZON SERVICES AUSTRALIA,PRD:AU1:AU1-AUSTRALIA B2B B2C INV ORG,PAC00-14231,1-Aug-25,327
AMAZON SERVICES AUSTRALIA,PRD:AU1:AU1-AUSTRALIA B2B B2C INV ORG,PAC00-14231,1-Sep-25,501
AMAZON SERVICES AUSTRALIA,PRD:AU1:AU1-AUSTRALIA B2B B2C INV ORG,PAC00-14231,1-Oct-25,450
AMAZON SERVICES AUSTRALIA,PRD:AU1:AU1-AUSTRALIA B2B B2C INV ORG,PAC00-14231,1-Nov-25,624
AMAZON SERVICES AUSTRALIA,PRD:AU1:AU1-AUSTRALIA B2B B2C INV ORG,PAC00-14231,1-Dec-25,294
AMAZON SERVICES AUSTRALIA,PRD:AU1:AU1-AUSTRALIA B2B B2C INV ORG,PAC00-14231,1-Jan-26,471
AMAZON SERVICES AUSTRALIA,PRD:AU1:AU1-AUSTRALIA B2B B2C INV ORG,PAC00-14231,1-Feb-26,303
AMAZON SERVICES AUSTRALIA,PRD:AU1:AU1-AUSTRALIA B2B B2C INV ORG,PAC00-14231,1-Mar-26,423
AMAZON SERVICES AUSTRALIA,PRD:AU1:AU1-AUSTRALIA B2B B2C INV ORG,PAC00-14231,1-Apr-26,966
AMAZON.COM,PRD:IND:IND-GEODIS WHSE IND US,PAC00-14231,1-May-23,36165
AMAZON.COM,PRD:IND:IND-GEODIS WHSE IND US,PAC00-14231,1-Jun-23,37695
AMAZON.COM,PRD:IND:IND-GEODIS WHSE IND US,PAC00-14231,1-Jul-23,26860
AMAZON.COM,PRD:IND:IND-GEODIS WHSE IND US,PAC00-14231,1-Aug-23,16619
AMAZON.COM,PRD:IND:IND-GEODIS WHSE IND US,PAC00-14231,1-Sep-23,33163
AMAZON.COM,PRD:IND:IND-GEODIS WHSE IND US,PAC00-14231,1-Oct-23,32505
AMAZON.COM,PRD:IND:IND-GEODIS WHSE IND US,PAC00-14231,1-Nov-23,27516
AMAZON.COM,PRD:IND:IND-GEODIS WHSE IND US,PAC00-14231,1-Dec-23,20286
AMAZON.COM,PRD:IND:IND-GEODIS WHSE IND US,PAC00-14231,1-Jan-24,31118
AMAZON.COM,PRD:IND:IND-GEODIS WHSE IND US,PAC00-14231,1-Feb-24,27145
AMAZON.COM,PRD:IND:IND-GEODIS WHSE IND US,PAC00-14231,1-Mar-24,28719
AMAZON.COM,PRD:IND:IND-GEODIS WHSE IND US,PAC00-14231,1-Apr-24,35673
AMAZON.COM,PRD:IND:IND-GEODIS WHSE IND US,PAC00-14231,1-May-24,28244
AMAZON.COM,PRD:IND:IND-GEODIS WHSE IND US,PAC00-14231,1-Jun-24,24961
AMAZON.COM,PRD:IND:IND-GEODIS WHSE IND US,PAC00-14231,1-Jul-24,35881
AMAZON.COM,PRD:IND:IND-GEODIS WHSE IND US,PAC00-14231,1-Aug-24,30348
AMAZON.COM,PRD:IND:IND-GEODIS WHSE IND US,PAC00-14231,1-Sep-24,30034
AMAZON.COM,PRD:IND:IND-GEODIS WHSE IND US,PAC00-14231,1-Oct-24,43272
AMAZON.COM,PRD:IND:IND-GEODIS WHSE IND US,PAC00-14231,1-Nov-24,26253
AMAZON.COM,PRD:IND:IND-GEODIS WHSE IND US,PAC00-14231,1-Dec-24,17323
AMAZON.COM,PRD:IND:IND-GEODIS WHSE IND US,PAC00-14231,1-Jan-25,31597
AMAZON.COM,PRD:IND:IND-GEODIS WHSE IND US,PAC00-14231,1-Feb-25,27126
AMAZON.COM,PRD:IND:IND-GEODIS WHSE IND US,PAC00-14231,1-Mar-25,17729
AMAZON.COM,PRD:IND:IND-GEODIS WHSE IND US,PAC00-14231,1-Apr-25,24972
AMAZON.COM,PRD:IND:IND-GEODIS WHSE IND US,PAC00-14231,1-May-25,27182
AMAZON.COM,PRD:IND:IND-GEODIS WHSE IND US,PAC00-14231,1-Jun-25,27149
AMAZON.COM,PRD:IND:IND-GEODIS WHSE IND US,PAC00-14231,1-Jul-25,22073
AMAZON.COM,PRD:IND:IND-GEODIS WHSE IND US,PAC00-14231,1-Aug-25,48189
AMAZON.COM,PRD:IND:IND-GEODIS WHSE IND US,PAC00-14231,1-Sep-25,47656
AMAZON.COM,PRD:IND:IND-GEODIS WHSE IND US,PAC00-14231,1-Oct-25,11563
AMAZON.COM,PRD:IND:IND-GEODIS WHSE IND US,PAC00-14231,1-Nov-25,14989
AMAZON.COM,PRD:IND:IND-GEODIS WHSE IND US,PAC00-14231,1-Dec-25,43471
AMAZON.COM,PRD:IND:IND-GEODIS WHSE IND US,PAC00-14231,1-Jan-26,26125
AMAZON.COM,PRD:IND:IND-GEODIS WHSE IND US,PAC00-14231,1-Feb-26,18263
AMAZON.COM,PRD:IND:IND-GEODIS WHSE IND US,PAC00-14231,1-Mar-26,18933
AMAZON.COM,PRD:IND:IND-GEODIS WHSE IND US,PAC00-14231,1-Apr-26,28639
AMAZON.COM,PRD:IND:IND-GEODIS WHSE IND US,PBC-1000,1-May-23,96
AMAZON.COM,PRD:IND:IND-GEODIS WHSE IND US,PBC-1000,1-Jun-23,
AMAZON.COM,PRD:IND:IND-GEODIS WHSE IND US,PBC-1000,1-Jul-23,
AMAZON.COM,PRD:IND:IND-GEODIS WHSE IND US,PBC-1000,1-Aug-23,
AMAZON.COM,PRD:IND:IND-GEODIS WHSE IND US,PBC-1000,1-Sep-23,
AMAZON.COM,PRD:IND:IND-GEODIS WHSE IND US,PBC-1000,1-Oct-23,78
AMAZON.COM,PRD:IND:IND-GEODIS WHSE IND US,PBC-1000,1-Nov-23,108
AMAZON.COM,PRD:IND:IND-GEODIS WHSE IND US,PBC-1000,1-Dec-23,96
AMAZON.COM,PRD:IND:IND-GEODIS WHSE IND US,PBC-1000,1-Jan-24,192
AMAZON.COM,PRD:IND:IND-GEODIS WHSE IND US,PBC-1000,1-Feb-24,90
AMAZON.COM,PRD:IND:IND-GEODIS WHSE IND US,PBC-1000,1-Mar-24,204
AMAZON.COM,PRD:IND:IND-GEODIS WHSE IND US,PBC-1000,1-Apr-24,276
AMAZON.COM,PRD:IND:IND-GEODIS WHSE IND US,PBC-1000,1-May-24,384
AMAZON.COM,PRD:IND:IND-GEODIS WHSE IND US,PBC-1000,1-Jun-24,162
AMAZON.COM,PRD:IND:IND-GEODIS WHSE IND US,PBC-1000,1-Jul-24,42
AMAZON.COM,PRD:IND:IND-GEODIS WHSE IND US,PBC-1000,1-Aug-24,108
AMAZON.COM,PRD:IND:IND-GEODIS WHSE IND US,PBC-1000,1-Sep-24,132
AMAZON.COM,PRD:IND:IND-GEODIS WHSE IND US,PBC-1000,1-Oct-24,456
AMAZON.COM,PRD:IND:IND-GEODIS WHSE IND US,PBC-1000,1-Nov-24,66
AMAZON.COM,PRD:IND:IND-GEODIS WHSE IND US,PBC-1000,1-Dec-24,30
AMAZON.COM,PRD:IND:IND-GEODIS WHSE IND US,PBC-1000,1-Jan-25,246
AMAZON.COM,PRD:IND:IND-GEODIS WHSE IND US,PBC-1000,1-Feb-25,822
AMAZON.COM,PRD:IND:IND-GEODIS WHSE IND US,PBC-1000,1-Mar-25,6
AMAZON.COM,PRD:IND:IND-GEODIS WHSE IND US,PBC-1000,1-Apr-25,24
AMAZON.COM,PRD:IND:IND-GEODIS WHSE IND US,PBC-1000,1-May-25,300
AMAZON.COM,PRD:IND:IND-GEODIS WHSE IND US,PBC-1000,1-Jun-25,378
AMAZON.COM,PRD:IND:IND-GEODIS WHSE IND US,PBC-1000,1-Jul-25,312
AMAZON.COM,PRD:IND:IND-GEODIS WHSE IND US,PBC-1000,1-Aug-25,438
AMAZON.COM,PRD:IND:IND-GEODIS WHSE IND US,PBC-1000,1-Sep-25,114
AMAZON.COM,PRD:IND:IND-GEODIS WHSE IND US,PBC-1000,1-Oct-25,
AMAZON.COM,PRD:IND:IND-GEODIS WHSE IND US,PBC-1000,1-Nov-25,6
AMAZON.COM,PRD:IND:IND-GEODIS WHSE IND US,PBC-1000,1-Dec-25,24
AMAZON.COM,PRD:IND:IND-GEODIS WHSE IND US,PBC-1000,1-Jan-26,102
AMAZON.COM,PRD:IND:IND-GEODIS WHSE IND US,PBC-1000,1-Feb-26,72
AMAZON.COM,PRD:IND:IND-GEODIS WHSE IND US,PBC-1000,1-Mar-26,216
AMAZON.COM,PRD:IND:IND-GEODIS WHSE IND US,PBC-1000,1-Apr-26,216
AMAZON.COM,PRD:WCB:WCB-WEST COAST B2B INV ORG,PAC00-14231,1-May-23,10499
AMAZON.COM,PRD:WCB:WCB-WEST COAST B2B INV ORG,PAC00-14231,1-Jun-23,10674
AMAZON.COM,PRD:WCB:WCB-WEST COAST B2B INV ORG,PAC00-14231,1-Jul-23,5486
AMAZON.COM,PRD:WCB:WCB-WEST COAST B2B INV ORG,PAC00-14231,1-Aug-23,1188
AMAZON.COM,PRD:WCB:WCB-WEST COAST B2B INV ORG,PAC00-14231,1-Sep-23,6548
AMAZON.COM,PRD:WCB:WCB-WEST COAST B2B INV ORG,PAC00-14231,1-Oct-23,7370
AMAZON.COM,PRD:WCB:WCB-WEST COAST B2B INV ORG,PAC00-14231,1-Nov-23,10273
AMAZON.COM,PRD:WCB:WCB-WEST COAST B2B INV ORG,PAC00-14231,1-Dec-23,11637
AMAZON.COM,PRD:WCB:WCB-WEST COAST B2B INV ORG,PAC00-14231,1-Jan-24,7345
AMAZON.COM,PRD:WCB:WCB-WEST COAST B2B INV ORG,PAC00-14231,1-Feb-24,8326
AMAZON.COM,PRD:WCB:WCB-WEST COAST B2B INV ORG,PAC00-14231,1-Mar-24,8897
AMAZON.COM,PRD:WCB:WCB-WEST COAST B2B INV ORG,PAC00-14231,1-Apr-24,10842
AMAZON.COM,PRD:WCB:WCB-WEST COAST B2B INV ORG,PAC00-14231,1-May-24,8804
AMAZON.COM,PRD:WCB:WCB-WEST COAST B2B INV ORG,PAC00-14231,1-Jun-24,6530
AMAZON.COM,PRD:WCB:WCB-WEST COAST B2B INV ORG,PAC00-14231,1-Jul-24,11953
AMAZON.COM,PRD:WCB:WCB-WEST COAST B2B INV ORG,PAC00-14231,1-Aug-24,9189
AMAZON.COM,PRD:WCB:WCB-WEST COAST B2B INV ORG,PAC00-14231,1-Sep-24,10574
AMAZON.COM,PRD:WCB:WCB-WEST COAST B2B INV ORG,PAC00-14231,1-Oct-24,13590
AMAZON.COM,PRD:WCB:WCB-WEST COAST B2B INV ORG,PAC00-14231,1-Nov-24,10188
AMAZON.COM,PRD:WCB:WCB-WEST COAST B2B INV ORG,PAC00-14231,1-Dec-24,4906
AMAZON.COM,PRD:WCB:WCB-WEST COAST B2B INV ORG,PAC00-14231,1-Jan-25,6371
AMAZON.COM,PRD:WCB:WCB-WEST COAST B2B INV ORG,PAC00-14231,1-Feb-25,8995
AMAZON.COM,PRD:WCB:WCB-WEST COAST B2B INV ORG,PAC00-14231,1-Mar-25,7133
AMAZON.COM,PRD:WCB:WCB-WEST COAST B2B INV ORG,PAC00-14231,1-Apr-25,9818
AMAZON.COM,PRD:WCB:WCB-WEST COAST B2B INV ORG,PAC00-14231,1-May-25,7408
AMAZON.COM,PRD:WCB:WCB-WEST COAST B2B INV ORG,PAC00-14231,1-Jun-25,7953
AMAZON.COM,PRD:WCB:WCB-WEST COAST B2B INV ORG,PAC00-14231,1-Jul-25,10599
AMAZON.COM,PRD:WCB:WCB-WEST COAST B2B INV ORG,PAC00-14231,1-Aug-25,15039
AMAZON.COM,PRD:WCB:WCB-WEST COAST B2B INV ORG,PAC00-14231,1-Sep-25,23622
AMAZON.COM,PRD:WCB:WCB-WEST COAST B2B INV ORG,PAC00-14231,1-Oct-25,2130
AMAZON.COM,PRD:WCB:WCB-WEST COAST B2B INV ORG,PAC00-14231,1-Nov-25,3956
AMAZON.COM,PRD:WCB:WCB-WEST COAST B2B INV ORG,PAC00-14231,1-Dec-25,14525
AMAZON.COM,PRD:WCB:WCB-WEST COAST B2B INV ORG,PAC00-14231,1-Jan-26,8446
AMAZON.COM,PRD:WCB:WCB-WEST COAST B2B INV ORG,PAC00-14231,1-Feb-26,4135
AMAZON.COM,PRD:WCB:WCB-WEST COAST B2B INV ORG,PAC00-14231,1-Mar-26,11829
AMAZON.COM,PRD:WCB:WCB-WEST COAST B2B INV ORG,PAC00-14231,1-Apr-26,11045
AMAZON.COM,PRD:WCB:WCB-WEST COAST B2B INV ORG,PBC-1000,1-May-23,2196
AMAZON.COM,PRD:WCB:WCB-WEST COAST B2B INV ORG,PBC-1000,1-Jun-23,
AMAZON.COM,PRD:WCB:WCB-WEST COAST B2B INV ORG,PBC-1000,1-Jul-23,
AMAZON.COM,PRD:WCB:WCB-WEST COAST B2B INV ORG,PBC-1000,1-Aug-23,
AMAZON.COM,PRD:WCB:WCB-WEST COAST B2B INV ORG,PBC-1000,1-Sep-23,
AMAZON.COM,PRD:WCB:WCB-WEST COAST B2B INV ORG,PBC-1000,1-Oct-23,
AMAZON.COM,PRD:WCB:WCB-WEST COAST B2B INV ORG,PBC-1000,1-Nov-23,48
AMAZON.COM,PRD:WCB:WCB-WEST COAST B2B INV ORG,PBC-1000,1-Dec-23,114
AMAZON.COM,PRD:WCB:WCB-WEST COAST B2B INV ORG,PBC-1000,1-Jan-24,150
AMAZON.COM,PRD:WCB:WCB-WEST COAST B2B INV ORG,PBC-1000,1-Feb-24,60
AMAZON.COM,PRD:WCB:WCB-WEST COAST B2B INV ORG,PBC-1000,1-Mar-24,138
AMAZON.COM,PRD:WCB:WCB-WEST COAST B2B INV ORG,PBC-1000,1-Apr-24,174
AMAZON.COM,PRD:WCB:WCB-WEST COAST B2B INV ORG,PBC-1000,1-May-24,156
AMAZON.COM,PRD:WCB:WCB-WEST COAST B2B INV ORG,PBC-1000,1-Jun-24,204
AMAZON.COM,PRD:WCB:WCB-WEST COAST B2B INV ORG,PBC-1000,1-Jul-24,48
AMAZON.COM,PRD:WCB:WCB-WEST COAST B2B INV ORG,PBC-1000,1-Aug-24,342
AMAZON.COM,PRD:WCB:WCB-WEST COAST B2B INV ORG,PBC-1000,1-Sep-24,24
AMAZON.COM,PRD:WCB:WCB-WEST COAST B2B INV ORG,PBC-1000,1-Oct-24,
AMAZON.COM,PRD:WCB:WCB-WEST COAST B2B INV ORG,PBC-1000,1-Nov-24,42
AMAZON.COM,PRD:WCB:WCB-WEST COAST B2B INV ORG,PBC-1000,1-Dec-24,78
AMAZON.COM,PRD:WCB:WCB-WEST COAST B2B INV ORG,PBC-1000,1-Jan-25,138
AMAZON.COM,PRD:WCB:WCB-WEST COAST B2B INV ORG,PBC-1000,1-Feb-25,282
AMAZON.COM,PRD:WCB:WCB-WEST COAST B2B INV ORG,PBC-1000,1-Mar-25,
AMAZON.COM,PRD:WCB:WCB-WEST COAST B2B INV ORG,PBC-1000,1-Apr-25,6
AMAZON.COM,PRD:WCB:WCB-WEST COAST B2B INV ORG,PBC-1000,1-May-25,60
AMAZON.COM,PRD:WCB:WCB-WEST COAST B2B INV ORG,PBC-1000,1-Jun-25,156
AMAZON.COM,PRD:WCB:WCB-WEST COAST B2B INV ORG,PBC-1000,1-Jul-25,180
AMAZON.COM,PRD:WCB:WCB-WEST COAST B2B INV ORG,PBC-1000,1-Aug-25,114
AMAZON.COM,PRD:WCB:WCB-WEST COAST B2B INV ORG,PBC-1000,1-Sep-25,66
AMAZON.COM,PRD:WCB:WCB-WEST COAST B2B INV ORG,PBC-1000,1-Oct-25,
AMAZON.COM,PRD:WCB:WCB-WEST COAST B2B INV ORG,PBC-1000,1-Nov-25,
AMAZON.COM,PRD:WCB:WCB-WEST COAST B2B INV ORG,PBC-1000,1-Dec-25,60
AMAZON.COM,PRD:WCB:WCB-WEST COAST B2B INV ORG,PBC-1000,1-Jan-26,78
AMAZON.COM,PRD:WCB:WCB-WEST COAST B2B INV ORG,PBC-1000,1-Feb-26,48
AMAZON.COM,PRD:WCB:WCB-WEST COAST B2B INV ORG,PBC-1000,1-Mar-26,216
AMAZON.COM,PRD:WCB:WCB-WEST COAST B2B INV ORG,PBC-1000,1-Apr-26,120
AMAZON.COM.CA.ULC,PRD:IND:IND-GEODIS WHSE IND US,PAC00-14231,1-May-23,229
AMAZON.COM.CA.ULC,PRD:IND:IND-GEODIS WHSE IND US,PAC00-14231,1-Jun-23,
AMAZON.COM.CA.ULC,PRD:IND:IND-GEODIS WHSE IND US,PAC00-14231,1-Jul-23,664
AMAZON.COM.CA.ULC,PRD:IND:IND-GEODIS WHSE IND US,PAC00-14231,1-Aug-23,798
AMAZON.COM.CA.ULC,PRD:IND:IND-GEODIS WHSE IND US,PAC00-14231,1-Sep-23,
AMAZON.COM.CA.ULC,PRD:IND:IND-GEODIS WHSE IND US,PAC00-14231,1-Oct-23,
AMAZON.COM.CA.ULC,PRD:IND:IND-GEODIS WHSE IND US,PAC00-14231,1-Nov-23,632
AMAZON.COM.CA.ULC,PRD:IND:IND-GEODIS WHSE IND US,PAC00-14231,1-Dec-23,1253
AMAZON.COM.CA.ULC,PRD:IND:IND-GEODIS WHSE IND US,PAC00-14231,1-Jan-24,
AMAZON.COM.CA.ULC,PRD:IND:IND-GEODIS WHSE IND US,PAC00-14231,1-Feb-24,1413
AMAZON.COM.CA.ULC,PRD:IND:IND-GEODIS WHSE IND US,PAC00-14231,1-Mar-24,591
AMAZON.COM.CA.ULC,PRD:IND:IND-GEODIS WHSE IND US,PAC00-14231,1-Apr-24,537
AMAZON.COM.CA.ULC,PRD:IND:IND-GEODIS WHSE IND US,PAC00-14231,1-May-24,
AMAZON.COM.CA.ULC,PRD:IND:IND-GEODIS WHSE IND US,PAC00-14231,1-Jun-24,
AMAZON.COM.CA.ULC,PRD:IND:IND-GEODIS WHSE IND US,PAC00-14231,1-Jul-24,
AMAZON.COM.CA.ULC,PRD:IND:IND-GEODIS WHSE IND US,PAC00-14231,1-Aug-24,436
AMAZON.COM.CA.ULC,PRD:IND:IND-GEODIS WHSE IND US,PAC00-14231,1-Sep-24,875
AMAZON.COM.CA.ULC,PRD:IND:IND-GEODIS WHSE IND US,PAC00-14231,1-Oct-24,1531
AMAZON.COM.CA.ULC,PRD:IND:IND-GEODIS WHSE IND US,PAC00-14231,1-Nov-24,
AMAZON.COM.CA.ULC,PRD:IND:IND-GEODIS WHSE IND US,PAC00-14231,1-Dec-24,640
AMAZON.COM.CA.ULC,PRD:IND:IND-GEODIS WHSE IND US,PAC00-14231,1-Jan-25,309
AMAZON.COM.CA.ULC,PRD:IND:IND-GEODIS WHSE IND US,PAC00-14231,1-Feb-25,
AMAZON.COM.CA.ULC,PRD:IND:IND-GEODIS WHSE IND US,PAC00-14231,1-Mar-25,
AMAZON.COM.CA.ULC,PRD:IND:IND-GEODIS WHSE IND US,PAC00-14231,1-Apr-25,
AMAZON.COM.CA.ULC,PRD:IND:IND-GEODIS WHSE IND US,PAC00-14231,1-May-25,602
AMAZON.COM.CA.ULC,PRD:IND:IND-GEODIS WHSE IND US,PAC00-14231,1-Jun-25,
AMAZON.COM.CA.ULC,PRD:IND:IND-GEODIS WHSE IND US,PAC00-14231,1-Jul-25,
AMAZON.COM.CA.ULC,PRD:IND:IND-GEODIS WHSE IND US,PAC00-14231,1-Aug-25,
AMAZON.COM.CA.ULC,PRD:IND:IND-GEODIS WHSE IND US,PAC00-14231,1-Sep-25,
AMAZON.COM.CA.ULC,PRD:IND:IND-GEODIS WHSE IND US,PAC00-14231,1-Oct-25,
AMAZON.COM.CA.ULC,PRD:IND:IND-GEODIS WHSE IND US,PAC00-14231,1-Nov-25,
AMAZON.COM.CA.ULC,PRD:IND:IND-GEODIS WHSE IND US,PAC00-14231,1-Dec-25,
AMAZON.COM.CA.ULC,PRD:IND:IND-GEODIS WHSE IND US,PAC00-14231,1-Jan-26,
AMAZON.COM.CA.ULC,PRD:IND:IND-GEODIS WHSE IND US,PAC00-14231,1-Feb-26,
AMAZON.COM.CA.ULC,PRD:IND:IND-GEODIS WHSE IND US,PAC00-14231,1-Mar-26,
AMAZON.COM.CA.ULC,PRD:IND:IND-GEODIS WHSE IND US,PAC00-14231,1-Apr-26,
AMAZON.COM.CA.ULC,PRD:IND:IND-GEODIS WHSE IND US,PBC-1000,1-May-23,
AMAZON.COM.CA.ULC,PRD:IND:IND-GEODIS WHSE IND US,PBC-1000,1-Jun-23,
AMAZON.COM.CA.ULC,PRD:IND:IND-GEODIS WHSE IND US,PBC-1000,1-Jul-23,
AMAZON.COM.CA.ULC,PRD:IND:IND-GEODIS WHSE IND US,PBC-1000,1-Aug-23,
AMAZON.COM.CA.ULC,PRD:IND:IND-GEODIS WHSE IND US,PBC-1000,1-Sep-23,
AMAZON.COM.CA.ULC,PRD:IND:IND-GEODIS WHSE IND US,PBC-1000,1-Oct-23,
AMAZON.COM.CA.ULC,PRD:IND:IND-GEODIS WHSE IND US,PBC-1000,1-Nov-23,
AMAZON.COM.CA.ULC,PRD:IND:IND-GEODIS WHSE IND US,PBC-1000,1-Dec-23,
AMAZON.COM.CA.ULC,PRD:IND:IND-GEODIS WHSE IND US,PBC-1000,1-Jan-24,
AMAZON.COM.CA.ULC,PRD:IND:IND-GEODIS WHSE IND US,PBC-1000,1-Feb-24,
AMAZON.COM.CA.ULC,PRD:IND:IND-GEODIS WHSE IND US,PBC-1000,1-Mar-24,
AMAZON.COM.CA.ULC,PRD:IND:IND-GEODIS WHSE IND US,PBC-1000,1-Apr-24,
AMAZON.COM.CA.ULC,PRD:IND:IND-GEODIS WHSE IND US,PBC-1000,1-May-24,
AMAZON.COM.CA.ULC,PRD:IND:IND-GEODIS WHSE IND US,PBC-1000,1-Jun-24,
AMAZON.COM.CA.ULC,PRD:IND:IND-GEODIS WHSE IND US,PBC-1000,1-Jul-24,
AMAZON.COM.CA.ULC,PRD:IND:IND-GEODIS WHSE IND US,PBC-1000,1-Aug-24,
AMAZON.COM.CA.ULC,PRD:IND:IND-GEODIS WHSE IND US,PBC-1000,1-Sep-24,
AMAZON.COM.CA.ULC,PRD:IND:IND-GEODIS WHSE IND US,PBC-1000,1-Oct-24,6
AMAZON.COM.CA.ULC,PRD:IND:IND-GEODIS WHSE IND US,PBC-1000,1-Nov-24,36
AMAZON.COM.CA.ULC,PRD:IND:IND-GEODIS WHSE IND US,PBC-1000,1-Dec-24,12
AMAZON.COM.CA.ULC,PRD:IND:IND-GEODIS WHSE IND US,PBC-1000,1-Jan-25,
AMAZON.COM.CA.ULC,PRD:IND:IND-GEODIS WHSE IND US,PBC-1000,1-Feb-25,
AMAZON.COM.CA.ULC,PRD:IND:IND-GEODIS WHSE IND US,PBC-1000,1-Mar-25,
AMAZON.COM.CA.ULC,PRD:IND:IND-GEODIS WHSE IND US,PBC-1000,1-Apr-25,
AMAZON.COM.CA.ULC,PRD:IND:IND-GEODIS WHSE IND US,PBC-1000,1-May-25,
AMAZON.COM.CA.ULC,PRD:IND:IND-GEODIS WHSE IND US,PBC-1000,1-Jun-25,
AMAZON.COM.CA.ULC,PRD:IND:IND-GEODIS WHSE IND US,PBC-1000,1-Jul-25,
AMAZON.COM.CA.ULC,PRD:IND:IND-GEODIS WHSE IND US,PBC-1000,1-Aug-25,
AMAZON.COM.CA.ULC,PRD:IND:IND-GEODIS WHSE IND US,PBC-1000,1-Sep-25,
AMAZON.COM.CA.ULC,PRD:IND:IND-GEODIS WHSE IND US,PBC-1000,1-Oct-25,
AMAZON.COM.CA.ULC,PRD:IND:IND-GEODIS WHSE IND US,PBC-1000,1-Nov-25,
AMAZON.COM.CA.ULC,PRD:IND:IND-GEODIS WHSE IND US,PBC-1000,1-Dec-25,
AMAZON.COM.CA.ULC,PRD:IND:IND-GEODIS WHSE IND US,PBC-1000,1-Jan-26,
AMAZON.COM.CA.ULC,PRD:IND:IND-GEODIS WHSE IND US,PBC-1000,1-Feb-26,
AMAZON.COM.CA.ULC,PRD:IND:IND-GEODIS WHSE IND US,PBC-1000,1-Mar-26,
AMAZON.COM.CA.ULC,PRD:IND:IND-GEODIS WHSE IND US,PBC-1000,1-Apr-26,
AMERICAN DOG OUTFITTERS,PRD:IND:IND-GEODIS WHSE IND US,PBC-1000,1-May-23,
AMERICAN DOG OUTFITTERS,PRD:IND:IND-GEODIS WHSE IND US,PBC-1000,1-Jun-23,
AMERICAN DOG OUTFITTERS,PRD:IND:IND-GEODIS WHSE IND US,PBC-1000,1-Jul-23,
AMERICAN DOG OUTFITTERS,PRD:IND:IND-GEODIS WHSE IND US,PBC-1000,1-Aug-23,
AMERICAN DOG OUTFITTERS,PRD:IND:IND-GEODIS WHSE IND US,PBC-1000,1-Sep-23,
AMERICAN DOG OUTFITTERS,PRD:IND:IND-GEODIS WHSE IND US,PBC-1000,1-Oct-23,
AMERICAN DOG OUTFITTERS,PRD:IND:IND-GEODIS WHSE IND US,PBC-1000,1-Nov-23,
AMERICAN DOG OUTFITTERS,PRD:IND:IND-GEODIS WHSE IND US,PBC-1000,1-Dec-23,
AMERICAN DOG OUTFITTERS,PRD:IND:IND-GEODIS WHSE IND US,PBC-1000,1-Jan-24,
AMERICAN DOG OUTFITTERS,PRD:IND:IND-GEODIS WHSE IND US,PBC-1000,1-Feb-24,
AMERICAN DOG OUTFITTERS,PRD:IND:IND-GEODIS WHSE IND US,PBC-1000,1-Mar-24,1
AMERICAN DOG OUTFITTERS,PRD:IND:IND-GEODIS WHSE IND US,PBC-1000,1-Apr-24,
AMERICAN DOG OUTFITTERS,PRD:IND:IND-GEODIS WHSE IND US,PBC-1000,1-May-24,
AMERICAN DOG OUTFITTERS,PRD:IND:IND-GEODIS WHSE IND US,PBC-1000,1-Jun-24,
AMERICAN DOG OUTFITTERS,PRD:IND:IND-GEODIS WHSE IND US,PBC-1000,1-Jul-24,
AMERICAN DOG OUTFITTERS,PRD:IND:IND-GEODIS WHSE IND US,PBC-1000,1-Aug-24,2
AMERICAN DOG OUTFITTERS,PRD:IND:IND-GEODIS WHSE IND US,PBC-1000,1-Sep-24,
AMERICAN DOG OUTFITTERS,PRD:IND:IND-GEODIS WHSE IND US,PBC-1000,1-Oct-24,
AMERICAN DOG OUTFITTERS,PRD:IND:IND-GEODIS WHSE IND US,PBC-1000,1-Nov-24,
AMERICAN DOG OUTFITTERS,PRD:IND:IND-GEODIS WHSE IND US,PBC-1000,1-Dec-24,
AMERICAN DOG OUTFITTERS,PRD:IND:IND-GEODIS WHSE IND US,PBC-1000,1-Jan-25,
AMERICAN DOG OUTFITTERS,PRD:IND:IND-GEODIS WHSE IND US,PBC-1000,1-Feb-25,
AMERICAN DOG OUTFITTERS,PRD:IND:IND-GEODIS WHSE IND US,PBC-1000,1-Mar-25,
AMERICAN DOG OUTFITTERS,PRD:IND:IND-GEODIS WHSE IND US,PBC-1000,1-Apr-25,
AMERICAN DOG OUTFITTERS,PRD:IND:IND-GEODIS WHSE IND US,PBC-1000,1-May-25,
AMERICAN DOG OUTFITTERS,PRD:IND:IND-GEODIS WHSE IND US,PBC-1000,1-Jun-25,
AMERICAN DOG OUTFITTERS,PRD:IND:IND-GEODIS WHSE IND US,PBC-1000,1-Jul-25,
AMERICAN DOG OUTFITTERS,PRD:IND:IND-GEODIS WHSE IND US,PBC-1000,1-Aug-25,
AMERICAN DOG OUTFITTERS,PRD:IND:IND-GEODIS WHSE IND US,PBC-1000,1-Sep-25,
AMERICAN DOG OUTFITTERS,PRD:IND:IND-GEODIS WHSE IND US,PBC-1000,1-Oct-25,
AMERICAN DOG OUTFITTERS,PRD:IND:IND-GEODIS WHSE IND US,PBC-1000,1-Nov-25,
AMERICAN DOG OUTFITTERS,PRD:IND:IND-GEODIS WHSE IND US,PBC-1000,1-Dec-25,
AMERICAN DOG OUTFITTERS,PRD:IND:IND-GEODIS WHSE IND US,PBC-1000,1-Jan-26,
AMERICAN DOG OUTFITTERS,PRD:IND:IND-GEODIS WHSE IND US,PBC-1000,1-Feb-26,
AMERICAN DOG OUTFITTERS,PRD:IND:IND-GEODIS WHSE IND US,PBC-1000,1-Mar-26,
AMERICAN DOG OUTFITTERS,PRD:IND:IND-GEODIS WHSE IND US,PBC-1000,1-Apr-26,
ANIMAL HOUSE LTD,PRD:IND:IND-GEODIS WHSE IND US,PAC00-14231,1-May-23,
ANIMAL HOUSE LTD,PRD:IND:IND-GEODIS WHSE IND US,PAC00-14231,1-Jun-23,12
ANIMAL HOUSE LTD,PRD:IND:IND-GEODIS WHSE IND US,PAC00-14231,1-Jul-23,
ANIMAL HOUSE LTD,PRD:IND:IND-GEODIS WHSE IND US,PAC00-14231,1-Aug-23,
ANIMAL HOUSE LTD,PRD:IND:IND-GEODIS WHSE IND US,PAC00-14231,1-Sep-23,12
ANIMAL HOUSE LTD,PRD:IND:IND-GEODIS WHSE IND US,PAC00-14231,1-Oct-23,
ANIMAL HOUSE LTD,PRD:IND:IND-GEODIS WHSE IND US,PAC00-14231,1-Nov-23,80
ANIMAL HOUSE LTD,PRD:IND:IND-GEODIS WHSE IND US,PAC00-14231,1-Dec-23,
ANIMAL HOUSE LTD,PRD:IND:IND-GEODIS WHSE IND US,PAC00-14231,1-Jan-24,
ANIMAL HOUSE LTD,PRD:IND:IND-GEODIS WHSE IND US,PAC00-14231,1-Feb-24,
ANIMAL HOUSE LTD,PRD:IND:IND-GEODIS WHSE IND US,PAC00-14231,1-Mar-24,
ANIMAL HOUSE LTD,PRD:IND:IND-GEODIS WHSE IND US,PAC00-14231,1-Apr-24,
ANIMAL HOUSE LTD,PRD:IND:IND-GEODIS WHSE IND US,PAC00-14231,1-May-24,
ANIMAL HOUSE LTD,PRD:IND:IND-GEODIS WHSE IND US,PAC00-14231,1-Jun-24,
ANIMAL HOUSE LTD,PRD:IND:IND-GEODIS WHSE IND US,PAC00-14231,1-Jul-24,30
ANIMAL HOUSE LTD,PRD:IND:IND-GEODIS WHSE IND US,PAC00-14231,1-Aug-24,
ANIMAL HOUSE LTD,PRD:IND:IND-GEODIS WHSE IND US,PAC00-14231,1-Sep-24,30
ANIMAL HOUSE LTD,PRD:IND:IND-GEODIS WHSE IND US,PAC00-14231,1-Oct-24,
ANIMAL HOUSE LTD,PRD:IND:IND-GEODIS WHSE IND US,PAC00-14231,1-Nov-24,
ANIMAL HOUSE LTD,PRD:IND:IND-GEODIS WHSE IND US,PAC00-14231,1-Dec-24,
ANIMAL HOUSE LTD,PRD:IND:IND-GEODIS WHSE IND US,PAC00-14231,1-Jan-25,
ANIMAL HOUSE LTD,PRD:IND:IND-GEODIS WHSE IND US,PAC00-14231,1-Feb-25,
ANIMAL HOUSE LTD,PRD:IND:IND-GEODIS WHSE IND US,PAC00-14231,1-Mar-25,60
ANIMAL HOUSE LTD,PRD:IND:IND-GEODIS WHSE IND US,PAC00-14231,1-Apr-25,
ANIMAL HOUSE LTD,PRD:IND:IND-GEODIS WHSE IND US,PAC00-14231,1-May-25,
ANIMAL HOUSE LTD,PRD:IND:IND-GEODIS WHSE IND US,PAC00-14231,1-Jun-25,30
ANIMAL HOUSE LTD,PRD:IND:IND-GEODIS WHSE IND US,PAC00-14231,1-Jul-25,
ANIMAL HOUSE LTD,PRD:IND:IND-GEODIS WHSE IND US,PAC00-14231,1-Aug-25,20
ANIMAL HOUSE LTD,PRD:IND:IND-GEODIS WHSE IND US,PAC00-14231,1-Sep-25,
ANIMAL HOUSE LTD,PRD:IND:IND-GEODIS WHSE IND US,PAC00-14231,1-Oct-25,
ANIMAL HOUSE LTD,PRD:IND:IND-GEODIS WHSE IND US,PAC00-14231,1-Nov-25,
ANIMAL HOUSE LTD,PRD:IND:IND-GEODIS WHSE IND US,PAC00-14231,1-Dec-25,60
ANIMAL HOUSE LTD,PRD:IND:IND-GEODIS WHSE IND US,PAC00-14231,1-Jan-26,
ANIMAL HOUSE LTD,PRD:IND:IND-GEODIS WHSE IND US,PAC00-14231,1-Feb-26,20
ANIMAL HOUSE LTD,PRD:IND:IND-GEODIS WHSE IND US,PAC00-14231,1-Mar-26,
ANIMAL HOUSE LTD,PRD:IND:IND-GEODIS WHSE IND US,PAC00-14231,1-Apr-26,
ANIMAL LOVERS,PRD:IND:IND-GEODIS WHSE IND US,PAC00-14231,1-May-23,
ANIMAL LOVERS,PRD:IND:IND-GEODIS WHSE IND US,PAC00-14231,1-Jun-23,
ANIMAL LOVERS,PRD:IND:IND-GEODIS WHSE IND US,PAC00-14231,1-Jul-23,
ANIMAL LOVERS,PRD:IND:IND-GEODIS WHSE IND US,PAC00-14231,1-Aug-23,
ANIMAL LOVERS,PRD:IND:IND-GEODIS WHSE IND US,PAC00-14231,1-Sep-23,
ANIMAL LOVERS,PRD:IND:IND-GEODIS WHSE IND US,PAC00-14231,1-Oct-23,
ANIMAL LOVERS,PRD:IND:IND-GEODIS WHSE IND US,PAC00-14231,1-Nov-23,
ANIMAL LOVERS,PRD:IND:IND-GEODIS WHSE IND US,PAC00-14231,1-Dec-23,
ANIMAL LOVERS,PRD:IND:IND-GEODIS WHSE IND US,PAC00-14231,1-Jan-24,
ANIMAL LOVERS,PRD:IND:IND-GEODIS WHSE IND US,PAC00-14231,1-Feb-24,
ANIMAL LOVERS,PRD:IND:IND-GEODIS WHSE IND US,PAC00-14231,1-Mar-24,
ANIMAL LOVERS,PRD:IND:IND-GEODIS WHSE IND US,PAC00-14231,1-Apr-24,
ANIMAL LOVERS,PRD:IND:IND-GEODIS WHSE IND US,PAC00-14231,1-May-24,
ANIMAL LOVERS,PRD:IND:IND-GEODIS WHSE IND US,PAC00-14231,1-Jun-24,
ANIMAL LOVERS,PRD:IND:IND-GEODIS WHSE IND US,PAC00-14231,1-Jul-24,
ANIMAL LOVERS,PRD:IND:IND-GEODIS WHSE IND US,PAC00-14231,1-Aug-24,1
ANIMAL LOVERS,PRD:IND:IND-GEODIS WHSE IND US,PAC00-14231,1-Sep-24,
ANIMAL LOVERS,PRD:IND:IND-GEODIS WHSE IND US,PAC00-14231,1-Oct-24,
ANIMAL LOVERS,PRD:IND:IND-GEODIS WHSE IND US,PAC00-14231,1-Nov-24,
ANIMAL LOVERS,PRD:IND:IND-GEODIS WHSE IND US,PAC00-14231,1-Dec-24,
ANIMAL LOVERS,PRD:IND:IND-GEODIS WHSE IND US,PAC00-14231,1-Jan-25,
ANIMAL LOVERS,PRD:IND:IND-GEODIS WHSE IND US,PAC00-14231,1-Feb-25,
ANIMAL LOVERS,PRD:IND:IND-GEODIS WHSE IND US,PAC00-14231,1-Mar-25,
ANIMAL LOVERS,PRD:IND:IND-GEODIS WHSE IND US,PAC00-14231,1-Apr-25,
ANIMAL LOVERS,PRD:IND:IND-GEODIS WHSE IND US,PAC00-14231,1-May-25,
ANIMAL LOVERS,PRD:IND:IND-GEODIS WHSE IND US,PAC00-14231,1-Jun-25,
ANIMAL LOVERS,PRD:IND:IND-GEODIS WHSE IND US,PAC00-14231,1-Jul-25,
ANIMAL LOVERS,PRD:IND:IND-GEODIS WHSE IND US,PAC00-14231,1-Aug-25,
ANIMAL LOVERS,PRD:IND:IND-GEODIS WHSE IND US,PAC00-14231,1-Sep-25,
ANIMAL LOVERS,PRD:IND:IND-GEODIS WHSE IND US,PAC00-14231,1-Oct-25,
ANIMAL LOVERS,PRD:IND:IND-GEODIS WHSE IND US,PAC00-14231,1-Nov-25,
ANIMAL LOVERS,PRD:IND:IND-GEODIS WHSE IND US,PAC00-14231,1-Dec-25,
ANIMAL LOVERS,PRD:IND:IND-GEODIS WHSE IND US,PAC00-14231,1-Jan-26,
ANIMAL LOVERS,PRD:IND:IND-GEODIS WHSE IND US,PAC00-14231,1-Feb-26,
ANIMAL LOVERS,PRD:IND:IND-GEODIS WHSE IND US,PAC00-14231,1-Mar-26,
ANIMAL LOVERS,PRD:IND:IND-GEODIS WHSE IND US,PAC00-14231,1-Apr-26,
ANIMAL LOVERS,PRD:IND:IND-GEODIS WHSE IND US,PBC-1000,1-May-23,
ANIMAL LOVERS,PRD:IND:IND-GEODIS WHSE IND US,PBC-1000,1-Jun-23,
ANIMAL LOVERS,PRD:IND:IND-GEODIS WHSE IND US,PBC-1000,1-Jul-23,
ANIMAL LOVERS,PRD:IND:IND-GEODIS WHSE IND US,PBC-1000,1-Aug-23,
ANIMAL LOVERS,PRD:IND:IND-GEODIS WHSE IND US,PBC-1000,1-Sep-23,
ANIMAL LOVERS,PRD:IND:IND-GEODIS WHSE IND US,PBC-1000,1-Oct-23,
ANIMAL LOVERS,PRD:IND:IND-GEODIS WHSE IND US,PBC-1000,1-Nov-23,1
ANIMAL LOVERS,PRD:IND:IND-GEODIS WHSE IND US,PBC-1000,1-Dec-23,
ANIMAL LOVERS,PRD:IND:IND-GEODIS WHSE IND US,PBC-1000,1-Jan-24,
ANIMAL LOVERS,PRD:IND:IND-GEODIS WHSE IND US,PBC-1000,1-Feb-24,
ANIMAL LOVERS,PRD:IND:IND-GEODIS WHSE IND US,PBC-1000,1-Mar-24,
ANIMAL LOVERS,PRD:IND:IND-GEODIS WHSE IND US,PBC-1000,1-Apr-24,
ANIMAL LOVERS,PRD:IND:IND-GEODIS WHSE IND US,PBC-1000,1-May-24,1
ANIMAL LOVERS,PRD:IND:IND-GEODIS WHSE IND US,PBC-1000,1-Jun-24,
ANIMAL LOVERS,PRD:IND:IND-GEODIS WHSE IND US,PBC-1000,1-Jul-24,
ANIMAL LOVERS,PRD:IND:IND-GEODIS WHSE IND US,PBC-1000,1-Aug-24,
ANIMAL LOVERS,PRD:IND:IND-GEODIS WHSE IND US,PBC-1000,1-Sep-24,
ANIMAL LOVERS,PRD:IND:IND-GEODIS WHSE IND US,PBC-1000,1-Oct-24,
ANIMAL LOVERS,PRD:IND:IND-GEODIS WHSE IND US,PBC-1000,1-Nov-24,
ANIMAL LOVERS,PRD:IND:IND-GEODIS WHSE IND US,PBC-1000,1-Dec-24,
ANIMAL LOVERS,PRD:IND:IND-GEODIS WHSE IND US,PBC-1000,1-Jan-25,
ANIMAL LOVERS,PRD:IND:IND-GEODIS WHSE IND US,PBC-1000,1-Feb-25,
ANIMAL LOVERS,PRD:IND:IND-GEODIS WHSE IND US,PBC-1000,1-Mar-25,
ANIMAL LOVERS,PRD:IND:IND-GEODIS WHSE IND US,PBC-1000,1-Apr-25,
ANIMAL LOVERS,PRD:IND:IND-GEODIS WHSE IND US,PBC-1000,1-May-25,
ANIMAL LOVERS,PRD:IND:IND-GEODIS WHSE IND US,PBC-1000,1-Jun-25,1
ANIMAL LOVERS,PRD:IND:IND-GEODIS WHSE IND US,PBC-1000,1-Jul-25,
ANIMAL LOVERS,PRD:IND:IND-GEODIS WHSE IND US,PBC-1000,1-Aug-25,
ANIMAL LOVERS,PRD:IND:IND-GEODIS WHSE IND US,PBC-1000,1-Sep-25,
ANIMAL LOVERS,PRD:IND:IND-GEODIS WHSE IND US,PBC-1000,1-Oct-25,
ANIMAL LOVERS,PRD:IND:IND-GEODIS WHSE IND US,PBC-1000,1-Nov-25,
ANIMAL LOVERS,PRD:IND:IND-GEODIS WHSE IND US,PBC-1000,1-Dec-25,
ANIMAL LOVERS,PRD:IND:IND-GEODIS WHSE IND US,PBC-1000,1-Jan-26,
ANIMAL LOVERS,PRD:IND:IND-GEODIS WHSE IND US,PBC-1000,1-Feb-26,
ANIMAL LOVERS,PRD:IND:IND-GEODIS WHSE IND US,PBC-1000,1-Mar-26,
ANIMAL LOVERS,PRD:IND:IND-GEODIS WHSE IND US,PBC-1000,1-Apr-26,
ANIMAL TRAINING SYSTEMS,PRD:AU1:AU1-AUSTRALIA B2B B2C INV ORG,PAC00-14231,1-May-23,
ANIMAL TRAINING SYSTEMS,PRD:AU1:AU1-AUSTRALIA B2B B2C INV ORG,PAC00-14231,1-Jun-23,
ANIMAL TRAINING SYSTEMS,PRD:AU1:AU1-AUSTRALIA B2B B2C INV ORG,PAC00-14231,1-Jul-23,
ANIMAL TRAINING SYSTEMS,PRD:AU1:AU1-AUSTRALIA B2B B2C INV ORG,PAC00-14231,1-Aug-23,
ANIMAL TRAINING SYSTEMS,PRD:AU1:AU1-AUSTRALIA B2B B2C INV ORG,PAC00-14231,1-Sep-23,
ANIMAL TRAINING SYSTEMS,PRD:AU1:AU1-AUSTRALIA B2B B2C INV ORG,PAC00-14231,1-Oct-23,
ANIMAL TRAINING SYSTEMS,PRD:AU1:AU1-AUSTRALIA B2B B2C INV ORG,PAC00-14231,1-Nov-23,
ANIMAL TRAINING SYSTEMS,PRD:AU1:AU1-AUSTRALIA B2B B2C INV ORG,PAC00-14231,1-Dec-23,
ANIMAL TRAINING SYSTEMS,PRD:AU1:AU1-AUSTRALIA B2B B2C INV ORG,PAC00-14231,1-Jan-24,
ANIMAL TRAINING SYSTEMS,PRD:AU1:AU1-AUSTRALIA B2B B2C INV ORG,PAC00-14231,1-Feb-24,
ANIMAL TRAINING SYSTEMS,PRD:AU1:AU1-AUSTRALIA B2B B2C INV ORG,PAC00-14231,1-Mar-24,
ANIMAL TRAINING SYSTEMS,PRD:AU1:AU1-AUSTRALIA B2B B2C INV ORG,PAC00-14231,1-Apr-24,
ANIMAL TRAINING SYSTEMS,PRD:AU1:AU1-AUSTRALIA B2B B2C INV ORG,PAC00-14231,1-May-24,
ANIMAL TRAINING SYSTEMS,PRD:AU1:AU1-AUSTRALIA B2B B2C INV ORG,PAC00-14231,1-Jun-24,
ANIMAL TRAINING SYSTEMS,PRD:AU1:AU1-AUSTRALIA B2B B2C INV ORG,PAC00-14231,1-Jul-24,
ANIMAL TRAINING SYSTEMS,PRD:AU1:AU1-AUSTRALIA B2B B2C INV ORG,PAC00-14231,1-Aug-24,
ANIMAL TRAINING SYSTEMS,PRD:AU1:AU1-AUSTRALIA B2B B2C INV ORG,PAC00-14231,1-Sep-24,
ANIMAL TRAINING SYSTEMS,PRD:AU1:AU1-AUSTRALIA B2B B2C INV ORG,PAC00-14231,1-Oct-24,
ANIMAL TRAINING SYSTEMS,PRD:AU1:AU1-AUSTRALIA B2B B2C INV ORG,PAC00-14231,1-Nov-24,
ANIMAL TRAINING SYSTEMS,PRD:AU1:AU1-AUSTRALIA B2B B2C INV ORG,PAC00-14231,1-Dec-24,
ANIMAL TRAINING SYSTEMS,PRD:AU1:AU1-AUSTRALIA B2B B2C INV ORG,PAC00-14231,1-Jan-25,
ANIMAL TRAINING SYSTEMS,PRD:AU1:AU1-AUSTRALIA B2B B2C INV ORG,PAC00-14231,1-Feb-25,
ANIMAL TRAINING SYSTEMS,PRD:AU1:AU1-AUSTRALIA B2B B2C INV ORG,PAC00-14231,1-Mar-25,
ANIMAL TRAINING SYSTEMS,PRD:AU1:AU1-AUSTRALIA B2B B2C INV ORG,PAC00-14231,1-Apr-25,
ANIMAL TRAINING SYSTEMS,PRD:AU1:AU1-AUSTRALIA B2B B2C INV ORG,PAC00-14231,1-May-25,
ANIMAL TRAINING SYSTEMS,PRD:AU1:AU1-AUSTRALIA B2B B2C INV ORG,PAC00-14231,1-Jun-25,
ANIMAL TRAINING SYSTEMS,PRD:AU1:AU1-AUSTRALIA B2B B2C INV ORG,PAC00-14231,1-Jul-25,2
ANIMAL TRAINING SYSTEMS,PRD:AU1:AU1-AUSTRALIA B2B B2C INV ORG,PAC00-14231,1-Aug-25,
ANIMAL TRAINING SYSTEMS,PRD:AU1:AU1-AUSTRALIA B2B B2C INV ORG,PAC00-14231,1-Sep-25,
ANIMAL TRAINING SYSTEMS,PRD:AU1:AU1-AUSTRALIA B2B B2C INV ORG,PAC00-14231,1-Oct-25,
ANIMAL TRAINING SYSTEMS,PRD:AU1:AU1-AUSTRALIA B2B B2C INV ORG,PAC00-14231,1-Nov-25,
ANIMAL TRAINING SYSTEMS,PRD:AU1:AU1-AUSTRALIA B2B B2C INV ORG,PAC00-14231,1-Dec-25,
ANIMAL TRAINING SYSTEMS,PRD:AU1:AU1-AUSTRALIA B2B B2C INV ORG,PAC00-14231,1-Jan-26,
ANIMAL TRAINING SYSTEMS,PRD:AU1:AU1-AUSTRALIA B2B B2C INV ORG,PAC00-14231,1-Feb-26,
ANIMAL TRAINING SYSTEMS,PRD:AU1:AU1-AUSTRALIA B2B B2C INV ORG,PAC00-14231,1-Mar-26,
ANIMAL TRAINING SYSTEMS,PRD:AU1:AU1-AUSTRALIA B2B B2C INV ORG,PAC00-14231,1-Apr-26,
ASHLAND PET STORE LLC,PRD:IND:IND-GEODIS WHSE IND US,PAC00-14231,1-May-23,10
ASHLAND PET STORE LLC,PRD:IND:IND-GEODIS WHSE IND US,PAC00-14231,1-Jun-23,
ASHLAND PET STORE LLC,PRD:IND:IND-GEODIS WHSE IND US,PAC00-14231,1-Jul-23,
ASHLAND PET STORE LLC,PRD:IND:IND-GEODIS WHSE IND US,PAC00-14231,1-Aug-23,
ASHLAND PET STORE LLC,PRD:IND:IND-GEODIS WHSE IND US,PAC00-14231,1-Sep-23,
ASHLAND PET STORE LLC,PRD:IND:IND-GEODIS WHSE IND US,PAC00-14231,1-Oct-23,
ASHLAND PET STORE LLC,PRD:IND:IND-GEODIS WHSE IND US,PAC00-14231,1-Nov-23,
ASHLAND PET STORE LLC,PRD:IND:IND-GEODIS WHSE IND US,PAC00-14231,1-Dec-23,
ASHLAND PET STORE LLC,PRD:IND:IND-GEODIS WHSE IND US,PAC00-14231,1-Jan-24,
ASHLAND PET STORE LLC,PRD:IND:IND-GEODIS WHSE IND US,PAC00-14231,1-Feb-24,
ASHLAND PET STORE LLC,PRD:IND:IND-GEODIS WHSE IND US,PAC00-14231,1-Mar-24,
ASHLAND PET STORE LLC,PRD:IND:IND-GEODIS WHSE IND US,PAC00-14231,1-Apr-24,
ASHLAND PET STORE LLC,PRD:IND:IND-GEODIS WHSE IND US,PAC00-14231,1-May-24,
ASHLAND PET STORE LLC,PRD:IND:IND-GEODIS WHSE IND US,PAC00-14231,1-Jun-24,
ASHLAND PET STORE LLC,PRD:IND:IND-GEODIS WHSE IND US,PAC00-14231,1-Jul-24,
ASHLAND PET STORE LLC,PRD:IND:IND-GEODIS WHSE IND US,PAC00-14231,1-Aug-24,
ASHLAND PET STORE LLC,PRD:IND:IND-GEODIS WHSE IND US,PAC00-14231,1-Sep-24,
ASHLAND PET STORE LLC,PRD:IND:IND-GEODIS WHSE IND US,PAC00-14231,1-Oct-24,
ASHLAND PET STORE LLC,PRD:IND:IND-GEODIS WHSE IND US,PAC00-14231,1-Nov-24,
ASHLAND PET STORE LLC,PRD:IND:IND-GEODIS WHSE IND US,PAC00-14231,1-Dec-24,
ASHLAND PET STORE LLC,PRD:IND:IND-GEODIS WHSE IND US,PAC00-14231,1-Jan-25,
ASHLAND PET STORE LLC,PRD:IND:IND-GEODIS WHSE IND US,PAC00-14231,1-Feb-25,
ASHLAND PET STORE LLC,PRD:IND:IND-GEODIS WHSE IND US,PAC00-14231,1-Mar-25,
ASHLAND PET STORE LLC,PRD:IND:IND-GEODIS WHSE IND US,PAC00-14231,1-Apr-25,
ASHLAND PET STORE LLC,PRD:IND:IND-GEODIS WHSE IND US,PAC00-14231,1-May-25,
ASHLAND PET STORE LLC,PRD:IND:IND-GEODIS WHSE IND US,PAC00-14231,1-Jun-25,
ASHLAND PET STORE LLC,PRD:IND:IND-GEODIS WHSE IND US,PAC00-14231,1-Jul-25,
ASHLAND PET STORE LLC,PRD:IND:IND-GEODIS WHSE IND US,PAC00-14231,1-Aug-25,
ASHLAND PET STORE LLC,PRD:IND:IND-GEODIS WHSE IND US,PAC00-14231,1-Sep-25,
ASHLAND PET STORE LLC,PRD:IND:IND-GEODIS WHSE IND US,PAC00-14231,1-Oct-25,
ASHLAND PET STORE LLC,PRD:IND:IND-GEODIS WHSE IND US,PAC00-14231,1-Nov-25,
ASHLAND PET STORE LLC,PRD:IND:IND-GEODIS WHSE IND US,PAC00-14231,1-Dec-25,
ASHLAND PET STORE LLC,PRD:IND:IND-GEODIS WHSE IND US,PAC00-14231,1-Jan-26,
ASHLAND PET STORE LLC,PRD:IND:IND-GEODIS WHSE IND US,PAC00-14231,1-Feb-26,
ASHLAND PET STORE LLC,PRD:IND:IND-GEODIS WHSE IND US,PAC00-14231,1-Mar-26,
ASHLAND PET STORE LLC,PRD:IND:IND-GEODIS WHSE IND US,PAC00-14231,1-Apr-26,
ASHLIS BABY BENGALS,PRD:IND:IND-GEODIS WHSE IND US,PAC00-14231,1-May-23,
ASHLIS BABY BENGALS,PRD:IND:IND-GEODIS WHSE IND US,PAC00-14231,1-Jun-23,
ASHLIS BABY BENGALS,PRD:IND:IND-GEODIS WHSE IND US,PAC00-14231,1-Jul-23,
ASHLIS BABY BENGALS,PRD:IND:IND-GEODIS WHSE IND US,PAC00-14231,1-Aug-23,
ASHLIS BABY BENGALS,PRD:IND:IND-GEODIS WHSE IND US,PAC00-14231,1-Sep-23,
ASHLIS BABY BENGALS,PRD:IND:IND-GEODIS WHSE IND US,PAC00-14231,1-Oct-23,
ASHLIS BABY BENGALS,PRD:IND:IND-GEODIS WHSE IND US,PAC00-14231,1-Nov-23,
ASHLIS BABY BENGALS,PRD:IND:IND-GEODIS WHSE IND US,PAC00-14231,1-Dec-23,
ASHLIS BABY BENGALS,PRD:IND:IND-GEODIS WHSE IND US,PAC00-14231,1-Jan-24,
ASHLIS BABY BENGALS,PRD:IND:IND-GEODIS WHSE IND US,PAC00-14231,1-Feb-24,
ASHLIS BABY BENGALS,PRD:IND:IND-GEODIS WHSE IND US,PAC00-14231,1-Mar-24,
ASHLIS BABY BENGALS,PRD:IND:IND-GEODIS WHSE IND US,PAC00-14231,1-Apr-24,
ASHLIS BABY BENGALS,PRD:IND:IND-GEODIS WHSE IND US,PAC00-14231,1-May-24,
ASHLIS BABY BENGALS,PRD:IND:IND-GEODIS WHSE IND US,PAC00-14231,1-Jun-24,
ASHLIS BABY BENGALS,PRD:IND:IND-GEODIS WHSE IND US,PAC00-14231,1-Jul-24,
ASHLIS BABY BENGALS,PRD:IND:IND-GEODIS WHSE IND US,PAC00-14231,1-Aug-24,
ASHLIS BABY BENGALS,PRD:IND:IND-GEODIS WHSE IND US,PAC00-14231,1-Sep-24,
ASHLIS BABY BENGALS,PRD:IND:IND-GEODIS WHSE IND US,PAC00-14231,1-Oct-24,
ASHLIS BABY BENGALS,PRD:IND:IND-GEODIS WHSE IND US,PAC00-14231,1-Nov-24,
ASHLIS BABY BENGALS,PRD:IND:IND-GEODIS WHSE IND US,PAC00-14231,1-Dec-24,2
ASHLIS BABY BENGALS,PRD:IND:IND-GEODIS WHSE IND US,PAC00-14231,1-Jan-25,
ASHLIS BABY BENGALS,PRD:IND:IND-GEODIS WHSE IND US,PAC00-14231,1-Feb-25,
ASHLIS BABY BENGALS,PRD:IND:IND-GEODIS WHSE IND US,PAC00-14231,1-Mar-25,
ASHLIS BABY BENGALS,PRD:IND:IND-GEODIS WHSE IND US,PAC00-14231,1-Apr-25,
ASHLIS BABY BENGALS,PRD:IND:IND-GEODIS WHSE IND US,PAC00-14231,1-May-25,
ASHLIS BABY BENGALS,PRD:IND:IND-GEODIS WHSE IND US,PAC00-14231,1-Jun-25,
ASHLIS BABY BENGALS,PRD:IND:IND-GEODIS WHSE IND US,PAC00-14231,1-Jul-25,
ASHLIS BABY BENGALS,PRD:IND:IND-GEODIS WHSE IND US,PAC00-14231,1-Aug-25,
ASHLIS BABY BENGALS,PRD:IND:IND-GEODIS WHSE IND US,PAC00-14231,1-Sep-25,
ASHLIS BABY BENGALS,PRD:IND:IND-GEODIS WHSE IND US,PAC00-14231,1-Oct-25,
ASHLIS BABY BENGALS,PRD:IND:IND-GEODIS WHSE IND US,PAC00-14231,1-Nov-25,
ASHLIS BABY BENGALS,PRD:IND:IND-GEODIS WHSE IND US,PAC00-14231,1-Dec-25,
ASHLIS BABY BENGALS,PRD:IND:IND-GEODIS WHSE IND US,PAC00-14231,1-Jan-26,
ASHLIS BABY BENGALS,PRD:IND:IND-GEODIS WHSE IND US,PAC00-14231,1-Feb-26,
ASHLIS BABY BENGALS,PRD:IND:IND-GEODIS WHSE IND US,PAC00-14231,1-Mar-26,
ASHLIS BABY BENGALS,PRD:IND:IND-GEODIS WHSE IND US,PAC00-14231,1-Apr-26,
B AND B PET STOP INC,PRD:IND:IND-GEODIS WHSE IND US,PAC00-14231,1-May-23,2
B AND B PET STOP INC,PRD:IND:IND-GEODIS WHSE IND US,PAC00-14231,1-Jun-23,
B AND B PET STOP INC,PRD:IND:IND-GEODIS WHSE IND US,PAC00-14231,1-Jul-23,
B AND B PET STOP INC,PRD:IND:IND-GEODIS WHSE IND US,PAC00-14231,1-Aug-23,
B AND B PET STOP INC,PRD:IND:IND-GEODIS WHSE IND US,PAC00-14231,1-Sep-23,8
B AND B PET STOP INC,PRD:IND:IND-GEODIS WHSE IND US,PAC00-14231,1-Oct-23,6
B AND B PET STOP INC,PRD:IND:IND-GEODIS WHSE IND US,PAC00-14231,1-Nov-23,
B AND B PET STOP INC,PRD:IND:IND-GEODIS WHSE IND US,PAC00-14231,1-Dec-23,
B AND B PET STOP INC,PRD:IND:IND-GEODIS WHSE IND US,PAC00-14231,1-Jan-24,
B AND B PET STOP INC,PRD:IND:IND-GEODIS WHSE IND US,PAC00-14231,1-Feb-24,
B AND B PET STOP INC,PRD:IND:IND-GEODIS WHSE IND US,PAC00-14231,1-Mar-24,
B AND B PET STOP INC,PRD:IND:IND-GEODIS WHSE IND US,PAC00-14231,1-Apr-24,2
B AND B PET STOP INC,PRD:IND:IND-GEODIS WHSE IND US,PAC00-14231,1-May-24,
B AND B PET STOP INC,PRD:IND:IND-GEODIS WHSE IND US,PAC00-14231,1-Jun-24,
B AND B PET STOP INC,PRD:IND:IND-GEODIS WHSE IND US,PAC00-14231,1-Jul-24,2
B AND B PET STOP INC,PRD:IND:IND-GEODIS WHSE IND US,PAC00-14231,1-Aug-24,
B AND B PET STOP INC,PRD:IND:IND-GEODIS WHSE IND US,PAC00-14231,1-Sep-24,
B AND B PET STOP INC,PRD:IND:IND-GEODIS WHSE IND US,PAC00-14231,1-Oct-24,
B AND B PET STOP INC,PRD:IND:IND-GEODIS WHSE IND US,PAC00-14231,1-Nov-24,6
B AND B PET STOP INC,PRD:IND:IND-GEODIS WHSE IND US,PAC00-14231,1-Dec-24,
B AND B PET STOP INC,PRD:IND:IND-GEODIS WHSE IND US,PAC00-14231,1-Jan-25,
B AND B PET STOP INC,PRD:IND:IND-GEODIS WHSE IND US,PAC00-14231,1-Feb-25,
B AND B PET STOP INC,PRD:IND:IND-GEODIS WHSE IND US,PAC00-14231,1-Mar-25,
B AND B PET STOP INC,PRD:IND:IND-GEODIS WHSE IND US,PAC00-14231,1-Apr-25,3
B AND B PET STOP INC,PRD:IND:IND-GEODIS WHSE IND US,PAC00-14231,1-May-25,
B AND B PET STOP INC,PRD:IND:IND-GEODIS WHSE IND US,PAC00-14231,1-Jun-25,3
B AND B PET STOP INC,PRD:IND:IND-GEODIS WHSE IND US,PAC00-14231,1-Jul-25,
B AND B PET STOP INC,PRD:IND:IND-GEODIS WHSE IND US,PAC00-14231,1-Aug-25,3
B AND B PET STOP INC,PRD:IND:IND-GEODIS WHSE IND US,PAC00-14231,1-Sep-25,
B AND B PET STOP INC,PRD:IND:IND-GEODIS WHSE IND US,PAC00-14231,1-Oct-25,
B AND B PET STOP INC,PRD:IND:IND-GEODIS WHSE IND US,PAC00-14231,1-Nov-25,3
B AND B PET STOP INC,PRD:IND:IND-GEODIS WHSE IND US,PAC00-14231,1-Dec-25,
B AND B PET STOP INC,PRD:IND:IND-GEODIS WHSE IND US,PAC00-14231,1-Jan-26,3
B AND B PET STOP INC,PRD:IND:IND-GEODIS WHSE IND US,PAC00-14231,1-Feb-26,
B AND B PET STOP INC,PRD:IND:IND-GEODIS WHSE IND US,PAC00-14231,1-Mar-26,2
B AND B PET STOP INC,PRD:IND:IND-GEODIS WHSE IND US,PAC00-14231,1-Apr-26,
B AND B PET STOP INC,PRD:IND:IND-GEODIS WHSE IND US,PBC-1000,1-May-23,
B AND B PET STOP INC,PRD:IND:IND-GEODIS WHSE IND US,PBC-1000,1-Jun-23,
B AND B PET STOP INC,PRD:IND:IND-GEODIS WHSE IND US,PBC-1000,1-Jul-23,
B AND B PET STOP INC,PRD:IND:IND-GEODIS WHSE IND US,PBC-1000,1-Aug-23,
B AND B PET STOP INC,PRD:IND:IND-GEODIS WHSE IND US,PBC-1000,1-Sep-23,
B AND B PET STOP INC,PRD:IND:IND-GEODIS WHSE IND US,PBC-1000,1-Oct-23,
B AND B PET STOP INC,PRD:IND:IND-GEODIS WHSE IND US,PBC-1000,1-Nov-23,
B AND B PET STOP INC,PRD:IND:IND-GEODIS WHSE IND US,PBC-1000,1-Dec-23,1
B AND B PET STOP INC,PRD:IND:IND-GEODIS WHSE IND US,PBC-1000,1-Jan-24,
B AND B PET STOP INC,PRD:IND:IND-GEODIS WHSE IND US,PBC-1000,1-Feb-24,1
B AND B PET STOP INC,PRD:IND:IND-GEODIS WHSE IND US,PBC-1000,1-Mar-24,
B AND B PET STOP INC,PRD:IND:IND-GEODIS WHSE IND US,PBC-1000,1-Apr-24,
B AND B PET STOP INC,PRD:IND:IND-GEODIS WHSE IND US,PBC-1000,1-May-24,
B AND B PET STOP INC,PRD:IND:IND-GEODIS WHSE IND US,PBC-1000,1-Jun-24,
B AND B PET STOP INC,PRD:IND:IND-GEODIS WHSE IND US,PBC-1000,1-Jul-24,
B AND B PET STOP INC,PRD:IND:IND-GEODIS WHSE IND US,PBC-1000,1-Aug-24,
B AND B PET STOP INC,PRD:IND:IND-GEODIS WHSE IND US,PBC-1000,1-Sep-24,
B AND B PET STOP INC,PRD:IND:IND-GEODIS WHSE IND US,PBC-1000,1-Oct-24,
B AND B PET STOP INC,PRD:IND:IND-GEODIS WHSE IND US,PBC-1000,1-Nov-24,
B AND B PET STOP INC,PRD:IND:IND-GEODIS WHSE IND US,PBC-1000,1-Dec-24,
B AND B PET STOP INC,PRD:IND:IND-GEODIS WHSE IND US,PBC-1000,1-Jan-25,
B AND B PET STOP INC,PRD:IND:IND-GEODIS WHSE IND US,PBC-1000,1-Feb-25,
B AND B PET STOP INC,PRD:IND:IND-GEODIS WHSE IND US,PBC-1000,1-Mar-25,
B AND B PET STOP INC,PRD:IND:IND-GEODIS WHSE IND US,PBC-1000,1-Apr-25,
B AND B PET STOP INC,PRD:IND:IND-GEODIS WHSE IND US,PBC-1000,1-May-25,
B AND B PET STOP INC,PRD:IND:IND-GEODIS WHSE IND US,PBC-1000,1-Jun-25,
B AND B PET STOP INC,PRD:IND:IND-GEODIS WHSE IND US,PBC-1000,1-Jul-25,
B AND B PET STOP INC,PRD:IND:IND-GEODIS WHSE IND US,PBC-1000,1-Aug-25,
B AND B PET STOP INC,PRD:IND:IND-GEODIS WHSE IND US,PBC-1000,1-Sep-25,
B AND B PET STOP INC,PRD:IND:IND-GEODIS WHSE IND US,PBC-1000,1-Oct-25,
B AND B PET STOP INC,PRD:IND:IND-GEODIS WHSE IND US,PBC-1000,1-Nov-25,
B AND B PET STOP INC,PRD:IND:IND-GEODIS WHSE IND US,PBC-1000,1-Dec-25,
B AND B PET STOP INC,PRD:IND:IND-GEODIS WHSE IND US,PBC-1000,1-Jan-26,
B AND B PET STOP INC,PRD:IND:IND-GEODIS WHSE IND US,PBC-1000,1-Feb-26,
B AND B PET STOP INC,PRD:IND:IND-GEODIS WHSE IND US,PBC-1000,1-Mar-26,
B AND B PET STOP INC,PRD:IND:IND-GEODIS WHSE IND US,PBC-1000,1-Apr-26,
B2C,PRD:AU1:AU1-AUSTRALIA B2B B2C INV ORG,PAC00-14231,1-May-23,
B2C,PRD:AU1:AU1-AUSTRALIA B2B B2C INV ORG,PAC00-14231,1-Jun-23,
B2C,PRD:AU1:AU1-AUSTRALIA B2B B2C INV ORG,PAC00-14231,1-Jul-23,
B2C,PRD:AU1:AU1-AUSTRALIA B2B B2C INV ORG,PAC00-14231,1-Aug-23,
B2C,PRD:AU1:AU1-AUSTRALIA B2B B2C INV ORG,PAC00-14231,1-Sep-23,
B2C,PRD:AU1:AU1-AUSTRALIA B2B B2C INV ORG,PAC00-14231,1-Oct-23,
B2C,PRD:AU1:AU1-AUSTRALIA B2B B2C INV ORG,PAC00-14231,1-Nov-23,
B2C,PRD:AU1:AU1-AUSTRALIA B2B B2C INV ORG,PAC00-14231,1-Dec-23,
B2C,PRD:AU1:AU1-AUSTRALIA B2B B2C INV ORG,PAC00-14231,1-Jan-24,
B2C,PRD:AU1:AU1-AUSTRALIA B2B B2C INV ORG,PAC00-14231,1-Feb-24,
B2C,PRD:AU1:AU1-AUSTRALIA B2B B2C INV ORG,PAC00-14231,1-Mar-24,
B2C,PRD:AU1:AU1-AUSTRALIA B2B B2C INV ORG,PAC00-14231,1-Apr-24,
B2C,PRD:AU1:AU1-AUSTRALIA B2B B2C INV ORG,PAC00-14231,1-May-24,
B2C,PRD:AU1:AU1-AUSTRALIA B2B B2C INV ORG,PAC00-14231,1-Jun-24,
B2C,PRD:AU1:AU1-AUSTRALIA B2B B2C INV ORG,PAC00-14231,1-Jul-24,
B2C,PRD:AU1:AU1-AUSTRALIA B2B B2C INV ORG,PAC00-14231,1-Aug-24,
B2C,PRD:AU1:AU1-AUSTRALIA B2B B2C INV ORG,PAC00-14231,1-Sep-24,
B2C,PRD:AU1:AU1-AUSTRALIA B2B B2C INV ORG,PAC00-14231,1-Oct-24,
B2C,PRD:AU1:AU1-AUSTRALIA B2B B2C INV ORG,PAC00-14231,1-Nov-24,
B2C,PRD:AU1:AU1-AUSTRALIA B2B B2C INV ORG,PAC00-14231,1-Dec-24,
B2C,PRD:AU1:AU1-AUSTRALIA B2B B2C INV ORG,PAC00-14231,1-Jan-25,
B2C,PRD:AU1:AU1-AUSTRALIA B2B B2C INV ORG,PAC00-14231,1-Feb-25,4
B2C,PRD:AU1:AU1-AUSTRALIA B2B B2C INV ORG,PAC00-14231,1-Mar-25,
B2C,PRD:AU1:AU1-AUSTRALIA B2B B2C INV ORG,PAC00-14231,1-Apr-25,4
B2C,PRD:AU1:AU1-AUSTRALIA B2B B2C INV ORG,PAC00-14231,1-May-25,4
B2C,PRD:AU1:AU1-AUSTRALIA B2B B2C INV ORG,PAC00-14231,1-Jun-25,1
B2C,PRD:AU1:AU1-AUSTRALIA B2B B2C INV ORG,PAC00-14231,1-Jul-25,5
B2C,PRD:AU1:AU1-AUSTRALIA B2B B2C INV ORG,PAC00-14231,1-Aug-25,1
B2C,PRD:AU1:AU1-AUSTRALIA B2B B2C INV ORG,PAC00-14231,1-Sep-25,
B2C,PRD:AU1:AU1-AUSTRALIA B2B B2C INV ORG,PAC00-14231,1-Oct-25,2
B2C,PRD:AU1:AU1-AUSTRALIA B2B B2C INV ORG,PAC00-14231,1-Nov-25,
B2C,PRD:AU1:AU1-AUSTRALIA B2B B2C INV ORG,PAC00-14231,1-Dec-25,3
B2C,PRD:AU1:AU1-AUSTRALIA B2B B2C INV ORG,PAC00-14231,1-Jan-26,1
B2C,PRD:AU1:AU1-AUSTRALIA B2B B2C INV ORG,PAC00-14231,1-Feb-26,
B2C,PRD:AU1:AU1-AUSTRALIA B2B B2C INV ORG,PAC00-14231,1-Mar-26,1
B2C,PRD:AU1:AU1-AUSTRALIA B2B B2C INV ORG,PAC00-14231,1-Apr-26,
B2C,PRD:IND:IND-GEODIS WHSE IND US,PAC00-14231,1-May-23,325
B2C,PRD:IND:IND-GEODIS WHSE IND US,PAC00-14231,1-Jun-23,326
B2C,PRD:IND:IND-GEODIS WHSE IND US,PAC00-14231,1-Jul-23,372
B2C,PRD:IND:IND-GEODIS WHSE IND US,PAC00-14231,1-Aug-23,388
B2C,PRD:IND:IND-GEODIS WHSE IND US,PAC00-14231,1-Sep-23,372
B2C,PRD:IND:IND-GEODIS WHSE IND US,PAC00-14231,1-Oct-23,340
B2C,PRD:IND:IND-GEODIS WHSE IND US,PAC00-14231,1-Nov-23,326
B2C,PRD:IND:IND-GEODIS WHSE IND US,PAC00-14231,1-Dec-23,314
B2C,PRD:IND:IND-GEODIS WHSE IND US,PAC00-14231,1-Jan-24,429
B2C,PRD:IND:IND-GEODIS WHSE IND US,PAC00-14231,1-Feb-24,389
B2C,PRD:IND:IND-GEODIS WHSE IND US,PAC00-14231,1-Mar-24,286
B2C,PRD:IND:IND-GEODIS WHSE IND US,PAC00-14231,1-Apr-24,123
B2C,PRD:IND:IND-GEODIS WHSE IND US,PAC00-14231,1-May-24,124
B2C,PRD:IND:IND-GEODIS WHSE IND US,PAC00-14231,1-Jun-24,104
B2C,PRD:IND:IND-GEODIS WHSE IND US,PAC00-14231,1-Jul-24,93
B2C,PRD:IND:IND-GEODIS WHSE IND US,PAC00-14231,1-Aug-24,102
B2C,PRD:IND:IND-GEODIS WHSE IND US,PAC00-14231,1-Sep-24,66
B2C,PRD:IND:IND-GEODIS WHSE IND US,PAC00-14231,1-Oct-24,78
B2C,PRD:IND:IND-GEODIS WHSE IND US,PAC00-14231,1-Nov-24,51
B2C,PRD:IND:IND-GEODIS WHSE IND US,PAC00-14231,1-Dec-24,57
B2C,PRD:IND:IND-GEODIS WHSE IND US,PAC00-14231,1-Jan-25,51
B2C,PRD:IND:IND-GEODIS WHSE IND US,PAC00-14231,1-Feb-25,30
B2C,PRD:IND:IND-GEODIS WHSE IND US,PAC00-14231,1-Mar-25,28
B2C,PRD:IND:IND-GEODIS WHSE IND US,PAC00-14231,1-Apr-25,32
B2C,PRD:IND:IND-GEODIS WHSE IND US,PAC00-14231,1-May-25,37
B2C,PRD:IND:IND-GEODIS WHSE IND US,PAC00-14231,1-Jun-25,23
B2C,PRD:IND:IND-GEODIS WHSE IND US,PAC00-14231,1-Jul-25,29
B2C,PRD:IND:IND-GEODIS WHSE IND US,PAC00-14231,1-Aug-25,17
B2C,PRD:IND:IND-GEODIS WHSE IND US,PAC00-14231,1-Sep-25,24
B2C,PRD:IND:IND-GEODIS WHSE IND US,PAC00-14231,1-Oct-25,26
B2C,PRD:IND:IND-GEODIS WHSE IND US,PAC00-14231,1-Nov-25,18
B2C,PRD:IND:IND-GEODIS WHSE IND US,PAC00-14231,1-Dec-25,20
B2C,PRD:IND:IND-GEODIS WHSE IND US,PAC00-14231,1-Jan-26,23
B2C,PRD:IND:IND-GEODIS WHSE IND US,PAC00-14231,1-Feb-26,20
B2C,PRD:IND:IND-GEODIS WHSE IND US,PAC00-14231,1-Mar-26,12
B2C,PRD:IND:IND-GEODIS WHSE IND US,PAC00-14231,1-Apr-26,8
B2C,PRD:IND:IND-GEODIS WHSE IND US,PBC-1000,1-May-23,9
B2C,PRD:IND:IND-GEODIS WHSE IND US,PBC-1000,1-Jun-23,8
B2C,PRD:IND:IND-GEODIS WHSE IND US,PBC-1000,1-Jul-23,7
B2C,PRD:IND:IND-GEODIS WHSE IND US,PBC-1000,1-Aug-23,9
B2C,PRD:IND:IND-GEODIS WHSE IND US,PBC-1000,1-Sep-23,4
B2C,PRD:IND:IND-GEODIS WHSE IND US,PBC-1000,1-Oct-23,9
B2C,PRD:IND:IND-GEODIS WHSE IND US,PBC-1000,1-Nov-23,10
B2C,PRD:IND:IND-GEODIS WHSE IND US,PBC-1000,1-Dec-23,4
B2C,PRD:IND:IND-GEODIS WHSE IND US,PBC-1000,1-Jan-24,7
B2C,PRD:IND:IND-GEODIS WHSE IND US,PBC-1000,1-Feb-24,7
B2C,PRD:IND:IND-GEODIS WHSE IND US,PBC-1000,1-Mar-24,5
B2C,PRD:IND:IND-GEODIS WHSE IND US,PBC-1000,1-Apr-24,3
B2C,PRD:IND:IND-GEODIS WHSE IND US,PBC-1000,1-May-24,3
B2C,PRD:IND:IND-GEODIS WHSE IND US,PBC-1000,1-Jun-24,2
B2C,PRD:IND:IND-GEODIS WHSE IND US,PBC-1000,1-Jul-24,2
B2C,PRD:IND:IND-GEODIS WHSE IND US,PBC-1000,1-Aug-24,7
B2C,PRD:IND:IND-GEODIS WHSE IND US,PBC-1000,1-Sep-24,2
B2C,PRD:IND:IND-GEODIS WHSE IND US,PBC-1000,1-Oct-24,
B2C,PRD:IND:IND-GEODIS WHSE IND US,PBC-1000,1-Nov-24,1
B2C,PRD:IND:IND-GEODIS WHSE IND US,PBC-1000,1-Dec-24,3
B2C,PRD:IND:IND-GEODIS WHSE IND US,PBC-1000,1-Jan-25,2
B2C,PRD:IND:IND-GEODIS WHSE IND US,PBC-1000,1-Feb-25,2
B2C,PRD:IND:IND-GEODIS WHSE IND US,PBC-1000,1-Mar-25,3
B2C,PRD:IND:IND-GEODIS WHSE IND US,PBC-1000,1-Apr-25,8
B2C,PRD:IND:IND-GEODIS WHSE IND US,PBC-1000,1-May-25,5
B2C,PRD:IND:IND-GEODIS WHSE IND US,PBC-1000,1-Jun-25,4
B2C,PRD:IND:IND-GEODIS WHSE IND US,PBC-1000,1-Jul-25,4
B2C,PRD:IND:IND-GEODIS WHSE IND US,PBC-1000,1-Aug-25,4
B2C,PRD:IND:IND-GEODIS WHSE IND US,PBC-1000,1-Sep-25,1
B2C,PRD:IND:IND-GEODIS WHSE IND US,PBC-1000,1-Oct-25,2
B2C,PRD:IND:IND-GEODIS WHSE IND US,PBC-1000,1-Nov-25,1
B2C,PRD:IND:IND-GEODIS WHSE IND US,PBC-1000,1-Dec-25,1
B2C,PRD:IND:IND-GEODIS WHSE IND US,PBC-1000,1-Jan-26,3
B2C,PRD:IND:IND-GEODIS WHSE IND US,PBC-1000,1-Feb-26,3
B2C,PRD:IND:IND-GEODIS WHSE IND US,PBC-1000,1-Mar-26,2
B2C,PRD:IND:IND-GEODIS WHSE IND US,PBC-1000,1-Apr-26,9
B2C,PRD:WCB:WCB-WEST COAST B2B INV ORG,PAC00-14231,1-May-23,95
B2C,PRD:WCB:WCB-WEST COAST B2B INV ORG,PAC00-14231,1-Jun-23,78
B2C,PRD:WCB:WCB-WEST COAST B2B INV ORG,PAC00-14231,1-Jul-23,105
B2C,PRD:WCB:WCB-WEST COAST B2B INV ORG,PAC00-14231,1-Aug-23,99
B2C,PRD:WCB:WCB-WEST COAST B2B INV ORG,PAC00-14231,1-Sep-23,92
B2C,PRD:WCB:WCB-WEST COAST B2B INV ORG,PAC00-14231,1-Oct-23,92
B2C,PRD:WCB:WCB-WEST COAST B2B INV ORG,PAC00-14231,1-Nov-23,95
B2C,PRD:WCB:WCB-WEST COAST B2B INV ORG,PAC00-14231,1-Dec-23,99
B2C,PRD:WCB:WCB-WEST COAST B2B INV ORG,PAC00-14231,1-Jan-24,118
B2C,PRD:WCB:WCB-WEST COAST B2B INV ORG,PAC00-14231,1-Feb-24,104
B2C,PRD:WCB:WCB-WEST COAST B2B INV ORG,PAC00-14231,1-Mar-24,72
B2C,PRD:WCB:WCB-WEST COAST B2B INV ORG,PAC00-14231,1-Apr-24,26
B2C,PRD:WCB:WCB-WEST COAST B2B INV ORG,PAC00-14231,1-May-24,26
B2C,PRD:WCB:WCB-WEST COAST B2B INV ORG,PAC00-14231,1-Jun-24,23
B2C,PRD:WCB:WCB-WEST COAST B2B INV ORG,PAC00-14231,1-Jul-24,26
B2C,PRD:WCB:WCB-WEST COAST B2B INV ORG,PAC00-14231,1-Aug-24,23
B2C,PRD:WCB:WCB-WEST COAST B2B INV ORG,PAC00-14231,1-Sep-24,21
B2C,PRD:WCB:WCB-WEST COAST B2B INV ORG,PAC00-14231,1-Oct-24,15
B2C,PRD:WCB:WCB-WEST COAST B2B INV ORG,PAC00-14231,1-Nov-24,15
B2C,PRD:WCB:WCB-WEST COAST B2B INV ORG,PAC00-14231,1-Dec-24,11
B2C,PRD:WCB:WCB-WEST COAST B2B INV ORG,PAC00-14231,1-Jan-25,9
B2C,PRD:WCB:WCB-WEST COAST B2B INV ORG,PAC00-14231,1-Feb-25,9
B2C,PRD:WCB:WCB-WEST COAST B2B INV ORG,PAC00-14231,1-Mar-25,5
B2C,PRD:WCB:WCB-WEST COAST B2B INV ORG,PAC00-14231,1-Apr-25,7
B2C,PRD:WCB:WCB-WEST COAST B2B INV ORG,PAC00-14231,1-May-25,9
B2C,PRD:WCB:WCB-WEST COAST B2B INV ORG,PAC00-14231,1-Jun-25,1
B2C,PRD:WCB:WCB-WEST COAST B2B INV ORG,PAC00-14231,1-Jul-25,4
B2C,PRD:WCB:WCB-WEST COAST B2B INV ORG,PAC00-14231,1-Aug-25,9
B2C,PRD:WCB:WCB-WEST COAST B2B INV ORG,PAC00-14231,1-Sep-25,3
B2C,PRD:WCB:WCB-WEST COAST B2B INV ORG,PAC00-14231,1-Oct-25,5
B2C,PRD:WCB:WCB-WEST COAST B2B INV ORG,PAC00-14231,1-Nov-25,4
B2C,PRD:WCB:WCB-WEST COAST B2B INV ORG,PAC00-14231,1-Dec-25,4
B2C,PRD:WCB:WCB-WEST COAST B2B INV ORG,PAC00-14231,1-Jan-26,6
B2C,PRD:WCB:WCB-WEST COAST B2B INV ORG,PAC00-14231,1-Feb-26,10
B2C,PRD:WCB:WCB-WEST COAST B2B INV ORG,PAC00-14231,1-Mar-26,5
B2C,PRD:WCB:WCB-WEST COAST B2B INV ORG,PAC00-14231,1-Apr-26,2
B2C,PRD:WCB:WCB-WEST COAST B2B INV ORG,PBC-1000,1-May-23,
B2C,PRD:WCB:WCB-WEST COAST B2B INV ORG,PBC-1000,1-Jun-23,
B2C,PRD:WCB:WCB-WEST COAST B2B INV ORG,PBC-1000,1-Jul-23,
B2C,PRD:WCB:WCB-WEST COAST B2B INV ORG,PBC-1000,1-Aug-23,
B2C,PRD:WCB:WCB-WEST COAST B2B INV ORG,PBC-1000,1-Sep-23,
B2C,PRD:WCB:WCB-WEST COAST B2B INV ORG,PBC-1000,1-Oct-23,
B2C,PRD:WCB:WCB-WEST COAST B2B INV ORG,PBC-1000,1-Nov-23,
B2C,PRD:WCB:WCB-WEST COAST B2B INV ORG,PBC-1000,1-Dec-23,
B2C,PRD:WCB:WCB-WEST COAST B2B INV ORG,PBC-1000,1-Jan-24,
B2C,PRD:WCB:WCB-WEST COAST B2B INV ORG,PBC-1000,1-Feb-24,
B2C,PRD:WCB:WCB-WEST COAST B2B INV ORG,PBC-1000,1-Mar-24,
B2C,PRD:WCB:WCB-WEST COAST B2B INV ORG,PBC-1000,1-Apr-24,
B2C,PRD:WCB:WCB-WEST COAST B2B INV ORG,PBC-1000,1-May-24,
B2C,PRD:WCB:WCB-WEST COAST B2B INV ORG,PBC-1000,1-Jun-24,
B2C,PRD:WCB:WCB-WEST COAST B2B INV ORG,PBC-1000,1-Jul-24,
B2C,PRD:WCB:WCB-WEST COAST B2B INV ORG,PBC-1000,1-Aug-24,
B2C,PRD:WCB:WCB-WEST COAST B2B INV ORG,PBC-1000,1-Sep-24,
B2C,PRD:WCB:WCB-WEST COAST B2B INV ORG,PBC-1000,1-Oct-24,
B2C,PRD:WCB:WCB-WEST COAST B2B INV ORG,PBC-1000,1-Nov-24,
B2C,PRD:WCB:WCB-WEST COAST B2B INV ORG,PBC-1000,1-Dec-24,
B2C,PRD:WCB:WCB-WEST COAST B2B INV ORG,PBC-1000,1-Jan-25,
B2C,PRD:WCB:WCB-WEST COAST B2B INV ORG,PBC-1000,1-Feb-25,
B2C,PRD:WCB:WCB-WEST COAST B2B INV ORG,PBC-1000,1-Mar-25,
B2C,PRD:WCB:WCB-WEST COAST B2B INV ORG,PBC-1000,1-Apr-25,
B2C,PRD:WCB:WCB-WEST COAST B2B INV ORG,PBC-1000,1-May-25,
B2C,PRD:WCB:WCB-WEST COAST B2B INV ORG,PBC-1000,1-Jun-25,
B2C,PRD:WCB:WCB-WEST COAST B2B INV ORG,PBC-1000,1-Jul-25,
B2C,PRD:WCB:WCB-WEST COAST B2B INV ORG,PBC-1000,1-Aug-25,
B2C,PRD:WCB:WCB-WEST COAST B2B INV ORG,PBC-1000,1-Sep-25,
B2C,PRD:WCB:WCB-WEST COAST B2B INV ORG,PBC-1000,1-Oct-25,
B2C,PRD:WCB:WCB-WEST COAST B2B INV ORG,PBC-1000,1-Nov-25,
B2C,PRD:WCB:WCB-WEST COAST B2B INV ORG,PBC-1000,1-Dec-25,
B2C,PRD:WCB:WCB-WEST COAST B2B INV ORG,PBC-1000,1-Jan-26,
B2C,PRD:WCB:WCB-WEST COAST B2B INV ORG,PBC-1000,1-Feb-26,
B2C,PRD:WCB:WCB-WEST COAST B2B INV ORG,PBC-1000,1-Mar-26,
B2C,PRD:WCB:WCB-WEST COAST B2B INV ORG,PBC-1000,1-Apr-26,1
BACK YARD BUDDIES,PRD:IND:IND-GEODIS WHSE IND US,PBC-1000,1-May-23,
BACK YARD BUDDIES,PRD:IND:IND-GEODIS WHSE IND US,PBC-1000,1-Jun-23,
BACK YARD BUDDIES,PRD:IND:IND-GEODIS WHSE IND US,PBC-1000,1-Jul-23,
BACK YARD BUDDIES,PRD:IND:IND-GEODIS WHSE IND US,PBC-1000,1-Aug-23,
BACK YARD BUDDIES,PRD:IND:IND-GEODIS WHSE IND US,PBC-1000,1-Sep-23,
BACK YARD BUDDIES,PRD:IND:IND-GEODIS WHSE IND US,PBC-1000,1-Oct-23,
BACK YARD BUDDIES,PRD:IND:IND-GEODIS WHSE IND US,PBC-1000,1-Nov-23,
BACK YARD BUDDIES,PRD:IND:IND-GEODIS WHSE IND US,PBC-1000,1-Dec-23,
BACK YARD BUDDIES,PRD:IND:IND-GEODIS WHSE IND US,PBC-1000,1-Jan-24,
BACK YARD BUDDIES,PRD:IND:IND-GEODIS WHSE IND US,PBC-1000,1-Feb-24,
BACK YARD BUDDIES,PRD:IND:IND-GEODIS WHSE IND US,PBC-1000,1-Mar-24,
BACK YARD BUDDIES,PRD:IND:IND-GEODIS WHSE IND US,PBC-1000,1-Apr-24,1
BACK YARD BUDDIES,PRD:IND:IND-GEODIS WHSE IND US,PBC-1000,1-May-24,
BACK YARD BUDDIES,PRD:IND:IND-GEODIS WHSE IND US,PBC-1000,1-Jun-24,
BACK YARD BUDDIES,PRD:IND:IND-GEODIS WHSE IND US,PBC-1000,1-Jul-24,
BACK YARD BUDDIES,PRD:IND:IND-GEODIS WHSE IND US,PBC-1000,1-Aug-24,
BACK YARD BUDDIES,PRD:IND:IND-GEODIS WHSE IND US,PBC-1000,1-Sep-24,
BACK YARD BUDDIES,PRD:IND:IND-GEODIS WHSE IND US,PBC-1000,1-Oct-24,
BACK YARD BUDDIES,PRD:IND:IND-GEODIS WHSE IND US,PBC-1000,1-Nov-24,
BACK YARD BUDDIES,PRD:IND:IND-GEODIS WHSE IND US,PBC-1000,1-Dec-24,
BACK YARD BUDDIES,PRD:IND:IND-GEODIS WHSE IND US,PBC-1000,1-Jan-25,
BACK YARD BUDDIES,PRD:IND:IND-GEODIS WHSE IND US,PBC-1000,1-Feb-25,
BACK YARD BUDDIES,PRD:IND:IND-GEODIS WHSE IND US,PBC-1000,1-Mar-25,
BACK YARD BUDDIES,PRD:IND:IND-GEODIS WHSE IND US,PBC-1000,1-Apr-25,
BACK YARD BUDDIES,PRD:IND:IND-GEODIS WHSE IND US,PBC-1000,1-May-25,
BACK YARD BUDDIES,PRD:IND:IND-GEODIS WHSE IND US,PBC-1000,1-Jun-25,
BACK YARD BUDDIES,PRD:IND:IND-GEODIS WHSE IND US,PBC-1000,1-Jul-25,
BACK YARD BUDDIES,PRD:IND:IND-GEODIS WHSE IND US,PBC-1000,1-Aug-25,
BACK YARD BUDDIES,PRD:IND:IND-GEODIS WHSE IND US,PBC-1000,1-Sep-25,
BACK YARD BUDDIES,PRD:IND:IND-GEODIS WHSE IND US,PBC-1000,1-Oct-25,
BACK YARD BUDDIES,PRD:IND:IND-GEODIS WHSE IND US,PBC-1000,1-Nov-25,
BACK YARD BUDDIES,PRD:IND:IND-GEODIS WHSE IND US,PBC-1000,1-Dec-25,
BACK YARD BUDDIES,PRD:IND:IND-GEODIS WHSE IND US,PBC-1000,1-Jan-26,
BACK YARD BUDDIES,PRD:IND:IND-GEODIS WHSE IND US,PBC-1000,1-Feb-26,
BACK YARD BUDDIES,PRD:IND:IND-GEODIS WHSE IND US,PBC-1000,1-Mar-26,
BACK YARD BUDDIES,PRD:IND:IND-GEODIS WHSE IND US,PBC-1000,1-Apr-26,
BALL GROUND HOUNDS LLC,PRD:IND:IND-GEODIS WHSE IND US,PBC-1000,1-May-23,1
BALL GROUND HOUNDS LLC,PRD:IND:IND-GEODIS WHSE IND US,PBC-1000,1-Jun-23,
BALL GROUND HOUNDS LLC,PRD:IND:IND-GEODIS WHSE IND US,PBC-1000,1-Jul-23,
BALL GROUND HOUNDS LLC,PRD:IND:IND-GEODIS WHSE IND US,PBC-1000,1-Aug-23,
BALL GROUND HOUNDS LLC,PRD:IND:IND-GEODIS WHSE IND US,PBC-1000,1-Sep-23,
BALL GROUND HOUNDS LLC,PRD:IND:IND-GEODIS WHSE IND US,PBC-1000,1-Oct-23,
BALL GROUND HOUNDS LLC,PRD:IND:IND-GEODIS WHSE IND US,PBC-1000,1-Nov-23,
BALL GROUND HOUNDS LLC,PRD:IND:IND-GEODIS WHSE IND US,PBC-1000,1-Dec-23,
BALL GROUND HOUNDS LLC,PRD:IND:IND-GEODIS WHSE IND US,PBC-1000,1-Jan-24,
BALL GROUND HOUNDS LLC,PRD:IND:IND-GEODIS WHSE IND US,PBC-1000,1-Feb-24,
BALL GROUND HOUNDS LLC,PRD:IND:IND-GEODIS WHSE IND US,PBC-1000,1-Mar-24,
BALL GROUND HOUNDS LLC,PRD:IND:IND-GEODIS WHSE IND US,PBC-1000,1-Apr-24,
BALL GROUND HOUNDS LLC,PRD:IND:IND-GEODIS WHSE IND US,PBC-1000,1-May-24,
BALL GROUND HOUNDS LLC,PRD:IND:IND-GEODIS WHSE IND US,PBC-1000,1-Jun-24,
BALL GROUND HOUNDS LLC,PRD:IND:IND-GEODIS WHSE IND US,PBC-1000,1-Jul-24,
BALL GROUND HOUNDS LLC,PRD:IND:IND-GEODIS WHSE IND US,PBC-1000,1-Aug-24,
BALL GROUND HOUNDS LLC,PRD:IND:IND-GEODIS WHSE IND US,PBC-1000,1-Sep-24,
BALL GROUND HOUNDS LLC,PRD:IND:IND-GEODIS WHSE IND US,PBC-1000,1-Oct-24,
BALL GROUND HOUNDS LLC,PRD:IND:IND-GEODIS WHSE IND US,PBC-1000,1-Nov-24,
BALL GROUND HOUNDS LLC,PRD:IND:IND-GEODIS WHSE IND US,PBC-1000,1-Dec-24,
BALL GROUND HOUNDS LLC,PRD:IND:IND-GEODIS WHSE IND US,PBC-1000,1-Jan-25,
BALL GROUND HOUNDS LLC,PRD:IND:IND-GEODIS WHSE IND US,PBC-1000,1-Feb-25,
BALL GROUND HOUNDS LLC,PRD:IND:IND-GEODIS WHSE IND US,PBC-1000,1-Mar-25,
BALL GROUND HOUNDS LLC,PRD:IND:IND-GEODIS WHSE IND US,PBC-1000,1-Apr-25,
BALL GROUND HOUNDS LLC,PRD:IND:IND-GEODIS WHSE IND US,PBC-1000,1-May-25,
BALL GROUND HOUNDS LLC,PRD:IND:IND-GEODIS WHSE IND US,PBC-1000,1-Jun-25,
BALL GROUND HOUNDS LLC,PRD:IND:IND-GEODIS WHSE IND US,PBC-1000,1-Jul-25,
BALL GROUND HOUNDS LLC,PRD:IND:IND-GEODIS WHSE IND US,PBC-1000,1-Aug-25,
BALL GROUND HOUNDS LLC,PRD:IND:IND-GEODIS WHSE IND US,PBC-1000,1-Sep-25,
BALL GROUND HOUNDS LLC,PRD:IND:IND-GEODIS WHSE IND US,PBC-1000,1-Oct-25,
BALL GROUND HOUNDS LLC,PRD:IND:IND-GEODIS WHSE IND US,PBC-1000,1-Nov-25,
BALL GROUND HOUNDS LLC,PRD:IND:IND-GEODIS WHSE IND US,PBC-1000,1-Dec-25,
BALL GROUND HOUNDS LLC,PRD:IND:IND-GEODIS WHSE IND US,PBC-1000,1-Jan-26,
BALL GROUND HOUNDS LLC,PRD:IND:IND-GEODIS WHSE IND US,PBC-1000,1-Feb-26,
BALL GROUND HOUNDS LLC,PRD:IND:IND-GEODIS WHSE IND US,PBC-1000,1-Mar-26,
BALL GROUND HOUNDS LLC,PRD:IND:IND-GEODIS WHSE IND US,PBC-1000,1-Apr-26,
BARK AVE LLC,PRD:IND:IND-GEODIS WHSE IND US,PAC00-14231,1-May-23,
BARK AVE LLC,PRD:IND:IND-GEODIS WHSE IND US,PAC00-14231,1-Jun-23,
BARK AVE LLC,PRD:IND:IND-GEODIS WHSE IND US,PAC00-14231,1-Jul-23,
BARK AVE LLC,PRD:IND:IND-GEODIS WHSE IND US,PAC00-14231,1-Aug-23,
BARK AVE LLC,PRD:IND:IND-GEODIS WHSE IND US,PAC00-14231,1-Sep-23,
BARK AVE LLC,PRD:IND:IND-GEODIS WHSE IND US,PAC00-14231,1-Oct-23,3
BARK AVE LLC,PRD:IND:IND-GEODIS WHSE IND US,PAC00-14231,1-Nov-23,
BARK AVE LLC,PRD:IND:IND-GEODIS WHSE IND US,PAC00-14231,1-Dec-23,
BARK AVE LLC,PRD:IND:IND-GEODIS WHSE IND US,PAC00-14231,1-Jan-24,
BARK AVE LLC,PRD:IND:IND-GEODIS WHSE IND US,PAC00-14231,1-Feb-24,
BARK AVE LLC,PRD:IND:IND-GEODIS WHSE IND US,PAC00-14231,1-Mar-24,
BARK AVE LLC,PRD:IND:IND-GEODIS WHSE IND US,PAC00-14231,1-Apr-24,
BARK AVE LLC,PRD:IND:IND-GEODIS WHSE IND US,PAC00-14231,1-May-24,
BARK AVE LLC,PRD:IND:IND-GEODIS WHSE IND US,PAC00-14231,1-Jun-24,
BARK AVE LLC,PRD:IND:IND-GEODIS WHSE IND US,PAC00-14231,1-Jul-24,
BARK AVE LLC,PRD:IND:IND-GEODIS WHSE IND US,PAC00-14231,1-Aug-24,
BARK AVE LLC,PRD:IND:IND-GEODIS WHSE IND US,PAC00-14231,1-Sep-24,
BARK AVE LLC,PRD:IND:IND-GEODIS WHSE IND US,PAC00-14231,1-Oct-24,
BARK AVE LLC,PRD:IND:IND-GEODIS WHSE IND US,PAC00-14231,1-Nov-24,
BARK AVE LLC,PRD:IND:IND-GEODIS WHSE IND US,PAC00-14231,1-Dec-24,
BARK AVE LLC,PRD:IND:IND-GEODIS WHSE IND US,PAC00-14231,1-Jan-25,
BARK AVE LLC,PRD:IND:IND-GEODIS WHSE IND US,PAC00-14231,1-Feb-25,
BARK AVE LLC,PRD:IND:IND-GEODIS WHSE IND US,PAC00-14231,1-Mar-25,
BARK AVE LLC,PRD:IND:IND-GEODIS WHSE IND US,PAC00-14231,1-Apr-25,
BARK AVE LLC,PRD:IND:IND-GEODIS WHSE IND US,PAC00-14231,1-May-25,
BARK AVE LLC,PRD:IND:IND-GEODIS WHSE IND US,PAC00-14231,1-Jun-25,
BARK AVE LLC,PRD:IND:IND-GEODIS WHSE IND US,PAC00-14231,1-Jul-25,
BARK AVE LLC,PRD:IND:IND-GEODIS WHSE IND US,PAC00-14231,1-Aug-25,
BARK AVE LLC,PRD:IND:IND-GEODIS WHSE IND US,PAC00-14231,1-Sep-25,
BARK AVE LLC,PRD:IND:IND-GEODIS WHSE IND US,PAC00-14231,1-Oct-25,
BARK AVE LLC,PRD:IND:IND-GEODIS WHSE IND US,PAC00-14231,1-Nov-25,
BARK AVE LLC,PRD:IND:IND-GEODIS WHSE IND US,PAC00-14231,1-Dec-25,
BARK AVE LLC,PRD:IND:IND-GEODIS WHSE IND US,PAC00-14231,1-Jan-26,
BARK AVE LLC,PRD:IND:IND-GEODIS WHSE IND US,PAC00-14231,1-Feb-26,
BARK AVE LLC,PRD:IND:IND-GEODIS WHSE IND US,PAC00-14231,1-Mar-26,
BARK AVE LLC,PRD:IND:IND-GEODIS WHSE IND US,PAC00-14231,1-Apr-26,
BAXTERBOO,PRD:IND:IND-GEODIS WHSE IND US,PBC-1000,1-May-23,
BAXTERBOO,PRD:IND:IND-GEODIS WHSE IND US,PBC-1000,1-Jun-23,
BAXTERBOO,PRD:IND:IND-GEODIS WHSE IND US,PBC-1000,1-Jul-23,
BAXTERBOO,PRD:IND:IND-GEODIS WHSE IND US,PBC-1000,1-Aug-23,
BAXTERBOO,PRD:IND:IND-GEODIS WHSE IND US,PBC-1000,1-Sep-23,
BAXTERBOO,PRD:IND:IND-GEODIS WHSE IND US,PBC-1000,1-Oct-23,
BAXTERBOO,PRD:IND:IND-GEODIS WHSE IND US,PBC-1000,1-Nov-23,
BAXTERBOO,PRD:IND:IND-GEODIS WHSE IND US,PBC-1000,1-Dec-23,
BAXTERBOO,PRD:IND:IND-GEODIS WHSE IND US,PBC-1000,1-Jan-24,
BAXTERBOO,PRD:IND:IND-GEODIS WHSE IND US,PBC-1000,1-Feb-24,
BAXTERBOO,PRD:IND:IND-GEODIS WHSE IND US,PBC-1000,1-Mar-24,
BAXTERBOO,PRD:IND:IND-GEODIS WHSE IND US,PBC-1000,1-Apr-24,
BAXTERBOO,PRD:IND:IND-GEODIS WHSE IND US,PBC-1000,1-May-24,
BAXTERBOO,PRD:IND:IND-GEODIS WHSE IND US,PBC-1000,1-Jun-24,
BAXTERBOO,PRD:IND:IND-GEODIS WHSE IND US,PBC-1000,1-Jul-24,
BAXTERBOO,PRD:IND:IND-GEODIS WHSE IND US,PBC-1000,1-Aug-24,
BAXTERBOO,PRD:IND:IND-GEODIS WHSE IND US,PBC-1000,1-Sep-24,1
BAXTERBOO,PRD:IND:IND-GEODIS WHSE IND US,PBC-1000,1-Oct-24,
BAXTERBOO,PRD:IND:IND-GEODIS WHSE IND US,PBC-1000,1-Nov-24,
BAXTERBOO,PRD:IND:IND-GEODIS WHSE IND US,PBC-1000,1-Dec-24,1
BAXTERBOO,PRD:IND:IND-GEODIS WHSE IND US,PBC-1000,1-Jan-25,
BAXTERBOO,PRD:IND:IND-GEODIS WHSE IND US,PBC-1000,1-Feb-25,
BAXTERBOO,PRD:IND:IND-GEODIS WHSE IND US,PBC-1000,1-Mar-25,
BAXTERBOO,PRD:IND:IND-GEODIS WHSE IND US,PBC-1000,1-Apr-25,1
BAXTERBOO,PRD:IND:IND-GEODIS WHSE IND US,PBC-1000,1-May-25,
BAXTERBOO,PRD:IND:IND-GEODIS WHSE IND US,PBC-1000,1-Jun-25,
BAXTERBOO,PRD:IND:IND-GEODIS WHSE IND US,PBC-1000,1-Jul-25,
BAXTERBOO,PRD:IND:IND-GEODIS WHSE IND US,PBC-1000,1-Aug-25,
BAXTERBOO,PRD:IND:IND-GEODIS WHSE IND US,PBC-1000,1-Sep-25,
BAXTERBOO,PRD:IND:IND-GEODIS WHSE IND US,PBC-1000,1-Oct-25,
BAXTERBOO,PRD:IND:IND-GEODIS WHSE IND US,PBC-1000,1-Nov-25,
BAXTERBOO,PRD:IND:IND-GEODIS WHSE IND US,PBC-1000,1-Dec-25,
BAXTERBOO,PRD:IND:IND-GEODIS WHSE IND US,PBC-1000,1-Jan-26,
BAXTERBOO,PRD:IND:IND-GEODIS WHSE IND US,PBC-1000,1-Feb-26,
BAXTERBOO,PRD:IND:IND-GEODIS WHSE IND US,PBC-1000,1-Mar-26,
BAXTERBOO,PRD:IND:IND-GEODIS WHSE IND US,PBC-1000,1-Apr-26,
BENSON'S - REMARK,PRD:IND:IND-GEODIS WHSE IND US,PAC00-14231,1-May-23,
BENSON'S - REMARK,PRD:IND:IND-GEODIS WHSE IND US,PAC00-14231,1-Jun-23,7
BENSON'S - REMARK,PRD:IND:IND-GEODIS WHSE IND US,PAC00-14231,1-Jul-23,4
BENSON'S - REMARK,PRD:IND:IND-GEODIS WHSE IND US,PAC00-14231,1-Aug-23,
BENSON'S - REMARK,PRD:IND:IND-GEODIS WHSE IND US,PAC00-14231,1-Sep-23,22
BENSON'S - REMARK,PRD:IND:IND-GEODIS WHSE IND US,PAC00-14231,1-Oct-23,7
BENSON'S - REMARK,PRD:IND:IND-GEODIS WHSE IND US,PAC00-14231,1-Nov-23,9
BENSON'S - REMARK,PRD:IND:IND-GEODIS WHSE IND US,PAC00-14231,1-Dec-23,6
BENSON'S - REMARK,PRD:IND:IND-GEODIS WHSE IND US,PAC00-14231,1-Jan-24,12
BENSON'S - REMARK,PRD:IND:IND-GEODIS WHSE IND US,PAC00-14231,1-Feb-24,
BENSON'S - REMARK,PRD:IND:IND-GEODIS WHSE IND US,PAC00-14231,1-Mar-24,
BENSON'S - REMARK,PRD:IND:IND-GEODIS WHSE IND US,PAC00-14231,1-Apr-24,18
BENSON'S - REMARK,PRD:IND:IND-GEODIS WHSE IND US,PAC00-14231,1-May-24,
BENSON'S - REMARK,PRD:IND:IND-GEODIS WHSE IND US,PAC00-14231,1-Jun-24,15
BENSON'S - REMARK,PRD:IND:IND-GEODIS WHSE IND US,PAC00-14231,1-Jul-24,5
BENSON'S - REMARK,PRD:IND:IND-GEODIS WHSE IND US,PAC00-14231,1-Aug-24,12
BENSON'S - REMARK,PRD:IND:IND-GEODIS WHSE IND US,PAC00-14231,1-Sep-24,
BENSON'S - REMARK,PRD:IND:IND-GEODIS WHSE IND US,PAC00-14231,1-Oct-24,5
BENSON'S - REMARK,PRD:IND:IND-GEODIS WHSE IND US,PAC00-14231,1-Nov-24,
BENSON'S - REMARK,PRD:IND:IND-GEODIS WHSE IND US,PAC00-14231,1-Dec-24,
BENSON'S - REMARK,PRD:IND:IND-GEODIS WHSE IND US,PAC00-14231,1-Jan-25,
BENSON'S - REMARK,PRD:IND:IND-GEODIS WHSE IND US,PAC00-14231,1-Feb-25,
BENSON'S - REMARK,PRD:IND:IND-GEODIS WHSE IND US,PAC00-14231,1-Mar-25,
BENSON'S - REMARK,PRD:IND:IND-GEODIS WHSE IND US,PAC00-14231,1-Apr-25,
BENSON'S - REMARK,PRD:IND:IND-GEODIS WHSE IND US,PAC00-14231,1-May-25,
BENSON'S - REMARK,PRD:IND:IND-GEODIS WHSE IND US,PAC00-14231,1-Jun-25,
BENSON'S - REMARK,PRD:IND:IND-GEODIS WHSE IND US,PAC00-14231,1-Jul-25,
BENSON'S - REMARK,PRD:IND:IND-GEODIS WHSE IND US,PAC00-14231,1-Aug-25,
BENSON'S - REMARK,PRD:IND:IND-GEODIS WHSE IND US,PAC00-14231,1-Sep-25,
BENSON'S - REMARK,PRD:IND:IND-GEODIS WHSE IND US,PAC00-14231,1-Oct-25,
BENSON'S - REMARK,PRD:IND:IND-GEODIS WHSE IND US,PAC00-14231,1-Nov-25,
BENSON'S - REMARK,PRD:IND:IND-GEODIS WHSE IND US,PAC00-14231,1-Dec-25,
BENSON'S - REMARK,PRD:IND:IND-GEODIS WHSE IND US,PAC00-14231,1-Jan-26,
BENSON'S - REMARK,PRD:IND:IND-GEODIS WHSE IND US,PAC00-14231,1-Feb-26,
BENSON'S - REMARK,PRD:IND:IND-GEODIS WHSE IND US,PAC00-14231,1-Mar-26,
BENSON'S - REMARK,PRD:IND:IND-GEODIS WHSE IND US,PAC00-14231,1-Apr-26,
BERNARDO RAMIREZ,PRD:IND:IND-GEODIS WHSE IND US,PAC00-14231,1-May-23,
BERNARDO RAMIREZ,PRD:IND:IND-GEODIS WHSE IND US,PAC00-14231,1-Jun-23,6
BERNARDO RAMIREZ,PRD:IND:IND-GEODIS WHSE IND US,PAC00-14231,1-Jul-23,
BERNARDO RAMIREZ,PRD:IND:IND-GEODIS WHSE IND US,PAC00-14231,1-Aug-23,
BERNARDO RAMIREZ,PRD:IND:IND-GEODIS WHSE IND US,PAC00-14231,1-Sep-23,
BERNARDO RAMIREZ,PRD:IND:IND-GEODIS WHSE IND US,PAC00-14231,1-Oct-23,
BERNARDO RAMIREZ,PRD:IND:IND-GEODIS WHSE IND US,PAC00-14231,1-Nov-23,4
BERNARDO RAMIREZ,PRD:IND:IND-GEODIS WHSE IND US,PAC00-14231,1-Dec-23,
BERNARDO RAMIREZ,PRD:IND:IND-GEODIS WHSE IND US,PAC00-14231,1-Jan-24,
BERNARDO RAMIREZ,PRD:IND:IND-GEODIS WHSE IND US,PAC00-14231,1-Feb-24,
BERNARDO RAMIREZ,PRD:IND:IND-GEODIS WHSE IND US,PAC00-14231,1-Mar-24,5
BERNARDO RAMIREZ,PRD:IND:IND-GEODIS WHSE IND US,PAC00-14231,1-Apr-24,
BERNARDO RAMIREZ,PRD:IND:IND-GEODIS WHSE IND US,PAC00-14231,1-May-24,2
BERNARDO RAMIREZ,PRD:IND:IND-GEODIS WHSE IND US,PAC00-14231,1-Jun-24,
BERNARDO RAMIREZ,PRD:IND:IND-GEODIS WHSE IND US,PAC00-14231,1-Jul-24,2
BERNARDO RAMIREZ,PRD:IND:IND-GEODIS WHSE IND US,PAC00-14231,1-Aug-24,
BERNARDO RAMIREZ,PRD:IND:IND-GEODIS WHSE IND US,PAC00-14231,1-Sep-24,6
BERNARDO RAMIREZ,PRD:IND:IND-GEODIS WHSE IND US,PAC00-14231,1-Oct-24,
BERNARDO RAMIREZ,PRD:IND:IND-GEODIS WHSE IND US,PAC00-14231,1-Nov-24,
BERNARDO RAMIREZ,PRD:IND:IND-GEODIS WHSE IND US,PAC00-14231,1-Dec-24,9
BERNARDO RAMIREZ,PRD:IND:IND-GEODIS WHSE IND US,PAC00-14231,1-Jan-25,
BERNARDO RAMIREZ,PRD:IND:IND-GEODIS WHSE IND US,PAC00-14231,1-Feb-25,
BERNARDO RAMIREZ,PRD:IND:IND-GEODIS WHSE IND US,PAC00-14231,1-Mar-25,
BERNARDO RAMIREZ,PRD:IND:IND-GEODIS WHSE IND US,PAC00-14231,1-Apr-25,
BERNARDO RAMIREZ,PRD:IND:IND-GEODIS WHSE IND US,PAC00-14231,1-May-25,
BERNARDO RAMIREZ,PRD:IND:IND-GEODIS WHSE IND US,PAC00-14231,1-Jun-25,
BERNARDO RAMIREZ,PRD:IND:IND-GEODIS WHSE IND US,PAC00-14231,1-Jul-25,3
BERNARDO RAMIREZ,PRD:IND:IND-GEODIS WHSE IND US,PAC00-14231,1-Aug-25,
BERNARDO RAMIREZ,PRD:IND:IND-GEODIS WHSE IND US,PAC00-14231,1-Sep-25,
BERNARDO RAMIREZ,PRD:IND:IND-GEODIS WHSE IND US,PAC00-14231,1-Oct-25,
BERNARDO RAMIREZ,PRD:IND:IND-GEODIS WHSE IND US,PAC00-14231,1-Nov-25,
BERNARDO RAMIREZ,PRD:IND:IND-GEODIS WHSE IND US,PAC00-14231,1-Dec-25,5
BERNARDO RAMIREZ,PRD:IND:IND-GEODIS WHSE IND US,PAC00-14231,1-Jan-26,
BERNARDO RAMIREZ,PRD:IND:IND-GEODIS WHSE IND US,PAC00-14231,1-Feb-26,
BERNARDO RAMIREZ,PRD:IND:IND-GEODIS WHSE IND US,PAC00-14231,1-Mar-26,
BERNARDO RAMIREZ,PRD:IND:IND-GEODIS WHSE IND US,PAC00-14231,1-Apr-26,4
BERNARDO RAMIREZ,PRD:IND:IND-GEODIS WHSE IND US,PBC-1000,1-May-23,
BERNARDO RAMIREZ,PRD:IND:IND-GEODIS WHSE IND US,PBC-1000,1-Jun-23,
BERNARDO RAMIREZ,PRD:IND:IND-GEODIS WHSE IND US,PBC-1000,1-Jul-23,
BERNARDO RAMIREZ,PRD:IND:IND-GEODIS WHSE IND US,PBC-1000,1-Aug-23,
BERNARDO RAMIREZ,PRD:IND:IND-GEODIS WHSE IND US,PBC-1000,1-Sep-23,4
BERNARDO RAMIREZ,PRD:IND:IND-GEODIS WHSE IND US,PBC-1000,1-Oct-23,
BERNARDO RAMIREZ,PRD:IND:IND-GEODIS WHSE IND US,PBC-1000,1-Nov-23,2
BERNARDO RAMIREZ,PRD:IND:IND-GEODIS WHSE IND US,PBC-1000,1-Dec-23,
BERNARDO RAMIREZ,PRD:IND:IND-GEODIS WHSE IND US,PBC-1000,1-Jan-24,
BERNARDO RAMIREZ,PRD:IND:IND-GEODIS WHSE IND US,PBC-1000,1-Feb-24,
BERNARDO RAMIREZ,PRD:IND:IND-GEODIS WHSE IND US,PBC-1000,1-Mar-24,4
BERNARDO RAMIREZ,PRD:IND:IND-GEODIS WHSE IND US,PBC-1000,1-Apr-24,
BERNARDO RAMIREZ,PRD:IND:IND-GEODIS WHSE IND US,PBC-1000,1-May-24,
BERNARDO RAMIREZ,PRD:IND:IND-GEODIS WHSE IND US,PBC-1000,1-Jun-24,6
BERNARDO RAMIREZ,PRD:IND:IND-GEODIS WHSE IND US,PBC-1000,1-Jul-24,
BERNARDO RAMIREZ,PRD:IND:IND-GEODIS WHSE IND US,PBC-1000,1-Aug-24,
BERNARDO RAMIREZ,PRD:IND:IND-GEODIS WHSE IND US,PBC-1000,1-Sep-24,3
BERNARDO RAMIREZ,PRD:IND:IND-GEODIS WHSE IND US,PBC-1000,1-Oct-24,
BERNARDO RAMIREZ,PRD:IND:IND-GEODIS WHSE IND US,PBC-1000,1-Nov-24,
BERNARDO RAMIREZ,PRD:IND:IND-GEODIS WHSE IND US,PBC-1000,1-Dec-24,
BERNARDO RAMIREZ,PRD:IND:IND-GEODIS WHSE IND US,PBC-1000,1-Jan-25,
BERNARDO RAMIREZ,PRD:IND:IND-GEODIS WHSE IND US,PBC-1000,1-Feb-25,1
BERNARDO RAMIREZ,PRD:IND:IND-GEODIS WHSE IND US,PBC-1000,1-Mar-25,
BERNARDO RAMIREZ,PRD:IND:IND-GEODIS WHSE IND US,PBC-1000,1-Apr-25,8
BERNARDO RAMIREZ,PRD:IND:IND-GEODIS WHSE IND US,PBC-1000,1-May-25,
BERNARDO RAMIREZ,PRD:IND:IND-GEODIS WHSE IND US,PBC-1000,1-Jun-25,
BERNARDO RAMIREZ,PRD:IND:IND-GEODIS WHSE IND US,PBC-1000,1-Jul-25,
BERNARDO RAMIREZ,PRD:IND:IND-GEODIS WHSE IND US,PBC-1000,1-Aug-25,
BERNARDO RAMIREZ,PRD:IND:IND-GEODIS WHSE IND US,PBC-1000,1-Sep-25,
BERNARDO RAMIREZ,PRD:IND:IND-GEODIS WHSE IND US,PBC-1000,1-Oct-25,
BERNARDO RAMIREZ,PRD:IND:IND-GEODIS WHSE IND US,PBC-1000,1-Nov-25,
BERNARDO RAMIREZ,PRD:IND:IND-GEODIS WHSE IND US,PBC-1000,1-Dec-25,
BERNARDO RAMIREZ,PRD:IND:IND-GEODIS WHSE IND US,PBC-1000,1-Jan-26,
BERNARDO RAMIREZ,PRD:IND:IND-GEODIS WHSE IND US,PBC-1000,1-Feb-26,
BERNARDO RAMIREZ,PRD:IND:IND-GEODIS WHSE IND US,PBC-1000,1-Mar-26,
BERNARDO RAMIREZ,PRD:IND:IND-GEODIS WHSE IND US,PBC-1000,1-Apr-26,2
BEST BUY (CLOSED),PRD:IND:IND-GEODIS WHSE IND US,PAC00-14231,1-May-23,
BEST BUY (CLOSED),PRD:IND:IND-GEODIS WHSE IND US,PAC00-14231,1-Jun-23,
BEST BUY (CLOSED),PRD:IND:IND-GEODIS WHSE IND US,PAC00-14231,1-Jul-23,
BEST BUY (CLOSED),PRD:IND:IND-GEODIS WHSE IND US,PAC00-14231,1-Aug-23,
BEST BUY (CLOSED),PRD:IND:IND-GEODIS WHSE IND US,PAC00-14231,1-Sep-23,
BEST BUY (CLOSED),PRD:IND:IND-GEODIS WHSE IND US,PAC00-14231,1-Oct-23,
BEST BUY (CLOSED),PRD:IND:IND-GEODIS WHSE IND US,PAC00-14231,1-Nov-23,
BEST BUY (CLOSED),PRD:IND:IND-GEODIS WHSE IND US,PAC00-14231,1-Dec-23,
BEST BUY (CLOSED),PRD:IND:IND-GEODIS WHSE IND US,PAC00-14231,1-Jan-24,
BEST BUY (CLOSED),PRD:IND:IND-GEODIS WHSE IND US,PAC00-14231,1-Feb-24,
BEST BUY (CLOSED),PRD:IND:IND-GEODIS WHSE IND US,PAC00-14231,1-Mar-24,
BEST BUY (CLOSED),PRD:IND:IND-GEODIS WHSE IND US,PAC00-14231,1-Apr-24,
BEST BUY (CLOSED),PRD:IND:IND-GEODIS WHSE IND US,PAC00-14231,1-May-24,
BEST BUY (CLOSED),PRD:IND:IND-GEODIS WHSE IND US,PAC00-14231,1-Jun-24,
BEST BUY (CLOSED),PRD:IND:IND-GEODIS WHSE IND US,PAC00-14231,1-Jul-24,
BEST BUY (CLOSED),PRD:IND:IND-GEODIS WHSE IND US,PAC00-14231,1-Aug-24,
BEST BUY (CLOSED),PRD:IND:IND-GEODIS WHSE IND US,PAC00-14231,1-Sep-24,
BEST BUY (CLOSED),PRD:IND:IND-GEODIS WHSE IND US,PAC00-14231,1-Oct-24,
BEST BUY (CLOSED),PRD:IND:IND-GEODIS WHSE IND US,PAC00-14231,1-Nov-24,
BEST BUY (CLOSED),PRD:IND:IND-GEODIS WHSE IND US,PAC00-14231,1-Dec-24,
BEST BUY (CLOSED),PRD:IND:IND-GEODIS WHSE IND US,PAC00-14231,1-Jan-25,
BEST BUY (CLOSED),PRD:IND:IND-GEODIS WHSE IND US,PAC00-14231,1-Feb-25,
BEST BUY (CLOSED),PRD:IND:IND-GEODIS WHSE IND US,PAC00-14231,1-Mar-25,
BEST BUY (CLOSED),PRD:IND:IND-GEODIS WHSE IND US,PAC00-14231,1-Apr-25,
BEST BUY (CLOSED),PRD:IND:IND-GEODIS WHSE IND US,PAC00-14231,1-May-25,
BEST BUY (CLOSED),PRD:IND:IND-GEODIS WHSE IND US,PAC00-14231,1-Jun-25,100
BEST BUY (CLOSED),PRD:IND:IND-GEODIS WHSE IND US,PAC00-14231,1-Jul-25,
BEST BUY (CLOSED),PRD:IND:IND-GEODIS WHSE IND US,PAC00-14231,1-Aug-25,
BEST BUY (CLOSED),PRD:IND:IND-GEODIS WHSE IND US,PAC00-14231,1-Sep-25,
BEST BUY (CLOSED),PRD:IND:IND-GEODIS WHSE IND US,PAC00-14231,1-Oct-25,
BEST BUY (CLOSED),PRD:IND:IND-GEODIS WHSE IND US,PAC00-14231,1-Nov-25,
BEST BUY (CLOSED),PRD:IND:IND-GEODIS WHSE IND US,PAC00-14231,1-Dec-25,
BEST BUY (CLOSED),PRD:IND:IND-GEODIS WHSE IND US,PAC00-14231,1-Jan-26,
BEST BUY (CLOSED),PRD:IND:IND-GEODIS WHSE IND US,PAC00-14231,1-Feb-26,
BEST BUY (CLOSED),PRD:IND:IND-GEODIS WHSE IND US,PAC00-14231,1-Mar-26,
BEST BUY (CLOSED),PRD:IND:IND-GEODIS WHSE IND US,PAC00-14231,1-Apr-26,
BLYLEES NATURAL PET FOODS AND SUPPLIES,PRD:IND:IND-GEODIS WHSE IND US,PBC-1000,1-May-23,
BLYLEES NATURAL PET FOODS AND SUPPLIES,PRD:IND:IND-GEODIS WHSE IND US,PBC-1000,1-Jun-23,
BLYLEES NATURAL PET FOODS AND SUPPLIES,PRD:IND:IND-GEODIS WHSE IND US,PBC-1000,1-Jul-23,
BLYLEES NATURAL PET FOODS AND SUPPLIES,PRD:IND:IND-GEODIS WHSE IND US,PBC-1000,1-Aug-23,
BLYLEES NATURAL PET FOODS AND SUPPLIES,PRD:IND:IND-GEODIS WHSE IND US,PBC-1000,1-Sep-23,
BLYLEES NATURAL PET FOODS AND SUPPLIES,PRD:IND:IND-GEODIS WHSE IND US,PBC-1000,1-Oct-23,
BLYLEES NATURAL PET FOODS AND SUPPLIES,PRD:IND:IND-GEODIS WHSE IND US,PBC-1000,1-Nov-23,
BLYLEES NATURAL PET FOODS AND SUPPLIES,PRD:IND:IND-GEODIS WHSE IND US,PBC-1000,1-Dec-23,
BLYLEES NATURAL PET FOODS AND SUPPLIES,PRD:IND:IND-GEODIS WHSE IND US,PBC-1000,1-Jan-24,1
BLYLEES NATURAL PET FOODS AND SUPPLIES,PRD:IND:IND-GEODIS WHSE IND US,PBC-1000,1-Feb-24,
BLYLEES NATURAL PET FOODS AND SUPPLIES,PRD:IND:IND-GEODIS WHSE IND US,PBC-1000,1-Mar-24,3
BLYLEES NATURAL PET FOODS AND SUPPLIES,PRD:IND:IND-GEODIS WHSE IND US,PBC-1000,1-Apr-24,
BLYLEES NATURAL PET FOODS AND SUPPLIES,PRD:IND:IND-GEODIS WHSE IND US,PBC-1000,1-May-24,
BLYLEES NATURAL PET FOODS AND SUPPLIES,PRD:IND:IND-GEODIS WHSE IND US,PBC-1000,1-Jun-24,
BLYLEES NATURAL PET FOODS AND SUPPLIES,PRD:IND:IND-GEODIS WHSE IND US,PBC-1000,1-Jul-24,
BLYLEES NATURAL PET FOODS AND SUPPLIES,PRD:IND:IND-GEODIS WHSE IND US,PBC-1000,1-Aug-24,
BLYLEES NATURAL PET FOODS AND SUPPLIES,PRD:IND:IND-GEODIS WHSE IND US,PBC-1000,1-Sep-24,
BLYLEES NATURAL PET FOODS AND SUPPLIES,PRD:IND:IND-GEODIS WHSE IND US,PBC-1000,1-Oct-24,
BLYLEES NATURAL PET FOODS AND SUPPLIES,PRD:IND:IND-GEODIS WHSE IND US,PBC-1000,1-Nov-24,6
BLYLEES NATURAL PET FOODS AND SUPPLIES,PRD:IND:IND-GEODIS WHSE IND US,PBC-1000,1-Dec-24,
BLYLEES NATURAL PET FOODS AND SUPPLIES,PRD:IND:IND-GEODIS WHSE IND US,PBC-1000,1-Jan-25,
BLYLEES NATURAL PET FOODS AND SUPPLIES,PRD:IND:IND-GEODIS WHSE IND US,PBC-1000,1-Feb-25,
BLYLEES NATURAL PET FOODS AND SUPPLIES,PRD:IND:IND-GEODIS WHSE IND US,PBC-1000,1-Mar-25,
BLYLEES NATURAL PET FOODS AND SUPPLIES,PRD:IND:IND-GEODIS WHSE IND US,PBC-1000,1-Apr-25,
BLYLEES NATURAL PET FOODS AND SUPPLIES,PRD:IND:IND-GEODIS WHSE IND US,PBC-1000,1-May-25,
BLYLEES NATURAL PET FOODS AND SUPPLIES,PRD:IND:IND-GEODIS WHSE IND US,PBC-1000,1-Jun-25,
BLYLEES NATURAL PET FOODS AND SUPPLIES,PRD:IND:IND-GEODIS WHSE IND US,PBC-1000,1-Jul-25,
BLYLEES NATURAL PET FOODS AND SUPPLIES,PRD:IND:IND-GEODIS WHSE IND US,PBC-1000,1-Aug-25,
BLYLEES NATURAL PET FOODS AND SUPPLIES,PRD:IND:IND-GEODIS WHSE IND US,PBC-1000,1-Sep-25,
BLYLEES NATURAL PET FOODS AND SUPPLIES,PRD:IND:IND-GEODIS WHSE IND US,PBC-1000,1-Oct-25,
BLYLEES NATURAL PET FOODS AND SUPPLIES,PRD:IND:IND-GEODIS WHSE IND US,PBC-1000,1-Nov-25,
BLYLEES NATURAL PET FOODS AND SUPPLIES,PRD:IND:IND-GEODIS WHSE IND US,PBC-1000,1-Dec-25,
BLYLEES NATURAL PET FOODS AND SUPPLIES,PRD:IND:IND-GEODIS WHSE IND US,PBC-1000,1-Jan-26,
BLYLEES NATURAL PET FOODS AND SUPPLIES,PRD:IND:IND-GEODIS WHSE IND US,PBC-1000,1-Feb-26,
BLYLEES NATURAL PET FOODS AND SUPPLIES,PRD:IND:IND-GEODIS WHSE IND US,PBC-1000,1-Mar-26,
BLYLEES NATURAL PET FOODS AND SUPPLIES,PRD:IND:IND-GEODIS WHSE IND US,PBC-1000,1-Apr-26,
BRADLEY CALDWELL,PRD:IND:IND-GEODIS WHSE IND US,PAC00-14231,1-May-23,
BRADLEY CALDWELL,PRD:IND:IND-GEODIS WHSE IND US,PAC00-14231,1-Jun-23,
BRADLEY CALDWELL,PRD:IND:IND-GEODIS WHSE IND US,PAC00-14231,1-Jul-23,
BRADLEY CALDWELL,PRD:IND:IND-GEODIS WHSE IND US,PAC00-14231,1-Aug-23,
BRADLEY CALDWELL,PRD:IND:IND-GEODIS WHSE IND US,PAC00-14231,1-Sep-23,
BRADLEY CALDWELL,PRD:IND:IND-GEODIS WHSE IND US,PAC00-14231,1-Oct-23,
BRADLEY CALDWELL,PRD:IND:IND-GEODIS WHSE IND US,PAC00-14231,1-Nov-23,
BRADLEY CALDWELL,PRD:IND:IND-GEODIS WHSE IND US,PAC00-14231,1-Dec-23,24
BRADLEY CALDWELL,PRD:IND:IND-GEODIS WHSE IND US,PAC00-14231,1-Jan-24,
BRADLEY CALDWELL,PRD:IND:IND-GEODIS WHSE IND US,PAC00-14231,1-Feb-24,
BRADLEY CALDWELL,PRD:IND:IND-GEODIS WHSE IND US,PAC00-14231,1-Mar-24,
BRADLEY CALDWELL,PRD:IND:IND-GEODIS WHSE IND US,PAC00-14231,1-Apr-24,
BRADLEY CALDWELL,PRD:IND:IND-GEODIS WHSE IND US,PAC00-14231,1-May-24,
BRADLEY CALDWELL,PRD:IND:IND-GEODIS WHSE IND US,PAC00-14231,1-Jun-24,
BRADLEY CALDWELL,PRD:IND:IND-GEODIS WHSE IND US,PAC00-14231,1-Jul-24,
BRADLEY CALDWELL,PRD:IND:IND-GEODIS WHSE IND US,PAC00-14231,1-Aug-24,
BRADLEY CALDWELL,PRD:IND:IND-GEODIS WHSE IND US,PAC00-14231,1-Sep-24,
BRADLEY CALDWELL,PRD:IND:IND-GEODIS WHSE IND US,PAC00-14231,1-Oct-24,
BRADLEY CALDWELL,PRD:IND:IND-GEODIS WHSE IND US,PAC00-14231,1-Nov-24,
BRADLEY CALDWELL,PRD:IND:IND-GEODIS WHSE IND US,PAC00-14231,1-Dec-24,
BRADLEY CALDWELL,PRD:IND:IND-GEODIS WHSE IND US,PAC00-14231,1-Jan-25,
BRADLEY CALDWELL,PRD:IND:IND-GEODIS WHSE IND US,PAC00-14231,1-Feb-25,
BRADLEY CALDWELL,PRD:IND:IND-GEODIS WHSE IND US,PAC00-14231,1-Mar-25,
BRADLEY CALDWELL,PRD:IND:IND-GEODIS WHSE IND US,PAC00-14231,1-Apr-25,6
BRADLEY CALDWELL,PRD:IND:IND-GEODIS WHSE IND US,PAC00-14231,1-May-25,
BRADLEY CALDWELL,PRD:IND:IND-GEODIS WHSE IND US,PAC00-14231,1-Jun-25,
BRADLEY CALDWELL,PRD:IND:IND-GEODIS WHSE IND US,PAC00-14231,1-Jul-25,
BRADLEY CALDWELL,PRD:IND:IND-GEODIS WHSE IND US,PAC00-14231,1-Aug-25,
BRADLEY CALDWELL,PRD:IND:IND-GEODIS WHSE IND US,PAC00-14231,1-Sep-25,
BRADLEY CALDWELL,PRD:IND:IND-GEODIS WHSE IND US,PAC00-14231,1-Oct-25,
BRADLEY CALDWELL,PRD:IND:IND-GEODIS WHSE IND US,PAC00-14231,1-Nov-25,
BRADLEY CALDWELL,PRD:IND:IND-GEODIS WHSE IND US,PAC00-14231,1-Dec-25,
BRADLEY CALDWELL,PRD:IND:IND-GEODIS WHSE IND US,PAC00-14231,1-Jan-26,
BRADLEY CALDWELL,PRD:IND:IND-GEODIS WHSE IND US,PAC00-14231,1-Feb-26,
BRADLEY CALDWELL,PRD:IND:IND-GEODIS WHSE IND US,PAC00-14231,1-Mar-26,
BRADLEY CALDWELL,PRD:IND:IND-GEODIS WHSE IND US,PAC00-14231,1-Apr-26,
BRADLEY CALDWELL,PRD:IND:IND-GEODIS WHSE IND US,PBC-1000,1-May-23,18
BRADLEY CALDWELL,PRD:IND:IND-GEODIS WHSE IND US,PBC-1000,1-Jun-23,36
BRADLEY CALDWELL,PRD:IND:IND-GEODIS WHSE IND US,PBC-1000,1-Jul-23,
BRADLEY CALDWELL,PRD:IND:IND-GEODIS WHSE IND US,PBC-1000,1-Aug-23,18
BRADLEY CALDWELL,PRD:IND:IND-GEODIS WHSE IND US,PBC-1000,1-Sep-23,
BRADLEY CALDWELL,PRD:IND:IND-GEODIS WHSE IND US,PBC-1000,1-Oct-23,18
BRADLEY CALDWELL,PRD:IND:IND-GEODIS WHSE IND US,PBC-1000,1-Nov-23,12
BRADLEY CALDWELL,PRD:IND:IND-GEODIS WHSE IND US,PBC-1000,1-Dec-23,
BRADLEY CALDWELL,PRD:IND:IND-GEODIS WHSE IND US,PBC-1000,1-Jan-24,12
BRADLEY CALDWELL,PRD:IND:IND-GEODIS WHSE IND US,PBC-1000,1-Feb-24,30
BRADLEY CALDWELL,PRD:IND:IND-GEODIS WHSE IND US,PBC-1000,1-Mar-24,
BRADLEY CALDWELL,PRD:IND:IND-GEODIS WHSE IND US,PBC-1000,1-Apr-24,18
BRADLEY CALDWELL,PRD:IND:IND-GEODIS WHSE IND US,PBC-1000,1-May-24,
BRADLEY CALDWELL,PRD:IND:IND-GEODIS WHSE IND US,PBC-1000,1-Jun-24,
BRADLEY CALDWELL,PRD:IND:IND-GEODIS WHSE IND US,PBC-1000,1-Jul-24,6
BRADLEY CALDWELL,PRD:IND:IND-GEODIS WHSE IND US,PBC-1000,1-Aug-24,36
BRADLEY CALDWELL,PRD:IND:IND-GEODIS WHSE IND US,PBC-1000,1-Sep-24,
BRADLEY CALDWELL,PRD:IND:IND-GEODIS WHSE IND US,PBC-1000,1-Oct-24,
BRADLEY CALDWELL,PRD:IND:IND-GEODIS WHSE IND US,PBC-1000,1-Nov-24,
BRADLEY CALDWELL,PRD:IND:IND-GEODIS WHSE IND US,PBC-1000,1-Dec-24,
BRADLEY CALDWELL,PRD:IND:IND-GEODIS WHSE IND US,PBC-1000,1-Jan-25,12
BRADLEY CALDWELL,PRD:IND:IND-GEODIS WHSE IND US,PBC-1000,1-Feb-25,
BRADLEY CALDWELL,PRD:IND:IND-GEODIS WHSE IND US,PBC-1000,1-Mar-25,
BRADLEY CALDWELL,PRD:IND:IND-GEODIS WHSE IND US,PBC-1000,1-Apr-25,18
BRADLEY CALDWELL,PRD:IND:IND-GEODIS WHSE IND US,PBC-1000,1-May-25,12
BRADLEY CALDWELL,PRD:IND:IND-GEODIS WHSE IND US,PBC-1000,1-Jun-25,6
BRADLEY CALDWELL,PRD:IND:IND-GEODIS WHSE IND US,PBC-1000,1-Jul-25,6
BRADLEY CALDWELL,PRD:IND:IND-GEODIS WHSE IND US,PBC-1000,1-Aug-25,12
BRADLEY CALDWELL,PRD:IND:IND-GEODIS WHSE IND US,PBC-1000,1-Sep-25,18
BRADLEY CALDWELL,PRD:IND:IND-GEODIS WHSE IND US,PBC-1000,1-Oct-25,
BRADLEY CALDWELL,PRD:IND:IND-GEODIS WHSE IND US,PBC-1000,1-Nov-25,
BRADLEY CALDWELL,PRD:IND:IND-GEODIS WHSE IND US,PBC-1000,1-Dec-25,
BRADLEY CALDWELL,PRD:IND:IND-GEODIS WHSE IND US,PBC-1000,1-Jan-26,
BRADLEY CALDWELL,PRD:IND:IND-GEODIS WHSE IND US,PBC-1000,1-Feb-26,
BRADLEY CALDWELL,PRD:IND:IND-GEODIS WHSE IND US,PBC-1000,1-Mar-26,6
BRADLEY CALDWELL,PRD:IND:IND-GEODIS WHSE IND US,PBC-1000,1-Apr-26,12
BRISBANE PET SUPER STORE,PRD:AU1:AU1-AUSTRALIA B2B B2C INV ORG,PAC00-14231,1-May-23,
BRISBANE PET SUPER STORE,PRD:AU1:AU1-AUSTRALIA B2B B2C INV ORG,PAC00-14231,1-Jun-23,
BRISBANE PET SUPER STORE,PRD:AU1:AU1-AUSTRALIA B2B B2C INV ORG,PAC00-14231,1-Jul-23,
BRISBANE PET SUPER STORE,PRD:AU1:AU1-AUSTRALIA B2B B2C INV ORG,PAC00-14231,1-Aug-23,
BRISBANE PET SUPER STORE,PRD:AU1:AU1-AUSTRALIA B2B B2C INV ORG,PAC00-14231,1-Sep-23,
BRISBANE PET SUPER STORE,PRD:AU1:AU1-AUSTRALIA B2B B2C INV ORG,PAC00-14231,1-Oct-23,
BRISBANE PET SUPER STORE,PRD:AU1:AU1-AUSTRALIA B2B B2C INV ORG,PAC00-14231,1-Nov-23,
BRISBANE PET SUPER STORE,PRD:AU1:AU1-AUSTRALIA B2B B2C INV ORG,PAC00-14231,1-Dec-23,
BRISBANE PET SUPER STORE,PRD:AU1:AU1-AUSTRALIA B2B B2C INV ORG,PAC00-14231,1-Jan-24,
BRISBANE PET SUPER STORE,PRD:AU1:AU1-AUSTRALIA B2B B2C INV ORG,PAC00-14231,1-Feb-24,
BRISBANE PET SUPER STORE,PRD:AU1:AU1-AUSTRALIA B2B B2C INV ORG,PAC00-14231,1-Mar-24,
BRISBANE PET SUPER STORE,PRD:AU1:AU1-AUSTRALIA B2B B2C INV ORG,PAC00-14231,1-Apr-24,
BRISBANE PET SUPER STORE,PRD:AU1:AU1-AUSTRALIA B2B B2C INV ORG,PAC00-14231,1-May-24,
BRISBANE PET SUPER STORE,PRD:AU1:AU1-AUSTRALIA B2B B2C INV ORG,PAC00-14231,1-Jun-24,
BRISBANE PET SUPER STORE,PRD:AU1:AU1-AUSTRALIA B2B B2C INV ORG,PAC00-14231,1-Jul-24,
BRISBANE PET SUPER STORE,PRD:AU1:AU1-AUSTRALIA B2B B2C INV ORG,PAC00-14231,1-Aug-24,
BRISBANE PET SUPER STORE,PRD:AU1:AU1-AUSTRALIA B2B B2C INV ORG,PAC00-14231,1-Sep-24,
BRISBANE PET SUPER STORE,PRD:AU1:AU1-AUSTRALIA B2B B2C INV ORG,PAC00-14231,1-Oct-24,
BRISBANE PET SUPER STORE,PRD:AU1:AU1-AUSTRALIA B2B B2C INV ORG,PAC00-14231,1-Nov-24,
BRISBANE PET SUPER STORE,PRD:AU1:AU1-AUSTRALIA B2B B2C INV ORG,PAC00-14231,1-Dec-24,
BRISBANE PET SUPER STORE,PRD:AU1:AU1-AUSTRALIA B2B B2C INV ORG,PAC00-14231,1-Jan-25,
BRISBANE PET SUPER STORE,PRD:AU1:AU1-AUSTRALIA B2B B2C INV ORG,PAC00-14231,1-Feb-25,
BRISBANE PET SUPER STORE,PRD:AU1:AU1-AUSTRALIA B2B B2C INV ORG,PAC00-14231,1-Mar-25,
BRISBANE PET SUPER STORE,PRD:AU1:AU1-AUSTRALIA B2B B2C INV ORG,PAC00-14231,1-Apr-25,
BRISBANE PET SUPER STORE,PRD:AU1:AU1-AUSTRALIA B2B B2C INV ORG,PAC00-14231,1-May-25,1
BRISBANE PET SUPER STORE,PRD:AU1:AU1-AUSTRALIA B2B B2C INV ORG,PAC00-14231,1-Jun-25,
BRISBANE PET SUPER STORE,PRD:AU1:AU1-AUSTRALIA B2B B2C INV ORG,PAC00-14231,1-Jul-25,
BRISBANE PET SUPER STORE,PRD:AU1:AU1-AUSTRALIA B2B B2C INV ORG,PAC00-14231,1-Aug-25,
BRISBANE PET SUPER STORE,PRD:AU1:AU1-AUSTRALIA B2B B2C INV ORG,PAC00-14231,1-Sep-25,
BRISBANE PET SUPER STORE,PRD:AU1:AU1-AUSTRALIA B2B B2C INV ORG,PAC00-14231,1-Oct-25,
BRISBANE PET SUPER STORE,PRD:AU1:AU1-AUSTRALIA B2B B2C INV ORG,PAC00-14231,1-Nov-25,
BRISBANE PET SUPER STORE,PRD:AU1:AU1-AUSTRALIA B2B B2C INV ORG,PAC00-14231,1-Dec-25,
BRISBANE PET SUPER STORE,PRD:AU1:AU1-AUSTRALIA B2B B2C INV ORG,PAC00-14231,1-Jan-26,
BRISBANE PET SUPER STORE,PRD:AU1:AU1-AUSTRALIA B2B B2C INV ORG,PAC00-14231,1-Feb-26,
BRISBANE PET SUPER STORE,PRD:AU1:AU1-AUSTRALIA B2B B2C INV ORG,PAC00-14231,1-Mar-26,
BRISBANE PET SUPER STORE,PRD:AU1:AU1-AUSTRALIA B2B B2C INV ORG,PAC00-14231,1-Apr-26,
BUDGET PET PRODUCTS,PRD:AU1:AU1-AUSTRALIA B2B B2C INV ORG,PAC00-14231,1-May-23,
BUDGET PET PRODUCTS,PRD:AU1:AU1-AUSTRALIA B2B B2C INV ORG,PAC00-14231,1-Jun-23,
BUDGET PET PRODUCTS,PRD:AU1:AU1-AUSTRALIA B2B B2C INV ORG,PAC00-14231,1-Jul-23,
BUDGET PET PRODUCTS,PRD:AU1:AU1-AUSTRALIA B2B B2C INV ORG,PAC00-14231,1-Aug-23,
BUDGET PET PRODUCTS,PRD:AU1:AU1-AUSTRALIA B2B B2C INV ORG,PAC00-14231,1-Sep-23,
BUDGET PET PRODUCTS,PRD:AU1:AU1-AUSTRALIA B2B B2C INV ORG,PAC00-14231,1-Oct-23,
BUDGET PET PRODUCTS,PRD:AU1:AU1-AUSTRALIA B2B B2C INV ORG,PAC00-14231,1-Nov-23,
BUDGET PET PRODUCTS,PRD:AU1:AU1-AUSTRALIA B2B B2C INV ORG,PAC00-14231,1-Dec-23,
BUDGET PET PRODUCTS,PRD:AU1:AU1-AUSTRALIA B2B B2C INV ORG,PAC00-14231,1-Jan-24,
BUDGET PET PRODUCTS,PRD:AU1:AU1-AUSTRALIA B2B B2C INV ORG,PAC00-14231,1-Feb-24,
BUDGET PET PRODUCTS,PRD:AU1:AU1-AUSTRALIA B2B B2C INV ORG,PAC00-14231,1-Mar-24,
BUDGET PET PRODUCTS,PRD:AU1:AU1-AUSTRALIA B2B B2C INV ORG,PAC00-14231,1-Apr-24,
BUDGET PET PRODUCTS,PRD:AU1:AU1-AUSTRALIA B2B B2C INV ORG,PAC00-14231,1-May-24,
BUDGET PET PRODUCTS,PRD:AU1:AU1-AUSTRALIA B2B B2C INV ORG,PAC00-14231,1-Jun-24,
BUDGET PET PRODUCTS,PRD:AU1:AU1-AUSTRALIA B2B B2C INV ORG,PAC00-14231,1-Jul-24,
BUDGET PET PRODUCTS,PRD:AU1:AU1-AUSTRALIA B2B B2C INV ORG,PAC00-14231,1-Aug-24,
BUDGET PET PRODUCTS,PRD:AU1:AU1-AUSTRALIA B2B B2C INV ORG,PAC00-14231,1-Sep-24,
BUDGET PET PRODUCTS,PRD:AU1:AU1-AUSTRALIA B2B B2C INV ORG,PAC00-14231,1-Oct-24,
BUDGET PET PRODUCTS,PRD:AU1:AU1-AUSTRALIA B2B B2C INV ORG,PAC00-14231,1-Nov-24,
BUDGET PET PRODUCTS,PRD:AU1:AU1-AUSTRALIA B2B B2C INV ORG,PAC00-14231,1-Dec-24,
BUDGET PET PRODUCTS,PRD:AU1:AU1-AUSTRALIA B2B B2C INV ORG,PAC00-14231,1-Jan-25,
BUDGET PET PRODUCTS,PRD:AU1:AU1-AUSTRALIA B2B B2C INV ORG,PAC00-14231,1-Feb-25,30
BUDGET PET PRODUCTS,PRD:AU1:AU1-AUSTRALIA B2B B2C INV ORG,PAC00-14231,1-Mar-25,12
BUDGET PET PRODUCTS,PRD:AU1:AU1-AUSTRALIA B2B B2C INV ORG,PAC00-14231,1-Apr-25,6
BUDGET PET PRODUCTS,PRD:AU1:AU1-AUSTRALIA B2B B2C INV ORG,PAC00-14231,1-May-25,18
BUDGET PET PRODUCTS,PRD:AU1:AU1-AUSTRALIA B2B B2C INV ORG,PAC00-14231,1-Jun-25,20
BUDGET PET PRODUCTS,PRD:AU1:AU1-AUSTRALIA B2B B2C INV ORG,PAC00-14231,1-Jul-25,
BUDGET PET PRODUCTS,PRD:AU1:AU1-AUSTRALIA B2B B2C INV ORG,PAC00-14231,1-Aug-25,48
BUDGET PET PRODUCTS,PRD:AU1:AU1-AUSTRALIA B2B B2C INV ORG,PAC00-14231,1-Sep-25,
BUDGET PET PRODUCTS,PRD:AU1:AU1-AUSTRALIA B2B B2C INV ORG,PAC00-14231,1-Oct-25,36
BUDGET PET PRODUCTS,PRD:AU1:AU1-AUSTRALIA B2B B2C INV ORG,PAC00-14231,1-Nov-25,24
BUDGET PET PRODUCTS,PRD:AU1:AU1-AUSTRALIA B2B B2C INV ORG,PAC00-14231,1-Dec-25,12
BUDGET PET PRODUCTS,PRD:AU1:AU1-AUSTRALIA B2B B2C INV ORG,PAC00-14231,1-Jan-26,12
BUDGET PET PRODUCTS,PRD:AU1:AU1-AUSTRALIA B2B B2C INV ORG,PAC00-14231,1-Feb-26,24
BUDGET PET PRODUCTS,PRD:AU1:AU1-AUSTRALIA B2B B2C INV ORG,PAC00-14231,1-Mar-26,12
BUDGET PET PRODUCTS,PRD:AU1:AU1-AUSTRALIA B2B B2C INV ORG,PAC00-14231,1-Apr-26,12
BUNNINGS MARKETPLACE,PRD:AU1:AU1-AUSTRALIA B2B B2C INV ORG,PAC00-14231,1-May-23,
BUNNINGS MARKETPLACE,PRD:AU1:AU1-AUSTRALIA B2B B2C INV ORG,PAC00-14231,1-Jun-23,
BUNNINGS MARKETPLACE,PRD:AU1:AU1-AUSTRALIA B2B B2C INV ORG,PAC00-14231,1-Jul-23,
BUNNINGS MARKETPLACE,PRD:AU1:AU1-AUSTRALIA B2B B2C INV ORG,PAC00-14231,1-Aug-23,
BUNNINGS MARKETPLACE,PRD:AU1:AU1-AUSTRALIA B2B B2C INV ORG,PAC00-14231,1-Sep-23,
BUNNINGS MARKETPLACE,PRD:AU1:AU1-AUSTRALIA B2B B2C INV ORG,PAC00-14231,1-Oct-23,
BUNNINGS MARKETPLACE,PRD:AU1:AU1-AUSTRALIA B2B B2C INV ORG,PAC00-14231,1-Nov-23,
BUNNINGS MARKETPLACE,PRD:AU1:AU1-AUSTRALIA B2B B2C INV ORG,PAC00-14231,1-Dec-23,
BUNNINGS MARKETPLACE,PRD:AU1:AU1-AUSTRALIA B2B B2C INV ORG,PAC00-14231,1-Jan-24,
BUNNINGS MARKETPLACE,PRD:AU1:AU1-AUSTRALIA B2B B2C INV ORG,PAC00-14231,1-Feb-24,
BUNNINGS MARKETPLACE,PRD:AU1:AU1-AUSTRALIA B2B B2C INV ORG,PAC00-14231,1-Mar-24,
BUNNINGS MARKETPLACE,PRD:AU1:AU1-AUSTRALIA B2B B2C INV ORG,PAC00-14231,1-Apr-24,
BUNNINGS MARKETPLACE,PRD:AU1:AU1-AUSTRALIA B2B B2C INV ORG,PAC00-14231,1-May-24,
BUNNINGS MARKETPLACE,PRD:AU1:AU1-AUSTRALIA B2B B2C INV ORG,PAC00-14231,1-Jun-24,
BUNNINGS MARKETPLACE,PRD:AU1:AU1-AUSTRALIA B2B B2C INV ORG,PAC00-14231,1-Jul-24,
BUNNINGS MARKETPLACE,PRD:AU1:AU1-AUSTRALIA B2B B2C INV ORG,PAC00-14231,1-Aug-24,
BUNNINGS MARKETPLACE,PRD:AU1:AU1-AUSTRALIA B2B B2C INV ORG,PAC00-14231,1-Sep-24,
BUNNINGS MARKETPLACE,PRD:AU1:AU1-AUSTRALIA B2B B2C INV ORG,PAC00-14231,1-Oct-24,
BUNNINGS MARKETPLACE,PRD:AU1:AU1-AUSTRALIA B2B B2C INV ORG,PAC00-14231,1-Nov-24,
BUNNINGS MARKETPLACE,PRD:AU1:AU1-AUSTRALIA B2B B2C INV ORG,PAC00-14231,1-Dec-24,
BUNNINGS MARKETPLACE,PRD:AU1:AU1-AUSTRALIA B2B B2C INV ORG,PAC00-14231,1-Jan-25,
BUNNINGS MARKETPLACE,PRD:AU1:AU1-AUSTRALIA B2B B2C INV ORG,PAC00-14231,1-Feb-25,11
BUNNINGS MARKETPLACE,PRD:AU1:AU1-AUSTRALIA B2B B2C INV ORG,PAC00-14231,1-Mar-25,12
BUNNINGS MARKETPLACE,PRD:AU1:AU1-AUSTRALIA B2B B2C INV ORG,PAC00-14231,1-Apr-25,18
BUNNINGS MARKETPLACE,PRD:AU1:AU1-AUSTRALIA B2B B2C INV ORG,PAC00-14231,1-May-25,9
BUNNINGS MARKETPLACE,PRD:AU1:AU1-AUSTRALIA B2B B2C INV ORG,PAC00-14231,1-Jun-25,15
BUNNINGS MARKETPLACE,PRD:AU1:AU1-AUSTRALIA B2B B2C INV ORG,PAC00-14231,1-Jul-25,20
BUNNINGS MARKETPLACE,PRD:AU1:AU1-AUSTRALIA B2B B2C INV ORG,PAC00-14231,1-Aug-25,25
BUNNINGS MARKETPLACE,PRD:AU1:AU1-AUSTRALIA B2B B2C INV ORG,PAC00-14231,1-Sep-25,22
BUNNINGS MARKETPLACE,PRD:AU1:AU1-AUSTRALIA B2B B2C INV ORG,PAC00-14231,1-Oct-25,14
BUNNINGS MARKETPLACE,PRD:AU1:AU1-AUSTRALIA B2B B2C INV ORG,PAC00-14231,1-Nov-25,16
BUNNINGS MARKETPLACE,PRD:AU1:AU1-AUSTRALIA B2B B2C INV ORG,PAC00-14231,1-Dec-25,17
BUNNINGS MARKETPLACE,PRD:AU1:AU1-AUSTRALIA B2B B2C INV ORG,PAC00-14231,1-Jan-26,9
BUNNINGS MARKETPLACE,PRD:AU1:AU1-AUSTRALIA B2B B2C INV ORG,PAC00-14231,1-Feb-26,11
BUNNINGS MARKETPLACE,PRD:AU1:AU1-AUSTRALIA B2B B2C INV ORG,PAC00-14231,1-Mar-26,6
BUNNINGS MARKETPLACE,PRD:AU1:AU1-AUSTRALIA B2B B2C INV ORG,PAC00-14231,1-Apr-26,9
BUSH'S PRODUCE STORE,PRD:AU1:AU1-AUSTRALIA B2B B2C INV ORG,PAC00-14231,1-May-23,
BUSH'S PRODUCE STORE,PRD:AU1:AU1-AUSTRALIA B2B B2C INV ORG,PAC00-14231,1-Jun-23,
BUSH'S PRODUCE STORE,PRD:AU1:AU1-AUSTRALIA B2B B2C INV ORG,PAC00-14231,1-Jul-23,
BUSH'S PRODUCE STORE,PRD:AU1:AU1-AUSTRALIA B2B B2C INV ORG,PAC00-14231,1-Aug-23,
BUSH'S PRODUCE STORE,PRD:AU1:AU1-AUSTRALIA B2B B2C INV ORG,PAC00-14231,1-Sep-23,
BUSH'S PRODUCE STORE,PRD:AU1:AU1-AUSTRALIA B2B B2C INV ORG,PAC00-14231,1-Oct-23,
BUSH'S PRODUCE STORE,PRD:AU1:AU1-AUSTRALIA B2B B2C INV ORG,PAC00-14231,1-Nov-23,
BUSH'S PRODUCE STORE,PRD:AU1:AU1-AUSTRALIA B2B B2C INV ORG,PAC00-14231,1-Dec-23,
BUSH'S PRODUCE STORE,PRD:AU1:AU1-AUSTRALIA B2B B2C INV ORG,PAC00-14231,1-Jan-24,
BUSH'S PRODUCE STORE,PRD:AU1:AU1-AUSTRALIA B2B B2C INV ORG,PAC00-14231,1-Feb-24,
BUSH'S PRODUCE STORE,PRD:AU1:AU1-AUSTRALIA B2B B2C INV ORG,PAC00-14231,1-Mar-24,
BUSH'S PRODUCE STORE,PRD:AU1:AU1-AUSTRALIA B2B B2C INV ORG,PAC00-14231,1-Apr-24,
BUSH'S PRODUCE STORE,PRD:AU1:AU1-AUSTRALIA B2B B2C INV ORG,PAC00-14231,1-May-24,
BUSH'S PRODUCE STORE,PRD:AU1:AU1-AUSTRALIA B2B B2C INV ORG,PAC00-14231,1-Jun-24,
BUSH'S PRODUCE STORE,PRD:AU1:AU1-AUSTRALIA B2B B2C INV ORG,PAC00-14231,1-Jul-24,
BUSH'S PRODUCE STORE,PRD:AU1:AU1-AUSTRALIA B2B B2C INV ORG,PAC00-14231,1-Aug-24,
BUSH'S PRODUCE STORE,PRD:AU1:AU1-AUSTRALIA B2B B2C INV ORG,PAC00-14231,1-Sep-24,
BUSH'S PRODUCE STORE,PRD:AU1:AU1-AUSTRALIA B2B B2C INV ORG,PAC00-14231,1-Oct-24,
BUSH'S PRODUCE STORE,PRD:AU1:AU1-AUSTRALIA B2B B2C INV ORG,PAC00-14231,1-Nov-24,
BUSH'S PRODUCE STORE,PRD:AU1:AU1-AUSTRALIA B2B B2C INV ORG,PAC00-14231,1-Dec-24,
BUSH'S PRODUCE STORE,PRD:AU1:AU1-AUSTRALIA B2B B2C INV ORG,PAC00-14231,1-Jan-25,
BUSH'S PRODUCE STORE,PRD:AU1:AU1-AUSTRALIA B2B B2C INV ORG,PAC00-14231,1-Feb-25,
BUSH'S PRODUCE STORE,PRD:AU1:AU1-AUSTRALIA B2B B2C INV ORG,PAC00-14231,1-Mar-25,
BUSH'S PRODUCE STORE,PRD:AU1:AU1-AUSTRALIA B2B B2C INV ORG,PAC00-14231,1-Apr-25,
BUSH'S PRODUCE STORE,PRD:AU1:AU1-AUSTRALIA B2B B2C INV ORG,PAC00-14231,1-May-25,1
BUSH'S PRODUCE STORE,PRD:AU1:AU1-AUSTRALIA B2B B2C INV ORG,PAC00-14231,1-Jun-25,
BUSH'S PRODUCE STORE,PRD:AU1:AU1-AUSTRALIA B2B B2C INV ORG,PAC00-14231,1-Jul-25,
BUSH'S PRODUCE STORE,PRD:AU1:AU1-AUSTRALIA B2B B2C INV ORG,PAC00-14231,1-Aug-25,1
BUSH'S PRODUCE STORE,PRD:AU1:AU1-AUSTRALIA B2B B2C INV ORG,PAC00-14231,1-Sep-25,
BUSH'S PRODUCE STORE,PRD:AU1:AU1-AUSTRALIA B2B B2C INV ORG,PAC00-14231,1-Oct-25,
BUSH'S PRODUCE STORE,PRD:AU1:AU1-AUSTRALIA B2B B2C INV ORG,PAC00-14231,1-Nov-25,
BUSH'S PRODUCE STORE,PRD:AU1:AU1-AUSTRALIA B2B B2C INV ORG,PAC00-14231,1-Dec-25,
BUSH'S PRODUCE STORE,PRD:AU1:AU1-AUSTRALIA B2B B2C INV ORG,PAC00-14231,1-Jan-26,
BUSH'S PRODUCE STORE,PRD:AU1:AU1-AUSTRALIA B2B B2C INV ORG,PAC00-14231,1-Feb-26,
BUSH'S PRODUCE STORE,PRD:AU1:AU1-AUSTRALIA B2B B2C INV ORG,PAC00-14231,1-Mar-26,
BUSH'S PRODUCE STORE,PRD:AU1:AU1-AUSTRALIA B2B B2C INV ORG,PAC00-14231,1-Apr-26,
CANINE CREEK PET WASH AND BOUTIQUE,PRD:IND:IND-GEODIS WHSE IND US,PAC00-14231,1-May-23,
CANINE CREEK PET WASH AND BOUTIQUE,PRD:IND:IND-GEODIS WHSE IND US,PAC00-14231,1-Jun-23,
CANINE CREEK PET WASH AND BOUTIQUE,PRD:IND:IND-GEODIS WHSE IND US,PAC00-14231,1-Jul-23,
CANINE CREEK PET WASH AND BOUTIQUE,PRD:IND:IND-GEODIS WHSE IND US,PAC00-14231,1-Aug-23,
CANINE CREEK PET WASH AND BOUTIQUE,PRD:IND:IND-GEODIS WHSE IND US,PAC00-14231,1-Sep-23,
CANINE CREEK PET WASH AND BOUTIQUE,PRD:IND:IND-GEODIS WHSE IND US,PAC00-14231,1-Oct-23,
CANINE CREEK PET WASH AND BOUTIQUE,PRD:IND:IND-GEODIS WHSE IND US,PAC00-14231,1-Nov-23,
CANINE CREEK PET WASH AND BOUTIQUE,PRD:IND:IND-GEODIS WHSE IND US,PAC00-14231,1-Dec-23,
CANINE CREEK PET WASH AND BOUTIQUE,PRD:IND:IND-GEODIS WHSE IND US,PAC00-14231,1-Jan-24,
CANINE CREEK PET WASH AND BOUTIQUE,PRD:IND:IND-GEODIS WHSE IND US,PAC00-14231,1-Feb-24,
CANINE CREEK PET WASH AND BOUTIQUE,PRD:IND:IND-GEODIS WHSE IND US,PAC00-14231,1-Mar-24,
CANINE CREEK PET WASH AND BOUTIQUE,PRD:IND:IND-GEODIS WHSE IND US,PAC00-14231,1-Apr-24,
CANINE CREEK PET WASH AND BOUTIQUE,PRD:IND:IND-GEODIS WHSE IND US,PAC00-14231,1-May-24,
CANINE CREEK PET WASH AND BOUTIQUE,PRD:IND:IND-GEODIS WHSE IND US,PAC00-14231,1-Jun-24,
CANINE CREEK PET WASH AND BOUTIQUE,PRD:IND:IND-GEODIS WHSE IND US,PAC00-14231,1-Jul-24,
CANINE CREEK PET WASH AND BOUTIQUE,PRD:IND:IND-GEODIS WHSE IND US,PAC00-14231,1-Aug-24,2
CANINE CREEK PET WASH AND BOUTIQUE,PRD:IND:IND-GEODIS WHSE IND US,PAC00-14231,1-Sep-24,
CANINE CREEK PET WASH AND BOUTIQUE,PRD:IND:IND-GEODIS WHSE IND US,PAC00-14231,1-Oct-24,
CANINE CREEK PET WASH AND BOUTIQUE,PRD:IND:IND-GEODIS WHSE IND US,PAC00-14231,1-Nov-24,
CANINE CREEK PET WASH AND BOUTIQUE,PRD:IND:IND-GEODIS WHSE IND US,PAC00-14231,1-Dec-24,
CANINE CREEK PET WASH AND BOUTIQUE,PRD:IND:IND-GEODIS WHSE IND US,PAC00-14231,1-Jan-25,
CANINE CREEK PET WASH AND BOUTIQUE,PRD:IND:IND-GEODIS WHSE IND US,PAC00-14231,1-Feb-25,
CANINE CREEK PET WASH AND BOUTIQUE,PRD:IND:IND-GEODIS WHSE IND US,PAC00-14231,1-Mar-25,
CANINE CREEK PET WASH AND BOUTIQUE,PRD:IND:IND-GEODIS WHSE IND US,PAC00-14231,1-Apr-25,
CANINE CREEK PET WASH AND BOUTIQUE,PRD:IND:IND-GEODIS WHSE IND US,PAC00-14231,1-May-25,
CANINE CREEK PET WASH AND BOUTIQUE,PRD:IND:IND-GEODIS WHSE IND US,PAC00-14231,1-Jun-25,
CANINE CREEK PET WASH AND BOUTIQUE,PRD:IND:IND-GEODIS WHSE IND US,PAC00-14231,1-Jul-25,
CANINE CREEK PET WASH AND BOUTIQUE,PRD:IND:IND-GEODIS WHSE IND US,PAC00-14231,1-Aug-25,
CANINE CREEK PET WASH AND BOUTIQUE,PRD:IND:IND-GEODIS WHSE IND US,PAC00-14231,1-Sep-25,
CANINE CREEK PET WASH AND BOUTIQUE,PRD:IND:IND-GEODIS WHSE IND US,PAC00-14231,1-Oct-25,
CANINE CREEK PET WASH AND BOUTIQUE,PRD:IND:IND-GEODIS WHSE IND US,PAC00-14231,1-Nov-25,
CANINE CREEK PET WASH AND BOUTIQUE,PRD:IND:IND-GEODIS WHSE IND US,PAC00-14231,1-Dec-25,
CANINE CREEK PET WASH AND BOUTIQUE,PRD:IND:IND-GEODIS WHSE IND US,PAC00-14231,1-Jan-26,
CANINE CREEK PET WASH AND BOUTIQUE,PRD:IND:IND-GEODIS WHSE IND US,PAC00-14231,1-Feb-26,
CANINE CREEK PET WASH AND BOUTIQUE,PRD:IND:IND-GEODIS WHSE IND US,PAC00-14231,1-Mar-26,
CANINE CREEK PET WASH AND BOUTIQUE,PRD:IND:IND-GEODIS WHSE IND US,PAC00-14231,1-Apr-26,
CARE A LOT,PRD:IND:IND-GEODIS WHSE IND US,PAC00-14231,1-May-23,24
CARE A LOT,PRD:IND:IND-GEODIS WHSE IND US,PAC00-14231,1-Jun-23,12
CARE A LOT,PRD:IND:IND-GEODIS WHSE IND US,PAC00-14231,1-Jul-23,48
CARE A LOT,PRD:IND:IND-GEODIS WHSE IND US,PAC00-14231,1-Aug-23,
CARE A LOT,PRD:IND:IND-GEODIS WHSE IND US,PAC00-14231,1-Sep-23,6
CARE A LOT,PRD:IND:IND-GEODIS WHSE IND US,PAC00-14231,1-Oct-23,24
CARE A LOT,PRD:IND:IND-GEODIS WHSE IND US,PAC00-14231,1-Nov-23,12
CARE A LOT,PRD:IND:IND-GEODIS WHSE IND US,PAC00-14231,1-Dec-23,20
CARE A LOT,PRD:IND:IND-GEODIS WHSE IND US,PAC00-14231,1-Jan-24,48
CARE A LOT,PRD:IND:IND-GEODIS WHSE IND US,PAC00-14231,1-Feb-24,
CARE A LOT,PRD:IND:IND-GEODIS WHSE IND US,PAC00-14231,1-Mar-24,
CARE A LOT,PRD:IND:IND-GEODIS WHSE IND US,PAC00-14231,1-Apr-24,
CARE A LOT,PRD:IND:IND-GEODIS WHSE IND US,PAC00-14231,1-May-24,113
CARE A LOT,PRD:IND:IND-GEODIS WHSE IND US,PAC00-14231,1-Jun-24,
CARE A LOT,PRD:IND:IND-GEODIS WHSE IND US,PAC00-14231,1-Jul-24,
CARE A LOT,PRD:IND:IND-GEODIS WHSE IND US,PAC00-14231,1-Aug-24,
CARE A LOT,PRD:IND:IND-GEODIS WHSE IND US,PAC00-14231,1-Sep-24,
CARE A LOT,PRD:IND:IND-GEODIS WHSE IND US,PAC00-14231,1-Oct-24,
CARE A LOT,PRD:IND:IND-GEODIS WHSE IND US,PAC00-14231,1-Nov-24,24
CARE A LOT,PRD:IND:IND-GEODIS WHSE IND US,PAC00-14231,1-Dec-24,
CARE A LOT,PRD:IND:IND-GEODIS WHSE IND US,PAC00-14231,1-Jan-25,9
CARE A LOT,PRD:IND:IND-GEODIS WHSE IND US,PAC00-14231,1-Feb-25,12
CARE A LOT,PRD:IND:IND-GEODIS WHSE IND US,PAC00-14231,1-Mar-25,18
CARE A LOT,PRD:IND:IND-GEODIS WHSE IND US,PAC00-14231,1-Apr-25,24
CARE A LOT,PRD:IND:IND-GEODIS WHSE IND US,PAC00-14231,1-May-25,
CARE A LOT,PRD:IND:IND-GEODIS WHSE IND US,PAC00-14231,1-Jun-25,24
CARE A LOT,PRD:IND:IND-GEODIS WHSE IND US,PAC00-14231,1-Jul-25,14
CARE A LOT,PRD:IND:IND-GEODIS WHSE IND US,PAC00-14231,1-Aug-25,2
CARE A LOT,PRD:IND:IND-GEODIS WHSE IND US,PAC00-14231,1-Sep-25,6
CARE A LOT,PRD:IND:IND-GEODIS WHSE IND US,PAC00-14231,1-Oct-25,8
CARE A LOT,PRD:IND:IND-GEODIS WHSE IND US,PAC00-14231,1-Nov-25,58
CARE A LOT,PRD:IND:IND-GEODIS WHSE IND US,PAC00-14231,1-Dec-25,
CARE A LOT,PRD:IND:IND-GEODIS WHSE IND US,PAC00-14231,1-Jan-26,12
CARE A LOT,PRD:IND:IND-GEODIS WHSE IND US,PAC00-14231,1-Feb-26,12
CARE A LOT,PRD:IND:IND-GEODIS WHSE IND US,PAC00-14231,1-Mar-26,
CARE A LOT,PRD:IND:IND-GEODIS WHSE IND US,PAC00-14231,1-Apr-26,6
CARTERS PET MART,PRD:IND:IND-GEODIS WHSE IND US,PAC00-14231,1-May-23,3
CARTERS PET MART,PRD:IND:IND-GEODIS WHSE IND US,PAC00-14231,1-Jun-23,
CARTERS PET MART,PRD:IND:IND-GEODIS WHSE IND US,PAC00-14231,1-Jul-23,32
CARTERS PET MART,PRD:IND:IND-GEODIS WHSE IND US,PAC00-14231,1-Aug-23,39
CARTERS PET MART,PRD:IND:IND-GEODIS WHSE IND US,PAC00-14231,1-Sep-23,
CARTERS PET MART,PRD:IND:IND-GEODIS WHSE IND US,PAC00-14231,1-Oct-23,
CARTERS PET MART,PRD:IND:IND-GEODIS WHSE IND US,PAC00-14231,1-Nov-23,
CARTERS PET MART,PRD:IND:IND-GEODIS WHSE IND US,PAC00-14231,1-Dec-23,63
CARTERS PET MART,PRD:IND:IND-GEODIS WHSE IND US,PAC00-14231,1-Jan-24,6
CARTERS PET MART,PRD:IND:IND-GEODIS WHSE IND US,PAC00-14231,1-Feb-24,
CARTERS PET MART,PRD:IND:IND-GEODIS WHSE IND US,PAC00-14231,1-Mar-24,58
CARTERS PET MART,PRD:IND:IND-GEODIS WHSE IND US,PAC00-14231,1-Apr-24,
CARTERS PET MART,PRD:IND:IND-GEODIS WHSE IND US,PAC00-14231,1-May-24,6
CARTERS PET MART,PRD:IND:IND-GEODIS WHSE IND US,PAC00-14231,1-Jun-24,
CARTERS PET MART,PRD:IND:IND-GEODIS WHSE IND US,PAC00-14231,1-Jul-24,
CARTERS PET MART,PRD:IND:IND-GEODIS WHSE IND US,PAC00-14231,1-Aug-24,
CARTERS PET MART,PRD:IND:IND-GEODIS WHSE IND US,PAC00-14231,1-Sep-24,24
CARTERS PET MART,PRD:IND:IND-GEODIS WHSE IND US,PAC00-14231,1-Oct-24,
CARTERS PET MART,PRD:IND:IND-GEODIS WHSE IND US,PAC00-14231,1-Nov-24,16
CARTERS PET MART,PRD:IND:IND-GEODIS WHSE IND US,PAC00-14231,1-Dec-24,6
CARTERS PET MART,PRD:IND:IND-GEODIS WHSE IND US,PAC00-14231,1-Jan-25,12
CARTERS PET MART,PRD:IND:IND-GEODIS WHSE IND US,PAC00-14231,1-Feb-25,6
CARTERS PET MART,PRD:IND:IND-GEODIS WHSE IND US,PAC00-14231,1-Mar-25,36
CARTERS PET MART,PRD:IND:IND-GEODIS WHSE IND US,PAC00-14231,1-Apr-25,
CARTERS PET MART,PRD:IND:IND-GEODIS WHSE IND US,PAC00-14231,1-May-25,30
CARTERS PET MART,PRD:IND:IND-GEODIS WHSE IND US,PAC00-14231,1-Jun-25,
CARTERS PET MART,PRD:IND:IND-GEODIS WHSE IND US,PAC00-14231,1-Jul-25,6
CARTERS PET MART,PRD:IND:IND-GEODIS WHSE IND US,PAC00-14231,1-Aug-25,6
CARTERS PET MART,PRD:IND:IND-GEODIS WHSE IND US,PAC00-14231,1-Sep-25,
CARTERS PET MART,PRD:IND:IND-GEODIS WHSE IND US,PAC00-14231,1-Oct-25,
CARTERS PET MART,PRD:IND:IND-GEODIS WHSE IND US,PAC00-14231,1-Nov-25,22
CARTERS PET MART,PRD:IND:IND-GEODIS WHSE IND US,PAC00-14231,1-Dec-25,
CARTERS PET MART,PRD:IND:IND-GEODIS WHSE IND US,PAC00-14231,1-Jan-26,
CARTERS PET MART,PRD:IND:IND-GEODIS WHSE IND US,PAC00-14231,1-Feb-26,25
CARTERS PET MART,PRD:IND:IND-GEODIS WHSE IND US,PAC00-14231,1-Mar-26,27
CARTERS PET MART,PRD:IND:IND-GEODIS WHSE IND US,PAC00-14231,1-Apr-26,2
CARTERS PET MART,PRD:IND:IND-GEODIS WHSE IND US,PBC-1000,1-May-23,
CARTERS PET MART,PRD:IND:IND-GEODIS WHSE IND US,PBC-1000,1-Jun-23,
CARTERS PET MART,PRD:IND:IND-GEODIS WHSE IND US,PBC-1000,1-Jul-23,
CARTERS PET MART,PRD:IND:IND-GEODIS WHSE IND US,PBC-1000,1-Aug-23,2
CARTERS PET MART,PRD:IND:IND-GEODIS WHSE IND US,PBC-1000,1-Sep-23,
CARTERS PET MART,PRD:IND:IND-GEODIS WHSE IND US,PBC-1000,1-Oct-23,
CARTERS PET MART,PRD:IND:IND-GEODIS WHSE IND US,PBC-1000,1-Nov-23,
CARTERS PET MART,PRD:IND:IND-GEODIS WHSE IND US,PBC-1000,1-Dec-23,4
CARTERS PET MART,PRD:IND:IND-GEODIS WHSE IND US,PBC-1000,1-Jan-24,
CARTERS PET MART,PRD:IND:IND-GEODIS WHSE IND US,PBC-1000,1-Feb-24,
CARTERS PET MART,PRD:IND:IND-GEODIS WHSE IND US,PBC-1000,1-Mar-24,3
CARTERS PET MART,PRD:IND:IND-GEODIS WHSE IND US,PBC-1000,1-Apr-24,
CARTERS PET MART,PRD:IND:IND-GEODIS WHSE IND US,PBC-1000,1-May-24,2
CARTERS PET MART,PRD:IND:IND-GEODIS WHSE IND US,PBC-1000,1-Jun-24,
CARTERS PET MART,PRD:IND:IND-GEODIS WHSE IND US,PBC-1000,1-Jul-24,
CARTERS PET MART,PRD:IND:IND-GEODIS WHSE IND US,PBC-1000,1-Aug-24,
CARTERS PET MART,PRD:IND:IND-GEODIS WHSE IND US,PBC-1000,1-Sep-24,
CARTERS PET MART,PRD:IND:IND-GEODIS WHSE IND US,PBC-1000,1-Oct-24,
CARTERS PET MART,PRD:IND:IND-GEODIS WHSE IND US,PBC-1000,1-Nov-24,
CARTERS PET MART,PRD:IND:IND-GEODIS WHSE IND US,PBC-1000,1-Dec-24,
CARTERS PET MART,PRD:IND:IND-GEODIS WHSE IND US,PBC-1000,1-Jan-25,1
CARTERS PET MART,PRD:IND:IND-GEODIS WHSE IND US,PBC-1000,1-Feb-25,
CARTERS PET MART,PRD:IND:IND-GEODIS WHSE IND US,PBC-1000,1-Mar-25,2
CARTERS PET MART,PRD:IND:IND-GEODIS WHSE IND US,PBC-1000,1-Apr-25,
CARTERS PET MART,PRD:IND:IND-GEODIS WHSE IND US,PBC-1000,1-May-25,
CARTERS PET MART,PRD:IND:IND-GEODIS WHSE IND US,PBC-1000,1-Jun-25,
CARTERS PET MART,PRD:IND:IND-GEODIS WHSE IND US,PBC-1000,1-Jul-25,2
CARTERS PET MART,PRD:IND:IND-GEODIS WHSE IND US,PBC-1000,1-Aug-25,
CARTERS PET MART,PRD:IND:IND-GEODIS WHSE IND US,PBC-1000,1-Sep-25,
CARTERS PET MART,PRD:IND:IND-GEODIS WHSE IND US,PBC-1000,1-Oct-25,
CARTERS PET MART,PRD:IND:IND-GEODIS WHSE IND US,PBC-1000,1-Nov-25,
CARTERS PET MART,PRD:IND:IND-GEODIS WHSE IND US,PBC-1000,1-Dec-25,
CARTERS PET MART,PRD:IND:IND-GEODIS WHSE IND US,PBC-1000,1-Jan-26,
CARTERS PET MART,PRD:IND:IND-GEODIS WHSE IND US,PBC-1000,1-Feb-26,3
CARTERS PET MART,PRD:IND:IND-GEODIS WHSE IND US,PBC-1000,1-Mar-26,
CARTERS PET MART,PRD:IND:IND-GEODIS WHSE IND US,PBC-1000,1-Apr-26,
CASCADE FARM AND OUTDOOR CLOSED,PRD:IND:IND-GEODIS WHSE IND US,PBC-1000,1-May-23,
CASCADE FARM AND OUTDOOR CLOSED,PRD:IND:IND-GEODIS WHSE IND US,PBC-1000,1-Jun-23,
CASCADE FARM AND OUTDOOR CLOSED,PRD:IND:IND-GEODIS WHSE IND US,PBC-1000,1-Jul-23,
CASCADE FARM AND OUTDOOR CLOSED,PRD:IND:IND-GEODIS WHSE IND US,PBC-1000,1-Aug-23,2
CASCADE FARM AND OUTDOOR CLOSED,PRD:IND:IND-GEODIS WHSE IND US,PBC-1000,1-Sep-23,
CASCADE FARM AND OUTDOOR CLOSED,PRD:IND:IND-GEODIS WHSE IND US,PBC-1000,1-Oct-23,
CASCADE FARM AND OUTDOOR CLOSED,PRD:IND:IND-GEODIS WHSE IND US,PBC-1000,1-Nov-23,
CASCADE FARM AND OUTDOOR CLOSED,PRD:IND:IND-GEODIS WHSE IND US,PBC-1000,1-Dec-23,
CASCADE FARM AND OUTDOOR CLOSED,PRD:IND:IND-GEODIS WHSE IND US,PBC-1000,1-Jan-24,
CASCADE FARM AND OUTDOOR CLOSED,PRD:IND:IND-GEODIS WHSE IND US,PBC-1000,1-Feb-24,2
CASCADE FARM AND OUTDOOR CLOSED,PRD:IND:IND-GEODIS WHSE IND US,PBC-1000,1-Mar-24,
CASCADE FARM AND OUTDOOR CLOSED,PRD:IND:IND-GEODIS WHSE IND US,PBC-1000,1-Apr-24,
CASCADE FARM AND OUTDOOR CLOSED,PRD:IND:IND-GEODIS WHSE IND US,PBC-1000,1-May-24,
CASCADE FARM AND OUTDOOR CLOSED,PRD:IND:IND-GEODIS WHSE IND US,PBC-1000,1-Jun-24,
CASCADE FARM AND OUTDOOR CLOSED,PRD:IND:IND-GEODIS WHSE IND US,PBC-1000,1-Jul-24,
CASCADE FARM AND OUTDOOR CLOSED,PRD:IND:IND-GEODIS WHSE IND US,PBC-1000,1-Aug-24,3
CASCADE FARM AND OUTDOOR CLOSED,PRD:IND:IND-GEODIS WHSE IND US,PBC-1000,1-Sep-24,
CASCADE FARM AND OUTDOOR CLOSED,PRD:IND:IND-GEODIS WHSE IND US,PBC-1000,1-Oct-24,
CASCADE FARM AND OUTDOOR CLOSED,PRD:IND:IND-GEODIS WHSE IND US,PBC-1000,1-Nov-24,
CASCADE FARM AND OUTDOOR CLOSED,PRD:IND:IND-GEODIS WHSE IND US,PBC-1000,1-Dec-24,
CASCADE FARM AND OUTDOOR CLOSED,PRD:IND:IND-GEODIS WHSE IND US,PBC-1000,1-Jan-25,
CASCADE FARM AND OUTDOOR CLOSED,PRD:IND:IND-GEODIS WHSE IND US,PBC-1000,1-Feb-25,
CASCADE FARM AND OUTDOOR CLOSED,PRD:IND:IND-GEODIS WHSE IND US,PBC-1000,1-Mar-25,
CASCADE FARM AND OUTDOOR CLOSED,PRD:IND:IND-GEODIS WHSE IND US,PBC-1000,1-Apr-25,
CASCADE FARM AND OUTDOOR CLOSED,PRD:IND:IND-GEODIS WHSE IND US,PBC-1000,1-May-25,
CASCADE FARM AND OUTDOOR CLOSED,PRD:IND:IND-GEODIS WHSE IND US,PBC-1000,1-Jun-25,6
CASCADE FARM AND OUTDOOR CLOSED,PRD:IND:IND-GEODIS WHSE IND US,PBC-1000,1-Jul-25,
CASCADE FARM AND OUTDOOR CLOSED,PRD:IND:IND-GEODIS WHSE IND US,PBC-1000,1-Aug-25,
CASCADE FARM AND OUTDOOR CLOSED,PRD:IND:IND-GEODIS WHSE IND US,PBC-1000,1-Sep-25,
CASCADE FARM AND OUTDOOR CLOSED,PRD:IND:IND-GEODIS WHSE IND US,PBC-1000,1-Oct-25,
CASCADE FARM AND OUTDOOR CLOSED,PRD:IND:IND-GEODIS WHSE IND US,PBC-1000,1-Nov-25,
CASCADE FARM AND OUTDOOR CLOSED,PRD:IND:IND-GEODIS WHSE IND US,PBC-1000,1-Dec-25,
CASCADE FARM AND OUTDOOR CLOSED,PRD:IND:IND-GEODIS WHSE IND US,PBC-1000,1-Jan-26,
CASCADE FARM AND OUTDOOR CLOSED,PRD:IND:IND-GEODIS WHSE IND US,PBC-1000,1-Feb-26,
CASCADE FARM AND OUTDOOR CLOSED,PRD:IND:IND-GEODIS WHSE IND US,PBC-1000,1-Mar-26,
CASCADE FARM AND OUTDOOR CLOSED,PRD:IND:IND-GEODIS WHSE IND US,PBC-1000,1-Apr-26,
CASTILE CREEK KENNELS,PRD:IND:IND-GEODIS WHSE IND US,PAC00-14231,1-May-23,
CASTILE CREEK KENNELS,PRD:IND:IND-GEODIS WHSE IND US,PAC00-14231,1-Jun-23,
CASTILE CREEK KENNELS,PRD:IND:IND-GEODIS WHSE IND US,PAC00-14231,1-Jul-23,
CASTILE CREEK KENNELS,PRD:IND:IND-GEODIS WHSE IND US,PAC00-14231,1-Aug-23,
CASTILE CREEK KENNELS,PRD:IND:IND-GEODIS WHSE IND US,PAC00-14231,1-Sep-23,
CASTILE CREEK KENNELS,PRD:IND:IND-GEODIS WHSE IND US,PAC00-14231,1-Oct-23,
CASTILE CREEK KENNELS,PRD:IND:IND-GEODIS WHSE IND US,PAC00-14231,1-Nov-23,
CASTILE CREEK KENNELS,PRD:IND:IND-GEODIS WHSE IND US,PAC00-14231,1-Dec-23,
CASTILE CREEK KENNELS,PRD:IND:IND-GEODIS WHSE IND US,PAC00-14231,1-Jan-24,
CASTILE CREEK KENNELS,PRD:IND:IND-GEODIS WHSE IND US,PAC00-14231,1-Feb-24,
CASTILE CREEK KENNELS,PRD:IND:IND-GEODIS WHSE IND US,PAC00-14231,1-Mar-24,
CASTILE CREEK KENNELS,PRD:IND:IND-GEODIS WHSE IND US,PAC00-14231,1-Apr-24,
CASTILE CREEK KENNELS,PRD:IND:IND-GEODIS WHSE IND US,PAC00-14231,1-May-24,
CASTILE CREEK KENNELS,PRD:IND:IND-GEODIS WHSE IND US,PAC00-14231,1-Jun-24,
CASTILE CREEK KENNELS,PRD:IND:IND-GEODIS WHSE IND US,PAC00-14231,1-Jul-24,
CASTILE CREEK KENNELS,PRD:IND:IND-GEODIS WHSE IND US,PAC00-14231,1-Aug-24,
CASTILE CREEK KENNELS,PRD:IND:IND-GEODIS WHSE IND US,PAC00-14231,1-Sep-24,
CASTILE CREEK KENNELS,PRD:IND:IND-GEODIS WHSE IND US,PAC00-14231,1-Oct-24,
CASTILE CREEK KENNELS,PRD:IND:IND-GEODIS WHSE IND US,PAC00-14231,1-Nov-24,
CASTILE CREEK KENNELS,PRD:IND:IND-GEODIS WHSE IND US,PAC00-14231,1-Dec-24,
CASTILE CREEK KENNELS,PRD:IND:IND-GEODIS WHSE IND US,PAC00-14231,1-Jan-25,
CASTILE CREEK KENNELS,PRD:IND:IND-GEODIS WHSE IND US,PAC00-14231,1-Feb-25,
CASTILE CREEK KENNELS,PRD:IND:IND-GEODIS WHSE IND US,PAC00-14231,1-Mar-25,
CASTILE CREEK KENNELS,PRD:IND:IND-GEODIS WHSE IND US,PAC00-14231,1-Apr-25,
CASTILE CREEK KENNELS,PRD:IND:IND-GEODIS WHSE IND US,PAC00-14231,1-May-25,
CASTILE CREEK KENNELS,PRD:IND:IND-GEODIS WHSE IND US,PAC00-14231,1-Jun-25,
CASTILE CREEK KENNELS,PRD:IND:IND-GEODIS WHSE IND US,PAC00-14231,1-Jul-25,
CASTILE CREEK KENNELS,PRD:IND:IND-GEODIS WHSE IND US,PAC00-14231,1-Aug-25,
CASTILE CREEK KENNELS,PRD:IND:IND-GEODIS WHSE IND US,PAC00-14231,1-Sep-25,2
CASTILE CREEK KENNELS,PRD:IND:IND-GEODIS WHSE IND US,PAC00-14231,1-Oct-25,
CASTILE CREEK KENNELS,PRD:IND:IND-GEODIS WHSE IND US,PAC00-14231,1-Nov-25,
CASTILE CREEK KENNELS,PRD:IND:IND-GEODIS WHSE IND US,PAC00-14231,1-Dec-25,
CASTILE CREEK KENNELS,PRD:IND:IND-GEODIS WHSE IND US,PAC00-14231,1-Jan-26,
CASTILE CREEK KENNELS,PRD:IND:IND-GEODIS WHSE IND US,PAC00-14231,1-Feb-26,
CASTILE CREEK KENNELS,PRD:IND:IND-GEODIS WHSE IND US,PAC00-14231,1-Mar-26,
CASTILE CREEK KENNELS,PRD:IND:IND-GEODIS WHSE IND US,PAC00-14231,1-Apr-26,
CENTRAL G AND P   ALGONA WA,PRD:IND:IND-GEODIS WHSE IND US,PAC00-14231,1-May-23,
CENTRAL G AND P   ALGONA WA,PRD:IND:IND-GEODIS WHSE IND US,PAC00-14231,1-Jun-23,
CENTRAL G AND P   ALGONA WA,PRD:IND:IND-GEODIS WHSE IND US,PAC00-14231,1-Jul-23,
CENTRAL G AND P   ALGONA WA,PRD:IND:IND-GEODIS WHSE IND US,PAC00-14231,1-Aug-23,
CENTRAL G AND P   ALGONA WA,PRD:IND:IND-GEODIS WHSE IND US,PAC00-14231,1-Sep-23,
CENTRAL G AND P   ALGONA WA,PRD:IND:IND-GEODIS WHSE IND US,PAC00-14231,1-Oct-23,
CENTRAL G AND P   ALGONA WA,PRD:IND:IND-GEODIS WHSE IND US,PAC00-14231,1-Nov-23,
CENTRAL G AND P   ALGONA WA,PRD:IND:IND-GEODIS WHSE IND US,PAC00-14231,1-Dec-23,
CENTRAL G AND P   ALGONA WA,PRD:IND:IND-GEODIS WHSE IND US,PAC00-14231,1-Jan-24,
CENTRAL G AND P   ALGONA WA,PRD:IND:IND-GEODIS WHSE IND US,PAC00-14231,1-Feb-24,
CENTRAL G AND P   ALGONA WA,PRD:IND:IND-GEODIS WHSE IND US,PAC00-14231,1-Mar-24,12
CENTRAL G AND P   ALGONA WA,PRD:IND:IND-GEODIS WHSE IND US,PAC00-14231,1-Apr-24,15
CENTRAL G AND P   ALGONA WA,PRD:IND:IND-GEODIS WHSE IND US,PAC00-14231,1-May-24,35
CENTRAL G AND P   ALGONA WA,PRD:IND:IND-GEODIS WHSE IND US,PAC00-14231,1-Jun-24,
CENTRAL G AND P   ALGONA WA,PRD:IND:IND-GEODIS WHSE IND US,PAC00-14231,1-Jul-24,20
CENTRAL G AND P   ALGONA WA,PRD:IND:IND-GEODIS WHSE IND US,PAC00-14231,1-Aug-24,10
CENTRAL G AND P   ALGONA WA,PRD:IND:IND-GEODIS WHSE IND US,PAC00-14231,1-Sep-24,
CENTRAL G AND P   ALGONA WA,PRD:IND:IND-GEODIS WHSE IND US,PAC00-14231,1-Oct-24,
CENTRAL G AND P   ALGONA WA,PRD:IND:IND-GEODIS WHSE IND US,PAC00-14231,1-Nov-24,
CENTRAL G AND P   ALGONA WA,PRD:IND:IND-GEODIS WHSE IND US,PAC00-14231,1-Dec-24,20
CENTRAL G AND P   ALGONA WA,PRD:IND:IND-GEODIS WHSE IND US,PAC00-14231,1-Jan-25,
CENTRAL G AND P   ALGONA WA,PRD:IND:IND-GEODIS WHSE IND US,PAC00-14231,1-Feb-25,
CENTRAL G AND P   ALGONA WA,PRD:IND:IND-GEODIS WHSE IND US,PAC00-14231,1-Mar-25,24
CENTRAL G AND P   ALGONA WA,PRD:IND:IND-GEODIS WHSE IND US,PAC00-14231,1-Apr-25,
CENTRAL G AND P   ALGONA WA,PRD:IND:IND-GEODIS WHSE IND US,PAC00-14231,1-May-25,
CENTRAL G AND P   ALGONA WA,PRD:IND:IND-GEODIS WHSE IND US,PAC00-14231,1-Jun-25,
CENTRAL G AND P   ALGONA WA,PRD:IND:IND-GEODIS WHSE IND US,PAC00-14231,1-Jul-25,6
CENTRAL G AND P   ALGONA WA,PRD:IND:IND-GEODIS WHSE IND US,PAC00-14231,1-Aug-25,
CENTRAL G AND P   ALGONA WA,PRD:IND:IND-GEODIS WHSE IND US,PAC00-14231,1-Sep-25,5
CENTRAL G AND P   ALGONA WA,PRD:IND:IND-GEODIS WHSE IND US,PAC00-14231,1-Oct-25,
CENTRAL G AND P   ALGONA WA,PRD:IND:IND-GEODIS WHSE IND US,PAC00-14231,1-Nov-25,
CENTRAL G AND P   ALGONA WA,PRD:IND:IND-GEODIS WHSE IND US,PAC00-14231,1-Dec-25,12
CENTRAL G AND P   ALGONA WA,PRD:IND:IND-GEODIS WHSE IND US,PAC00-14231,1-Jan-26,
CENTRAL G AND P   ALGONA WA,PRD:IND:IND-GEODIS WHSE IND US,PAC00-14231,1-Feb-26,10
CENTRAL G AND P   ALGONA WA,PRD:IND:IND-GEODIS WHSE IND US,PAC00-14231,1-Mar-26,
CENTRAL G AND P   ALGONA WA,PRD:IND:IND-GEODIS WHSE IND US,PAC00-14231,1-Apr-26,
CENTRAL G AND P   ALGONA WA,PRD:IND:IND-GEODIS WHSE IND US,PBC-1000,1-May-23,
CENTRAL G AND P   ALGONA WA,PRD:IND:IND-GEODIS WHSE IND US,PBC-1000,1-Jun-23,12
CENTRAL G AND P   ALGONA WA,PRD:IND:IND-GEODIS WHSE IND US,PBC-1000,1-Jul-23,
CENTRAL G AND P   ALGONA WA,PRD:IND:IND-GEODIS WHSE IND US,PBC-1000,1-Aug-23,
CENTRAL G AND P   ALGONA WA,PRD:IND:IND-GEODIS WHSE IND US,PBC-1000,1-Sep-23,
CENTRAL G AND P   ALGONA WA,PRD:IND:IND-GEODIS WHSE IND US,PBC-1000,1-Oct-23,12
CENTRAL G AND P   ALGONA WA,PRD:IND:IND-GEODIS WHSE IND US,PBC-1000,1-Nov-23,
CENTRAL G AND P   ALGONA WA,PRD:IND:IND-GEODIS WHSE IND US,PBC-1000,1-Dec-23,
CENTRAL G AND P   ALGONA WA,PRD:IND:IND-GEODIS WHSE IND US,PBC-1000,1-Jan-24,
CENTRAL G AND P   ALGONA WA,PRD:IND:IND-GEODIS WHSE IND US,PBC-1000,1-Feb-24,
CENTRAL G AND P   ALGONA WA,PRD:IND:IND-GEODIS WHSE IND US,PBC-1000,1-Mar-24,18
CENTRAL G AND P   ALGONA WA,PRD:IND:IND-GEODIS WHSE IND US,PBC-1000,1-Apr-24,
CENTRAL G AND P   ALGONA WA,PRD:IND:IND-GEODIS WHSE IND US,PBC-1000,1-May-24,
CENTRAL G AND P   ALGONA WA,PRD:IND:IND-GEODIS WHSE IND US,PBC-1000,1-Jun-24,
CENTRAL G AND P   ALGONA WA,PRD:IND:IND-GEODIS WHSE IND US,PBC-1000,1-Jul-24,12
CENTRAL G AND P   ALGONA WA,PRD:IND:IND-GEODIS WHSE IND US,PBC-1000,1-Aug-24,
CENTRAL G AND P   ALGONA WA,PRD:IND:IND-GEODIS WHSE IND US,PBC-1000,1-Sep-24,
CENTRAL G AND P   ALGONA WA,PRD:IND:IND-GEODIS WHSE IND US,PBC-1000,1-Oct-24,
CENTRAL G AND P   ALGONA WA,PRD:IND:IND-GEODIS WHSE IND US,PBC-1000,1-Nov-24,
CENTRAL G AND P   ALGONA WA,PRD:IND:IND-GEODIS WHSE IND US,PBC-1000,1-Dec-24,
CENTRAL G AND P   ALGONA WA,PRD:IND:IND-GEODIS WHSE IND US,PBC-1000,1-Jan-25,
CENTRAL G AND P   ALGONA WA,PRD:IND:IND-GEODIS WHSE IND US,PBC-1000,1-Feb-25,
CENTRAL G AND P   ALGONA WA,PRD:IND:IND-GEODIS WHSE IND US,PBC-1000,1-Mar-25,12
CENTRAL G AND P   ALGONA WA,PRD:IND:IND-GEODIS WHSE IND US,PBC-1000,1-Apr-25,
CENTRAL G AND P   ALGONA WA,PRD:IND:IND-GEODIS WHSE IND US,PBC-1000,1-May-25,
CENTRAL G AND P   ALGONA WA,PRD:IND:IND-GEODIS WHSE IND US,PBC-1000,1-Jun-25,
CENTRAL G AND P   ALGONA WA,PRD:IND:IND-GEODIS WHSE IND US,PBC-1000,1-Jul-25,
CENTRAL G AND P   ALGONA WA,PRD:IND:IND-GEODIS WHSE IND US,PBC-1000,1-Aug-25,
CENTRAL G AND P   ALGONA WA,PRD:IND:IND-GEODIS WHSE IND US,PBC-1000,1-Sep-25,
CENTRAL G AND P   ALGONA WA,PRD:IND:IND-GEODIS WHSE IND US,PBC-1000,1-Oct-25,
CENTRAL G AND P   ALGONA WA,PRD:IND:IND-GEODIS WHSE IND US,PBC-1000,1-Nov-25,12
CENTRAL G AND P   ALGONA WA,PRD:IND:IND-GEODIS WHSE IND US,PBC-1000,1-Dec-25,
CENTRAL G AND P   ALGONA WA,PRD:IND:IND-GEODIS WHSE IND US,PBC-1000,1-Jan-26,
CENTRAL G AND P   ALGONA WA,PRD:IND:IND-GEODIS WHSE IND US,PBC-1000,1-Feb-26,
CENTRAL G AND P   ALGONA WA,PRD:IND:IND-GEODIS WHSE IND US,PBC-1000,1-Mar-26,
CENTRAL G AND P   ALGONA WA,PRD:IND:IND-GEODIS WHSE IND US,PBC-1000,1-Apr-26,
CENTRAL G AND P   SACRAMENTO C,PRD:IND:IND-GEODIS WHSE IND US,PAC00-14231,1-May-23,
CENTRAL G AND P   SACRAMENTO C,PRD:IND:IND-GEODIS WHSE IND US,PAC00-14231,1-Jun-23,
CENTRAL G AND P   SACRAMENTO C,PRD:IND:IND-GEODIS WHSE IND US,PAC00-14231,1-Jul-23,
CENTRAL G AND P   SACRAMENTO C,PRD:IND:IND-GEODIS WHSE IND US,PAC00-14231,1-Aug-23,
CENTRAL G AND P   SACRAMENTO C,PRD:IND:IND-GEODIS WHSE IND US,PAC00-14231,1-Sep-23,
CENTRAL G AND P   SACRAMENTO C,PRD:IND:IND-GEODIS WHSE IND US,PAC00-14231,1-Oct-23,
CENTRAL G AND P   SACRAMENTO C,PRD:IND:IND-GEODIS WHSE IND US,PAC00-14231,1-Nov-23,
CENTRAL G AND P   SACRAMENTO C,PRD:IND:IND-GEODIS WHSE IND US,PAC00-14231,1-Dec-23,
CENTRAL G AND P   SACRAMENTO C,PRD:IND:IND-GEODIS WHSE IND US,PAC00-14231,1-Jan-24,
CENTRAL G AND P   SACRAMENTO C,PRD:IND:IND-GEODIS WHSE IND US,PAC00-14231,1-Feb-24,18
CENTRAL G AND P   SACRAMENTO C,PRD:IND:IND-GEODIS WHSE IND US,PAC00-14231,1-Mar-24,30
CENTRAL G AND P   SACRAMENTO C,PRD:IND:IND-GEODIS WHSE IND US,PAC00-14231,1-Apr-24,
CENTRAL G AND P   SACRAMENTO C,PRD:IND:IND-GEODIS WHSE IND US,PAC00-14231,1-May-24,36
CENTRAL G AND P   SACRAMENTO C,PRD:IND:IND-GEODIS WHSE IND US,PAC00-14231,1-Jun-24,
CENTRAL G AND P   SACRAMENTO C,PRD:IND:IND-GEODIS WHSE IND US,PAC00-14231,1-Jul-24,
CENTRAL G AND P   SACRAMENTO C,PRD:IND:IND-GEODIS WHSE IND US,PAC00-14231,1-Aug-24,
CENTRAL G AND P   SACRAMENTO C,PRD:IND:IND-GEODIS WHSE IND US,PAC00-14231,1-Sep-24,
CENTRAL G AND P   SACRAMENTO C,PRD:IND:IND-GEODIS WHSE IND US,PAC00-14231,1-Oct-24,24
CENTRAL G AND P   SACRAMENTO C,PRD:IND:IND-GEODIS WHSE IND US,PAC00-14231,1-Nov-24,
CENTRAL G AND P   SACRAMENTO C,PRD:IND:IND-GEODIS WHSE IND US,PAC00-14231,1-Dec-24,
CENTRAL G AND P   SACRAMENTO C,PRD:IND:IND-GEODIS WHSE IND US,PAC00-14231,1-Jan-25,
CENTRAL G AND P   SACRAMENTO C,PRD:IND:IND-GEODIS WHSE IND US,PAC00-14231,1-Feb-25,10
CENTRAL G AND P   SACRAMENTO C,PRD:IND:IND-GEODIS WHSE IND US,PAC00-14231,1-Mar-25,
CENTRAL G AND P   SACRAMENTO C,PRD:IND:IND-GEODIS WHSE IND US,PAC00-14231,1-Apr-25,
CENTRAL G AND P   SACRAMENTO C,PRD:IND:IND-GEODIS WHSE IND US,PAC00-14231,1-May-25,
CENTRAL G AND P   SACRAMENTO C,PRD:IND:IND-GEODIS WHSE IND US,PAC00-14231,1-Jun-25,
CENTRAL G AND P   SACRAMENTO C,PRD:IND:IND-GEODIS WHSE IND US,PAC00-14231,1-Jul-25,10
CENTRAL G AND P   SACRAMENTO C,PRD:IND:IND-GEODIS WHSE IND US,PAC00-14231,1-Aug-25,
CENTRAL G AND P   SACRAMENTO C,PRD:IND:IND-GEODIS WHSE IND US,PAC00-14231,1-Sep-25,
CENTRAL G AND P   SACRAMENTO C,PRD:IND:IND-GEODIS WHSE IND US,PAC00-14231,1-Oct-25,20
CENTRAL G AND P   SACRAMENTO C,PRD:IND:IND-GEODIS WHSE IND US,PAC00-14231,1-Nov-25,
CENTRAL G AND P   SACRAMENTO C,PRD:IND:IND-GEODIS WHSE IND US,PAC00-14231,1-Dec-25,
CENTRAL G AND P   SACRAMENTO C,PRD:IND:IND-GEODIS WHSE IND US,PAC00-14231,1-Jan-26,
CENTRAL G AND P   SACRAMENTO C,PRD:IND:IND-GEODIS WHSE IND US,PAC00-14231,1-Feb-26,
CENTRAL G AND P   SACRAMENTO C,PRD:IND:IND-GEODIS WHSE IND US,PAC00-14231,1-Mar-26,10
CENTRAL G AND P   SACRAMENTO C,PRD:IND:IND-GEODIS WHSE IND US,PAC00-14231,1-Apr-26,
CENTRAL G AND P   SACRAMENTO C,PRD:IND:IND-GEODIS WHSE IND US,PBC-1000,1-May-23,6
CENTRAL G AND P   SACRAMENTO C,PRD:IND:IND-GEODIS WHSE IND US,PBC-1000,1-Jun-23,
CENTRAL G AND P   SACRAMENTO C,PRD:IND:IND-GEODIS WHSE IND US,PBC-1000,1-Jul-23,
CENTRAL G AND P   SACRAMENTO C,PRD:IND:IND-GEODIS WHSE IND US,PBC-1000,1-Aug-23,
CENTRAL G AND P   SACRAMENTO C,PRD:IND:IND-GEODIS WHSE IND US,PBC-1000,1-Sep-23,
CENTRAL G AND P   SACRAMENTO C,PRD:IND:IND-GEODIS WHSE IND US,PBC-1000,1-Oct-23,
CENTRAL G AND P   SACRAMENTO C,PRD:IND:IND-GEODIS WHSE IND US,PBC-1000,1-Nov-23,
CENTRAL G AND P   SACRAMENTO C,PRD:IND:IND-GEODIS WHSE IND US,PBC-1000,1-Dec-23,
CENTRAL G AND P   SACRAMENTO C,PRD:IND:IND-GEODIS WHSE IND US,PBC-1000,1-Jan-24,
CENTRAL G AND P   SACRAMENTO C,PRD:IND:IND-GEODIS WHSE IND US,PBC-1000,1-Feb-24,6
CENTRAL G AND P   SACRAMENTO C,PRD:IND:IND-GEODIS WHSE IND US,PBC-1000,1-Mar-24,6
CENTRAL G AND P   SACRAMENTO C,PRD:IND:IND-GEODIS WHSE IND US,PBC-1000,1-Apr-24,
CENTRAL G AND P   SACRAMENTO C,PRD:IND:IND-GEODIS WHSE IND US,PBC-1000,1-May-24,
CENTRAL G AND P   SACRAMENTO C,PRD:IND:IND-GEODIS WHSE IND US,PBC-1000,1-Jun-24,
CENTRAL G AND P   SACRAMENTO C,PRD:IND:IND-GEODIS WHSE IND US,PBC-1000,1-Jul-24,
CENTRAL G AND P   SACRAMENTO C,PRD:IND:IND-GEODIS WHSE IND US,PBC-1000,1-Aug-24,
CENTRAL G AND P   SACRAMENTO C,PRD:IND:IND-GEODIS WHSE IND US,PBC-1000,1-Sep-24,
CENTRAL G AND P   SACRAMENTO C,PRD:IND:IND-GEODIS WHSE IND US,PBC-1000,1-Oct-24,
CENTRAL G AND P   SACRAMENTO C,PRD:IND:IND-GEODIS WHSE IND US,PBC-1000,1-Nov-24,
CENTRAL G AND P   SACRAMENTO C,PRD:IND:IND-GEODIS WHSE IND US,PBC-1000,1-Dec-24,
CENTRAL G AND P   SACRAMENTO C,PRD:IND:IND-GEODIS WHSE IND US,PBC-1000,1-Jan-25,
CENTRAL G AND P   SACRAMENTO C,PRD:IND:IND-GEODIS WHSE IND US,PBC-1000,1-Feb-25,
CENTRAL G AND P   SACRAMENTO C,PRD:IND:IND-GEODIS WHSE IND US,PBC-1000,1-Mar-25,
CENTRAL G AND P   SACRAMENTO C,PRD:IND:IND-GEODIS WHSE IND US,PBC-1000,1-Apr-25,
CENTRAL G AND P   SACRAMENTO C,PRD:IND:IND-GEODIS WHSE IND US,PBC-1000,1-May-25,
CENTRAL G AND P   SACRAMENTO C,PRD:IND:IND-GEODIS WHSE IND US,PBC-1000,1-Jun-25,
CENTRAL G AND P   SACRAMENTO C,PRD:IND:IND-GEODIS WHSE IND US,PBC-1000,1-Jul-25,
CENTRAL G AND P   SACRAMENTO C,PRD:IND:IND-GEODIS WHSE IND US,PBC-1000,1-Aug-25,
CENTRAL G AND P   SACRAMENTO C,PRD:IND:IND-GEODIS WHSE IND US,PBC-1000,1-Sep-25,
CENTRAL G AND P   SACRAMENTO C,PRD:IND:IND-GEODIS WHSE IND US,PBC-1000,1-Oct-25,6
CENTRAL G AND P   SACRAMENTO C,PRD:IND:IND-GEODIS WHSE IND US,PBC-1000,1-Nov-25,
CENTRAL G AND P   SACRAMENTO C,PRD:IND:IND-GEODIS WHSE IND US,PBC-1000,1-Dec-25,
CENTRAL G AND P   SACRAMENTO C,PRD:IND:IND-GEODIS WHSE IND US,PBC-1000,1-Jan-26,
CENTRAL G AND P   SACRAMENTO C,PRD:IND:IND-GEODIS WHSE IND US,PBC-1000,1-Feb-26,12
CENTRAL G AND P   SACRAMENTO C,PRD:IND:IND-GEODIS WHSE IND US,PBC-1000,1-Mar-26,
CENTRAL G AND P   SACRAMENTO C,PRD:IND:IND-GEODIS WHSE IND US,PBC-1000,1-Apr-26,
CENTRAL G AND P   TAMPA FL,PRD:IND:IND-GEODIS WHSE IND US,PAC00-14231,1-May-23,
CENTRAL G AND P   TAMPA FL,PRD:IND:IND-GEODIS WHSE IND US,PAC00-14231,1-Jun-23,
CENTRAL G AND P   TAMPA FL,PRD:IND:IND-GEODIS WHSE IND US,PAC00-14231,1-Jul-23,
CENTRAL G AND P   TAMPA FL,PRD:IND:IND-GEODIS WHSE IND US,PAC00-14231,1-Aug-23,
CENTRAL G AND P   TAMPA FL,PRD:IND:IND-GEODIS WHSE IND US,PAC00-14231,1-Sep-23,
CENTRAL G AND P   TAMPA FL,PRD:IND:IND-GEODIS WHSE IND US,PAC00-14231,1-Oct-23,
CENTRAL G AND P   TAMPA FL,PRD:IND:IND-GEODIS WHSE IND US,PAC00-14231,1-Nov-23,
CENTRAL G AND P   TAMPA FL,PRD:IND:IND-GEODIS WHSE IND US,PAC00-14231,1-Dec-23,
CENTRAL G AND P   TAMPA FL,PRD:IND:IND-GEODIS WHSE IND US,PAC00-14231,1-Jan-24,
CENTRAL G AND P   TAMPA FL,PRD:IND:IND-GEODIS WHSE IND US,PAC00-14231,1-Feb-24,6
CENTRAL G AND P   TAMPA FL,PRD:IND:IND-GEODIS WHSE IND US,PAC00-14231,1-Mar-24,
CENTRAL G AND P   TAMPA FL,PRD:IND:IND-GEODIS WHSE IND US,PAC00-14231,1-Apr-24,12
CENTRAL G AND P   TAMPA FL,PRD:IND:IND-GEODIS WHSE IND US,PAC00-14231,1-May-24,
CENTRAL G AND P   TAMPA FL,PRD:IND:IND-GEODIS WHSE IND US,PAC00-14231,1-Jun-24,
CENTRAL G AND P   TAMPA FL,PRD:IND:IND-GEODIS WHSE IND US,PAC00-14231,1-Jul-24,
CENTRAL G AND P   TAMPA FL,PRD:IND:IND-GEODIS WHSE IND US,PAC00-14231,1-Aug-24,
CENTRAL G AND P   TAMPA FL,PRD:IND:IND-GEODIS WHSE IND US,PAC00-14231,1-Sep-24,
CENTRAL G AND P   TAMPA FL,PRD:IND:IND-GEODIS WHSE IND US,PAC00-14231,1-Oct-24,
CENTRAL G AND P   TAMPA FL,PRD:IND:IND-GEODIS WHSE IND US,PAC00-14231,1-Nov-24,
CENTRAL G AND P   TAMPA FL,PRD:IND:IND-GEODIS WHSE IND US,PAC00-14231,1-Dec-24,
CENTRAL G AND P   TAMPA FL,PRD:IND:IND-GEODIS WHSE IND US,PAC00-14231,1-Jan-25,
CENTRAL G AND P   TAMPA FL,PRD:IND:IND-GEODIS WHSE IND US,PAC00-14231,1-Feb-25,
CENTRAL G AND P   TAMPA FL,PRD:IND:IND-GEODIS WHSE IND US,PAC00-14231,1-Mar-25,
CENTRAL G AND P   TAMPA FL,PRD:IND:IND-GEODIS WHSE IND US,PAC00-14231,1-Apr-25,
CENTRAL G AND P   TAMPA FL,PRD:IND:IND-GEODIS WHSE IND US,PAC00-14231,1-May-25,20
CENTRAL G AND P   TAMPA FL,PRD:IND:IND-GEODIS WHSE IND US,PAC00-14231,1-Jun-25,
CENTRAL G AND P   TAMPA FL,PRD:IND:IND-GEODIS WHSE IND US,PAC00-14231,1-Jul-25,
CENTRAL G AND P   TAMPA FL,PRD:IND:IND-GEODIS WHSE IND US,PAC00-14231,1-Aug-25,
CENTRAL G AND P   TAMPA FL,PRD:IND:IND-GEODIS WHSE IND US,PAC00-14231,1-Sep-25,6
CENTRAL G AND P   TAMPA FL,PRD:IND:IND-GEODIS WHSE IND US,PAC00-14231,1-Oct-25,
CENTRAL G AND P   TAMPA FL,PRD:IND:IND-GEODIS WHSE IND US,PAC00-14231,1-Nov-25,
CENTRAL G AND P   TAMPA FL,PRD:IND:IND-GEODIS WHSE IND US,PAC00-14231,1-Dec-25,
CENTRAL G AND P   TAMPA FL,PRD:IND:IND-GEODIS WHSE IND US,PAC00-14231,1-Jan-26,
CENTRAL G AND P   TAMPA FL,PRD:IND:IND-GEODIS WHSE IND US,PAC00-14231,1-Feb-26,
CENTRAL G AND P   TAMPA FL,PRD:IND:IND-GEODIS WHSE IND US,PAC00-14231,1-Mar-26,
CENTRAL G AND P   TAMPA FL,PRD:IND:IND-GEODIS WHSE IND US,PAC00-14231,1-Apr-26,
CENTRAL G AND P   TAMPA FL,PRD:IND:IND-GEODIS WHSE IND US,PBC-1000,1-May-23,
CENTRAL G AND P   TAMPA FL,PRD:IND:IND-GEODIS WHSE IND US,PBC-1000,1-Jun-23,
CENTRAL G AND P   TAMPA FL,PRD:IND:IND-GEODIS WHSE IND US,PBC-1000,1-Jul-23,
CENTRAL G AND P   TAMPA FL,PRD:IND:IND-GEODIS WHSE IND US,PBC-1000,1-Aug-23,
CENTRAL G AND P   TAMPA FL,PRD:IND:IND-GEODIS WHSE IND US,PBC-1000,1-Sep-23,
CENTRAL G AND P   TAMPA FL,PRD:IND:IND-GEODIS WHSE IND US,PBC-1000,1-Oct-23,
CENTRAL G AND P   TAMPA FL,PRD:IND:IND-GEODIS WHSE IND US,PBC-1000,1-Nov-23,
CENTRAL G AND P   TAMPA FL,PRD:IND:IND-GEODIS WHSE IND US,PBC-1000,1-Dec-23,
CENTRAL G AND P   TAMPA FL,PRD:IND:IND-GEODIS WHSE IND US,PBC-1000,1-Jan-24,
CENTRAL G AND P   TAMPA FL,PRD:IND:IND-GEODIS WHSE IND US,PBC-1000,1-Feb-24,
CENTRAL G AND P   TAMPA FL,PRD:IND:IND-GEODIS WHSE IND US,PBC-1000,1-Mar-24,
CENTRAL G AND P   TAMPA FL,PRD:IND:IND-GEODIS WHSE IND US,PBC-1000,1-Apr-24,
CENTRAL G AND P   TAMPA FL,PRD:IND:IND-GEODIS WHSE IND US,PBC-1000,1-May-24,
CENTRAL G AND P   TAMPA FL,PRD:IND:IND-GEODIS WHSE IND US,PBC-1000,1-Jun-24,
CENTRAL G AND P   TAMPA FL,PRD:IND:IND-GEODIS WHSE IND US,PBC-1000,1-Jul-24,
CENTRAL G AND P   TAMPA FL,PRD:IND:IND-GEODIS WHSE IND US,PBC-1000,1-Aug-24,
CENTRAL G AND P   TAMPA FL,PRD:IND:IND-GEODIS WHSE IND US,PBC-1000,1-Sep-24,
CENTRAL G AND P   TAMPA FL,PRD:IND:IND-GEODIS WHSE IND US,PBC-1000,1-Oct-24,
CENTRAL G AND P   TAMPA FL,PRD:IND:IND-GEODIS WHSE IND US,PBC-1000,1-Nov-24,
CENTRAL G AND P   TAMPA FL,PRD:IND:IND-GEODIS WHSE IND US,PBC-1000,1-Dec-24,
CENTRAL G AND P   TAMPA FL,PRD:IND:IND-GEODIS WHSE IND US,PBC-1000,1-Jan-25,
CENTRAL G AND P   TAMPA FL,PRD:IND:IND-GEODIS WHSE IND US,PBC-1000,1-Feb-25,
CENTRAL G AND P   TAMPA FL,PRD:IND:IND-GEODIS WHSE IND US,PBC-1000,1-Mar-25,
CENTRAL G AND P   TAMPA FL,PRD:IND:IND-GEODIS WHSE IND US,PBC-1000,1-Apr-25,
CENTRAL G AND P   TAMPA FL,PRD:IND:IND-GEODIS WHSE IND US,PBC-1000,1-May-25,12
CENTRAL G AND P   TAMPA FL,PRD:IND:IND-GEODIS WHSE IND US,PBC-1000,1-Jun-25,
CENTRAL G AND P   TAMPA FL,PRD:IND:IND-GEODIS WHSE IND US,PBC-1000,1-Jul-25,
CENTRAL G AND P   TAMPA FL,PRD:IND:IND-GEODIS WHSE IND US,PBC-1000,1-Aug-25,
CENTRAL G AND P   TAMPA FL,PRD:IND:IND-GEODIS WHSE IND US,PBC-1000,1-Sep-25,
CENTRAL G AND P   TAMPA FL,PRD:IND:IND-GEODIS WHSE IND US,PBC-1000,1-Oct-25,
CENTRAL G AND P   TAMPA FL,PRD:IND:IND-GEODIS WHSE IND US,PBC-1000,1-Nov-25,
CENTRAL G AND P   TAMPA FL,PRD:IND:IND-GEODIS WHSE IND US,PBC-1000,1-Dec-25,
CENTRAL G AND P   TAMPA FL,PRD:IND:IND-GEODIS WHSE IND US,PBC-1000,1-Jan-26,
CENTRAL G AND P   TAMPA FL,PRD:IND:IND-GEODIS WHSE IND US,PBC-1000,1-Feb-26,
CENTRAL G AND P   TAMPA FL,PRD:IND:IND-GEODIS WHSE IND US,PBC-1000,1-Mar-26,
CENTRAL G AND P   TAMPA FL,PRD:IND:IND-GEODIS WHSE IND US,PBC-1000,1-Apr-26,
CENTRAL G AND P  SANTA FE SPRI,PRD:IND:IND-GEODIS WHSE IND US,PAC00-14231,1-May-23,
CENTRAL G AND P  SANTA FE SPRI,PRD:IND:IND-GEODIS WHSE IND US,PAC00-14231,1-Jun-23,
CENTRAL G AND P  SANTA FE SPRI,PRD:IND:IND-GEODIS WHSE IND US,PAC00-14231,1-Jul-23,20
CENTRAL G AND P  SANTA FE SPRI,PRD:IND:IND-GEODIS WHSE IND US,PAC00-14231,1-Aug-23,
CENTRAL G AND P  SANTA FE SPRI,PRD:IND:IND-GEODIS WHSE IND US,PAC00-14231,1-Sep-23,
CENTRAL G AND P  SANTA FE SPRI,PRD:IND:IND-GEODIS WHSE IND US,PAC00-14231,1-Oct-23,8
CENTRAL G AND P  SANTA FE SPRI,PRD:IND:IND-GEODIS WHSE IND US,PAC00-14231,1-Nov-23,
CENTRAL G AND P  SANTA FE SPRI,PRD:IND:IND-GEODIS WHSE IND US,PAC00-14231,1-Dec-23,15
CENTRAL G AND P  SANTA FE SPRI,PRD:IND:IND-GEODIS WHSE IND US,PAC00-14231,1-Jan-24,15
CENTRAL G AND P  SANTA FE SPRI,PRD:IND:IND-GEODIS WHSE IND US,PAC00-14231,1-Feb-24,
CENTRAL G AND P  SANTA FE SPRI,PRD:IND:IND-GEODIS WHSE IND US,PAC00-14231,1-Mar-24,40
CENTRAL G AND P  SANTA FE SPRI,PRD:IND:IND-GEODIS WHSE IND US,PAC00-14231,1-Apr-24,40
CENTRAL G AND P  SANTA FE SPRI,PRD:IND:IND-GEODIS WHSE IND US,PAC00-14231,1-May-24,30
CENTRAL G AND P  SANTA FE SPRI,PRD:IND:IND-GEODIS WHSE IND US,PAC00-14231,1-Jun-24,
CENTRAL G AND P  SANTA FE SPRI,PRD:IND:IND-GEODIS WHSE IND US,PAC00-14231,1-Jul-24,24
CENTRAL G AND P  SANTA FE SPRI,PRD:IND:IND-GEODIS WHSE IND US,PAC00-14231,1-Aug-24,36
CENTRAL G AND P  SANTA FE SPRI,PRD:IND:IND-GEODIS WHSE IND US,PAC00-14231,1-Sep-24,
CENTRAL G AND P  SANTA FE SPRI,PRD:IND:IND-GEODIS WHSE IND US,PAC00-14231,1-Oct-24,24
CENTRAL G AND P  SANTA FE SPRI,PRD:IND:IND-GEODIS WHSE IND US,PAC00-14231,1-Nov-24,
CENTRAL G AND P  SANTA FE SPRI,PRD:IND:IND-GEODIS WHSE IND US,PAC00-14231,1-Dec-24,36
CENTRAL G AND P  SANTA FE SPRI,PRD:IND:IND-GEODIS WHSE IND US,PAC00-14231,1-Jan-25,
CENTRAL G AND P  SANTA FE SPRI,PRD:IND:IND-GEODIS WHSE IND US,PAC00-14231,1-Feb-25,
CENTRAL G AND P  SANTA FE SPRI,PRD:IND:IND-GEODIS WHSE IND US,PAC00-14231,1-Mar-25,40
CENTRAL G AND P  SANTA FE SPRI,PRD:IND:IND-GEODIS WHSE IND US,PAC00-14231,1-Apr-25,
CENTRAL G AND P  SANTA FE SPRI,PRD:IND:IND-GEODIS WHSE IND US,PAC00-14231,1-May-25,
CENTRAL G AND P  SANTA FE SPRI,PRD:IND:IND-GEODIS WHSE IND US,PAC00-14231,1-Jun-25,60
CENTRAL G AND P  SANTA FE SPRI,PRD:IND:IND-GEODIS WHSE IND US,PAC00-14231,1-Jul-25,20
CENTRAL G AND P  SANTA FE SPRI,PRD:IND:IND-GEODIS WHSE IND US,PAC00-14231,1-Aug-25,
CENTRAL G AND P  SANTA FE SPRI,PRD:IND:IND-GEODIS WHSE IND US,PAC00-14231,1-Sep-25,
CENTRAL G AND P  SANTA FE SPRI,PRD:IND:IND-GEODIS WHSE IND US,PAC00-14231,1-Oct-25,
CENTRAL G AND P  SANTA FE SPRI,PRD:IND:IND-GEODIS WHSE IND US,PAC00-14231,1-Nov-25,25
CENTRAL G AND P  SANTA FE SPRI,PRD:IND:IND-GEODIS WHSE IND US,PAC00-14231,1-Dec-25,
CENTRAL G AND P  SANTA FE SPRI,PRD:IND:IND-GEODIS WHSE IND US,PAC00-14231,1-Jan-26,
CENTRAL G AND P  SANTA FE SPRI,PRD:IND:IND-GEODIS WHSE IND US,PAC00-14231,1-Feb-26,12
CENTRAL G AND P  SANTA FE SPRI,PRD:IND:IND-GEODIS WHSE IND US,PAC00-14231,1-Mar-26,
CENTRAL G AND P  SANTA FE SPRI,PRD:IND:IND-GEODIS WHSE IND US,PAC00-14231,1-Apr-26,48
CENTRAL G AND P  SANTA FE SPRI,PRD:IND:IND-GEODIS WHSE IND US,PBC-1000,1-May-23,
CENTRAL G AND P  SANTA FE SPRI,PRD:IND:IND-GEODIS WHSE IND US,PBC-1000,1-Jun-23,
CENTRAL G AND P  SANTA FE SPRI,PRD:IND:IND-GEODIS WHSE IND US,PBC-1000,1-Jul-23,18
CENTRAL G AND P  SANTA FE SPRI,PRD:IND:IND-GEODIS WHSE IND US,PBC-1000,1-Aug-23,
CENTRAL G AND P  SANTA FE SPRI,PRD:IND:IND-GEODIS WHSE IND US,PBC-1000,1-Sep-23,
CENTRAL G AND P  SANTA FE SPRI,PRD:IND:IND-GEODIS WHSE IND US,PBC-1000,1-Oct-23,
CENTRAL G AND P  SANTA FE SPRI,PRD:IND:IND-GEODIS WHSE IND US,PBC-1000,1-Nov-23,
CENTRAL G AND P  SANTA FE SPRI,PRD:IND:IND-GEODIS WHSE IND US,PBC-1000,1-Dec-23,
CENTRAL G AND P  SANTA FE SPRI,PRD:IND:IND-GEODIS WHSE IND US,PBC-1000,1-Jan-24,
CENTRAL G AND P  SANTA FE SPRI,PRD:IND:IND-GEODIS WHSE IND US,PBC-1000,1-Feb-24,
CENTRAL G AND P  SANTA FE SPRI,PRD:IND:IND-GEODIS WHSE IND US,PBC-1000,1-Mar-24,12
CENTRAL G AND P  SANTA FE SPRI,PRD:IND:IND-GEODIS WHSE IND US,PBC-1000,1-Apr-24,
CENTRAL G AND P  SANTA FE SPRI,PRD:IND:IND-GEODIS WHSE IND US,PBC-1000,1-May-24,12
CENTRAL G AND P  SANTA FE SPRI,PRD:IND:IND-GEODIS WHSE IND US,PBC-1000,1-Jun-24,
CENTRAL G AND P  SANTA FE SPRI,PRD:IND:IND-GEODIS WHSE IND US,PBC-1000,1-Jul-24,
CENTRAL G AND P  SANTA FE SPRI,PRD:IND:IND-GEODIS WHSE IND US,PBC-1000,1-Aug-24,
CENTRAL G AND P  SANTA FE SPRI,PRD:IND:IND-GEODIS WHSE IND US,PBC-1000,1-Sep-24,
CENTRAL G AND P  SANTA FE SPRI,PRD:IND:IND-GEODIS WHSE IND US,PBC-1000,1-Oct-24,
CENTRAL G AND P  SANTA FE SPRI,PRD:IND:IND-GEODIS WHSE IND US,PBC-1000,1-Nov-24,12
CENTRAL G AND P  SANTA FE SPRI,PRD:IND:IND-GEODIS WHSE IND US,PBC-1000,1-Dec-24,
CENTRAL G AND P  SANTA FE SPRI,PRD:IND:IND-GEODIS WHSE IND US,PBC-1000,1-Jan-25,
CENTRAL G AND P  SANTA FE SPRI,PRD:IND:IND-GEODIS WHSE IND US,PBC-1000,1-Feb-25,
CENTRAL G AND P  SANTA FE SPRI,PRD:IND:IND-GEODIS WHSE IND US,PBC-1000,1-Mar-25,
CENTRAL G AND P  SANTA FE SPRI,PRD:IND:IND-GEODIS WHSE IND US,PBC-1000,1-Apr-25,
CENTRAL G AND P  SANTA FE SPRI,PRD:IND:IND-GEODIS WHSE IND US,PBC-1000,1-May-25,
CENTRAL G AND P  SANTA FE SPRI,PRD:IND:IND-GEODIS WHSE IND US,PBC-1000,1-Jun-25,
CENTRAL G AND P  SANTA FE SPRI,PRD:IND:IND-GEODIS WHSE IND US,PBC-1000,1-Jul-25,
CENTRAL G AND P  SANTA FE SPRI,PRD:IND:IND-GEODIS WHSE IND US,PBC-1000,1-Aug-25,
CENTRAL G AND P  SANTA FE SPRI,PRD:IND:IND-GEODIS WHSE IND US,PBC-1000,1-Sep-25,
CENTRAL G AND P  SANTA FE SPRI,PRD:IND:IND-GEODIS WHSE IND US,PBC-1000,1-Oct-25,
CENTRAL G AND P  SANTA FE SPRI,PRD:IND:IND-GEODIS WHSE IND US,PBC-1000,1-Nov-25,
CENTRAL G AND P  SANTA FE SPRI,PRD:IND:IND-GEODIS WHSE IND US,PBC-1000,1-Dec-25,
CENTRAL G AND P  SANTA FE SPRI,PRD:IND:IND-GEODIS WHSE IND US,PBC-1000,1-Jan-26,
CENTRAL G AND P  SANTA FE SPRI,PRD:IND:IND-GEODIS WHSE IND US,PBC-1000,1-Feb-26,6
CENTRAL G AND P  SANTA FE SPRI,PRD:IND:IND-GEODIS WHSE IND US,PBC-1000,1-Mar-26,
CENTRAL G AND P  SANTA FE SPRI,PRD:IND:IND-GEODIS WHSE IND US,PBC-1000,1-Apr-26,
CENTRAL G AND P DALLAS,PRD:IND:IND-GEODIS WHSE IND US,PAC00-14231,1-May-23,
CENTRAL G AND P DALLAS,PRD:IND:IND-GEODIS WHSE IND US,PAC00-14231,1-Jun-23,
CENTRAL G AND P DALLAS,PRD:IND:IND-GEODIS WHSE IND US,PAC00-14231,1-Jul-23,
CENTRAL G AND P DALLAS,PRD:IND:IND-GEODIS WHSE IND US,PAC00-14231,1-Aug-23,
CENTRAL G AND P DALLAS,PRD:IND:IND-GEODIS WHSE IND US,PAC00-14231,1-Sep-23,
CENTRAL G AND P DALLAS,PRD:IND:IND-GEODIS WHSE IND US,PAC00-14231,1-Oct-23,24
CENTRAL G AND P DALLAS,PRD:IND:IND-GEODIS WHSE IND US,PAC00-14231,1-Nov-23,30
CENTRAL G AND P DALLAS,PRD:IND:IND-GEODIS WHSE IND US,PAC00-14231,1-Dec-23,
CENTRAL G AND P DALLAS,PRD:IND:IND-GEODIS WHSE IND US,PAC00-14231,1-Jan-24,
CENTRAL G AND P DALLAS,PRD:IND:IND-GEODIS WHSE IND US,PAC00-14231,1-Feb-24,
CENTRAL G AND P DALLAS,PRD:IND:IND-GEODIS WHSE IND US,PAC00-14231,1-Mar-24,
CENTRAL G AND P DALLAS,PRD:IND:IND-GEODIS WHSE IND US,PAC00-14231,1-Apr-24,20
CENTRAL G AND P DALLAS,PRD:IND:IND-GEODIS WHSE IND US,PAC00-14231,1-May-24,
CENTRAL G AND P DALLAS,PRD:IND:IND-GEODIS WHSE IND US,PAC00-14231,1-Jun-24,
CENTRAL G AND P DALLAS,PRD:IND:IND-GEODIS WHSE IND US,PAC00-14231,1-Jul-24,
CENTRAL G AND P DALLAS,PRD:IND:IND-GEODIS WHSE IND US,PAC00-14231,1-Aug-24,
CENTRAL G AND P DALLAS,PRD:IND:IND-GEODIS WHSE IND US,PAC00-14231,1-Sep-24,6
CENTRAL G AND P DALLAS,PRD:IND:IND-GEODIS WHSE IND US,PAC00-14231,1-Oct-24,
CENTRAL G AND P DALLAS,PRD:IND:IND-GEODIS WHSE IND US,PAC00-14231,1-Nov-24,20
CENTRAL G AND P DALLAS,PRD:IND:IND-GEODIS WHSE IND US,PAC00-14231,1-Dec-24,
CENTRAL G AND P DALLAS,PRD:IND:IND-GEODIS WHSE IND US,PAC00-14231,1-Jan-25,
CENTRAL G AND P DALLAS,PRD:IND:IND-GEODIS WHSE IND US,PAC00-14231,1-Feb-25,
CENTRAL G AND P DALLAS,PRD:IND:IND-GEODIS WHSE IND US,PAC00-14231,1-Mar-25,25
CENTRAL G AND P DALLAS,PRD:IND:IND-GEODIS WHSE IND US,PAC00-14231,1-Apr-25,10
CENTRAL G AND P DALLAS,PRD:IND:IND-GEODIS WHSE IND US,PAC00-14231,1-May-25,
CENTRAL G AND P DALLAS,PRD:IND:IND-GEODIS WHSE IND US,PAC00-14231,1-Jun-25,15
CENTRAL G AND P DALLAS,PRD:IND:IND-GEODIS WHSE IND US,PAC00-14231,1-Jul-25,
CENTRAL G AND P DALLAS,PRD:IND:IND-GEODIS WHSE IND US,PAC00-14231,1-Aug-25,
CENTRAL G AND P DALLAS,PRD:IND:IND-GEODIS WHSE IND US,PAC00-14231,1-Sep-25,
CENTRAL G AND P DALLAS,PRD:IND:IND-GEODIS WHSE IND US,PAC00-14231,1-Oct-25,
CENTRAL G AND P DALLAS,PRD:IND:IND-GEODIS WHSE IND US,PAC00-14231,1-Nov-25,15
CENTRAL G AND P DALLAS,PRD:IND:IND-GEODIS WHSE IND US,PAC00-14231,1-Dec-25,
CENTRAL G AND P DALLAS,PRD:IND:IND-GEODIS WHSE IND US,PAC00-14231,1-Jan-26,
CENTRAL G AND P DALLAS,PRD:IND:IND-GEODIS WHSE IND US,PAC00-14231,1-Feb-26,6
CENTRAL G AND P DALLAS,PRD:IND:IND-GEODIS WHSE IND US,PAC00-14231,1-Mar-26,20
CENTRAL G AND P DALLAS,PRD:IND:IND-GEODIS WHSE IND US,PAC00-14231,1-Apr-26,
CENTRAL G AND P DALLAS,PRD:IND:IND-GEODIS WHSE IND US,PBC-1000,1-May-23,6
CENTRAL G AND P DALLAS,PRD:IND:IND-GEODIS WHSE IND US,PBC-1000,1-Jun-23,
CENTRAL G AND P DALLAS,PRD:IND:IND-GEODIS WHSE IND US,PBC-1000,1-Jul-23,
CENTRAL G AND P DALLAS,PRD:IND:IND-GEODIS WHSE IND US,PBC-1000,1-Aug-23,
CENTRAL G AND P DALLAS,PRD:IND:IND-GEODIS WHSE IND US,PBC-1000,1-Sep-23,
CENTRAL G AND P DALLAS,PRD:IND:IND-GEODIS WHSE IND US,PBC-1000,1-Oct-23,6
CENTRAL G AND P DALLAS,PRD:IND:IND-GEODIS WHSE IND US,PBC-1000,1-Nov-23,
CENTRAL G AND P DALLAS,PRD:IND:IND-GEODIS WHSE IND US,PBC-1000,1-Dec-23,12
CENTRAL G AND P DALLAS,PRD:IND:IND-GEODIS WHSE IND US,PBC-1000,1-Jan-24,
CENTRAL G AND P DALLAS,PRD:IND:IND-GEODIS WHSE IND US,PBC-1000,1-Feb-24,
CENTRAL G AND P DALLAS,PRD:IND:IND-GEODIS WHSE IND US,PBC-1000,1-Mar-24,
CENTRAL G AND P DALLAS,PRD:IND:IND-GEODIS WHSE IND US,PBC-1000,1-Apr-24,
CENTRAL G AND P DALLAS,PRD:IND:IND-GEODIS WHSE IND US,PBC-1000,1-May-24,12
CENTRAL G AND P DALLAS,PRD:IND:IND-GEODIS WHSE IND US,PBC-1000,1-Jun-24,
CENTRAL G AND P DALLAS,PRD:IND:IND-GEODIS WHSE IND US,PBC-1000,1-Jul-24,
CENTRAL G AND P DALLAS,PRD:IND:IND-GEODIS WHSE IND US,PBC-1000,1-Aug-24,
CENTRAL G AND P DALLAS,PRD:IND:IND-GEODIS WHSE IND US,PBC-1000,1-Sep-24,18
CENTRAL G AND P DALLAS,PRD:IND:IND-GEODIS WHSE IND US,PBC-1000,1-Oct-24,
CENTRAL G AND P DALLAS,PRD:IND:IND-GEODIS WHSE IND US,PBC-1000,1-Nov-24,
CENTRAL G AND P DALLAS,PRD:IND:IND-GEODIS WHSE IND US,PBC-1000,1-Dec-24,
CENTRAL G AND P DALLAS,PRD:IND:IND-GEODIS WHSE IND US,PBC-1000,1-Jan-25,
CENTRAL G AND P DALLAS,PRD:IND:IND-GEODIS WHSE IND US,PBC-1000,1-Feb-25,
CENTRAL G AND P DALLAS,PRD:IND:IND-GEODIS WHSE IND US,PBC-1000,1-Mar-25,
CENTRAL G AND P DALLAS,PRD:IND:IND-GEODIS WHSE IND US,PBC-1000,1-Apr-25,6
CENTRAL G AND P DALLAS,PRD:IND:IND-GEODIS WHSE IND US,PBC-1000,1-May-25,
CENTRAL G AND P DALLAS,PRD:IND:IND-GEODIS WHSE IND US,PBC-1000,1-Jun-25,
CENTRAL G AND P DALLAS,PRD:IND:IND-GEODIS WHSE IND US,PBC-1000,1-Jul-25,
CENTRAL G AND P DALLAS,PRD:IND:IND-GEODIS WHSE IND US,PBC-1000,1-Aug-25,12
CENTRAL G AND P DALLAS,PRD:IND:IND-GEODIS WHSE IND US,PBC-1000,1-Sep-25,
CENTRAL G AND P DALLAS,PRD:IND:IND-GEODIS WHSE IND US,PBC-1000,1-Oct-25,
CENTRAL G AND P DALLAS,PRD:IND:IND-GEODIS WHSE IND US,PBC-1000,1-Nov-25,
CENTRAL G AND P DALLAS,PRD:IND:IND-GEODIS WHSE IND US,PBC-1000,1-Dec-25,
CENTRAL G AND P DALLAS,PRD:IND:IND-GEODIS WHSE IND US,PBC-1000,1-Jan-26,
CENTRAL G AND P DALLAS,PRD:IND:IND-GEODIS WHSE IND US,PBC-1000,1-Feb-26,6
CENTRAL G AND P DALLAS,PRD:IND:IND-GEODIS WHSE IND US,PBC-1000,1-Mar-26,
CENTRAL G AND P DALLAS,PRD:IND:IND-GEODIS WHSE IND US,PBC-1000,1-Apr-26,
CENTRAL G AND P HAMILTON,PRD:IND:IND-GEODIS WHSE IND US,PAC00-14231,1-May-23,70
CENTRAL G AND P HAMILTON,PRD:IND:IND-GEODIS WHSE IND US,PAC00-14231,1-Jun-23,
CENTRAL G AND P HAMILTON,PRD:IND:IND-GEODIS WHSE IND US,PAC00-14231,1-Jul-23,
CENTRAL G AND P HAMILTON,PRD:IND:IND-GEODIS WHSE IND US,PAC00-14231,1-Aug-23,
CENTRAL G AND P HAMILTON,PRD:IND:IND-GEODIS WHSE IND US,PAC00-14231,1-Sep-23,
CENTRAL G AND P HAMILTON,PRD:IND:IND-GEODIS WHSE IND US,PAC00-14231,1-Oct-23,
CENTRAL G AND P HAMILTON,PRD:IND:IND-GEODIS WHSE IND US,PAC00-14231,1-Nov-23,
CENTRAL G AND P HAMILTON,PRD:IND:IND-GEODIS WHSE IND US,PAC00-14231,1-Dec-23,
CENTRAL G AND P HAMILTON,PRD:IND:IND-GEODIS WHSE IND US,PAC00-14231,1-Jan-24,
CENTRAL G AND P HAMILTON,PRD:IND:IND-GEODIS WHSE IND US,PAC00-14231,1-Feb-24,
CENTRAL G AND P HAMILTON,PRD:IND:IND-GEODIS WHSE IND US,PAC00-14231,1-Mar-24,
CENTRAL G AND P HAMILTON,PRD:IND:IND-GEODIS WHSE IND US,PAC00-14231,1-Apr-24,
CENTRAL G AND P HAMILTON,PRD:IND:IND-GEODIS WHSE IND US,PAC00-14231,1-May-24,
CENTRAL G AND P HAMILTON,PRD:IND:IND-GEODIS WHSE IND US,PAC00-14231,1-Jun-24,
CENTRAL G AND P HAMILTON,PRD:IND:IND-GEODIS WHSE IND US,PAC00-14231,1-Jul-24,
CENTRAL G AND P HAMILTON,PRD:IND:IND-GEODIS WHSE IND US,PAC00-14231,1-Aug-24,
CENTRAL G AND P HAMILTON,PRD:IND:IND-GEODIS WHSE IND US,PAC00-14231,1-Sep-24,
CENTRAL G AND P HAMILTON,PRD:IND:IND-GEODIS WHSE IND US,PAC00-14231,1-Oct-24,
CENTRAL G AND P HAMILTON,PRD:IND:IND-GEODIS WHSE IND US,PAC00-14231,1-Nov-24,
CENTRAL G AND P HAMILTON,PRD:IND:IND-GEODIS WHSE IND US,PAC00-14231,1-Dec-24,
CENTRAL G AND P HAMILTON,PRD:IND:IND-GEODIS WHSE IND US,PAC00-14231,1-Jan-25,
CENTRAL G AND P HAMILTON,PRD:IND:IND-GEODIS WHSE IND US,PAC00-14231,1-Feb-25,
CENTRAL G AND P HAMILTON,PRD:IND:IND-GEODIS WHSE IND US,PAC00-14231,1-Mar-25,
CENTRAL G AND P HAMILTON,PRD:IND:IND-GEODIS WHSE IND US,PAC00-14231,1-Apr-25,
CENTRAL G AND P HAMILTON,PRD:IND:IND-GEODIS WHSE IND US,PAC00-14231,1-May-25,10
CENTRAL G AND P HAMILTON,PRD:IND:IND-GEODIS WHSE IND US,PAC00-14231,1-Jun-25,
CENTRAL G AND P HAMILTON,PRD:IND:IND-GEODIS WHSE IND US,PAC00-14231,1-Jul-25,
CENTRAL G AND P HAMILTON,PRD:IND:IND-GEODIS WHSE IND US,PAC00-14231,1-Aug-25,
CENTRAL G AND P HAMILTON,PRD:IND:IND-GEODIS WHSE IND US,PAC00-14231,1-Sep-25,
CENTRAL G AND P HAMILTON,PRD:IND:IND-GEODIS WHSE IND US,PAC00-14231,1-Oct-25,
CENTRAL G AND P HAMILTON,PRD:IND:IND-GEODIS WHSE IND US,PAC00-14231,1-Nov-25,
CENTRAL G AND P HAMILTON,PRD:IND:IND-GEODIS WHSE IND US,PAC00-14231,1-Dec-25,
CENTRAL G AND P HAMILTON,PRD:IND:IND-GEODIS WHSE IND US,PAC00-14231,1-Jan-26,
CENTRAL G AND P HAMILTON,PRD:IND:IND-GEODIS WHSE IND US,PAC00-14231,1-Feb-26,
CENTRAL G AND P HAMILTON,PRD:IND:IND-GEODIS WHSE IND US,PAC00-14231,1-Mar-26,
CENTRAL G AND P HAMILTON,PRD:IND:IND-GEODIS WHSE IND US,PAC00-14231,1-Apr-26,
CENTRAL G AND P HAMILTON,PRD:IND:IND-GEODIS WHSE IND US,PBC-1000,1-May-23,
CENTRAL G AND P HAMILTON,PRD:IND:IND-GEODIS WHSE IND US,PBC-1000,1-Jun-23,
CENTRAL G AND P HAMILTON,PRD:IND:IND-GEODIS WHSE IND US,PBC-1000,1-Jul-23,
CENTRAL G AND P HAMILTON,PRD:IND:IND-GEODIS WHSE IND US,PBC-1000,1-Aug-23,
CENTRAL G AND P HAMILTON,PRD:IND:IND-GEODIS WHSE IND US,PBC-1000,1-Sep-23,
CENTRAL G AND P HAMILTON,PRD:IND:IND-GEODIS WHSE IND US,PBC-1000,1-Oct-23,
CENTRAL G AND P HAMILTON,PRD:IND:IND-GEODIS WHSE IND US,PBC-1000,1-Nov-23,
CENTRAL G AND P HAMILTON,PRD:IND:IND-GEODIS WHSE IND US,PBC-1000,1-Dec-23,6
CENTRAL G AND P HAMILTON,PRD:IND:IND-GEODIS WHSE IND US,PBC-1000,1-Jan-24,
CENTRAL G AND P HAMILTON,PRD:IND:IND-GEODIS WHSE IND US,PBC-1000,1-Feb-24,
CENTRAL G AND P HAMILTON,PRD:IND:IND-GEODIS WHSE IND US,PBC-1000,1-Mar-24,
CENTRAL G AND P HAMILTON,PRD:IND:IND-GEODIS WHSE IND US,PBC-1000,1-Apr-24,
CENTRAL G AND P HAMILTON,PRD:IND:IND-GEODIS WHSE IND US,PBC-1000,1-May-24,6
CENTRAL G AND P HAMILTON,PRD:IND:IND-GEODIS WHSE IND US,PBC-1000,1-Jun-24,
CENTRAL G AND P HAMILTON,PRD:IND:IND-GEODIS WHSE IND US,PBC-1000,1-Jul-24,
CENTRAL G AND P HAMILTON,PRD:IND:IND-GEODIS WHSE IND US,PBC-1000,1-Aug-24,
CENTRAL G AND P HAMILTON,PRD:IND:IND-GEODIS WHSE IND US,PBC-1000,1-Sep-24,6
CENTRAL G AND P HAMILTON,PRD:IND:IND-GEODIS WHSE IND US,PBC-1000,1-Oct-24,
CENTRAL G AND P HAMILTON,PRD:IND:IND-GEODIS WHSE IND US,PBC-1000,1-Nov-24,
CENTRAL G AND P HAMILTON,PRD:IND:IND-GEODIS WHSE IND US,PBC-1000,1-Dec-24,
CENTRAL G AND P HAMILTON,PRD:IND:IND-GEODIS WHSE IND US,PBC-1000,1-Jan-25,
CENTRAL G AND P HAMILTON,PRD:IND:IND-GEODIS WHSE IND US,PBC-1000,1-Feb-25,
CENTRAL G AND P HAMILTON,PRD:IND:IND-GEODIS WHSE IND US,PBC-1000,1-Mar-25,
CENTRAL G AND P HAMILTON,PRD:IND:IND-GEODIS WHSE IND US,PBC-1000,1-Apr-25,
CENTRAL G AND P HAMILTON,PRD:IND:IND-GEODIS WHSE IND US,PBC-1000,1-May-25,6
CENTRAL G AND P HAMILTON,PRD:IND:IND-GEODIS WHSE IND US,PBC-1000,1-Jun-25,
CENTRAL G AND P HAMILTON,PRD:IND:IND-GEODIS WHSE IND US,PBC-1000,1-Jul-25,
CENTRAL G AND P HAMILTON,PRD:IND:IND-GEODIS WHSE IND US,PBC-1000,1-Aug-25,
CENTRAL G AND P HAMILTON,PRD:IND:IND-GEODIS WHSE IND US,PBC-1000,1-Sep-25,
CENTRAL G AND P HAMILTON,PRD:IND:IND-GEODIS WHSE IND US,PBC-1000,1-Oct-25,
CENTRAL G AND P HAMILTON,PRD:IND:IND-GEODIS WHSE IND US,PBC-1000,1-Nov-25,
CENTRAL G AND P HAMILTON,PRD:IND:IND-GEODIS WHSE IND US,PBC-1000,1-Dec-25,
CENTRAL G AND P HAMILTON,PRD:IND:IND-GEODIS WHSE IND US,PBC-1000,1-Jan-26,
CENTRAL G AND P HAMILTON,PRD:IND:IND-GEODIS WHSE IND US,PBC-1000,1-Feb-26,
CENTRAL G AND P HAMILTON,PRD:IND:IND-GEODIS WHSE IND US,PBC-1000,1-Mar-26,
CENTRAL G AND P HAMILTON,PRD:IND:IND-GEODIS WHSE IND US,PBC-1000,1-Apr-26,
CGX,PRD:IND:IND-GEODIS WHSE IND US,PAC00-14231,1-May-23,
CGX,PRD:IND:IND-GEODIS WHSE IND US,PAC00-14231,1-Jun-23,
CGX,PRD:IND:IND-GEODIS WHSE IND US,PAC00-14231,1-Jul-23,
CGX,PRD:IND:IND-GEODIS WHSE IND US,PAC00-14231,1-Aug-23,3
CGX,PRD:IND:IND-GEODIS WHSE IND US,PAC00-14231,1-Sep-23,
CGX,PRD:IND:IND-GEODIS WHSE IND US,PAC00-14231,1-Oct-23,
CGX,PRD:IND:IND-GEODIS WHSE IND US,PAC00-14231,1-Nov-23,
CGX,PRD:IND:IND-GEODIS WHSE IND US,PAC00-14231,1-Dec-23,
CGX,PRD:IND:IND-GEODIS WHSE IND US,PAC00-14231,1-Jan-24,1
CGX,PRD:IND:IND-GEODIS WHSE IND US,PAC00-14231,1-Feb-24,
CGX,PRD:IND:IND-GEODIS WHSE IND US,PAC00-14231,1-Mar-24,
CGX,PRD:IND:IND-GEODIS WHSE IND US,PAC00-14231,1-Apr-24,2
CGX,PRD:IND:IND-GEODIS WHSE IND US,PAC00-14231,1-May-24,1
CGX,PRD:IND:IND-GEODIS WHSE IND US,PAC00-14231,1-Jun-24,
CGX,PRD:IND:IND-GEODIS WHSE IND US,PAC00-14231,1-Jul-24,1
CGX,PRD:IND:IND-GEODIS WHSE IND US,PAC00-14231,1-Aug-24,
CGX,PRD:IND:IND-GEODIS WHSE IND US,PAC00-14231,1-Sep-24,
CGX,PRD:IND:IND-GEODIS WHSE IND US,PAC00-14231,1-Oct-24,
CGX,PRD:IND:IND-GEODIS WHSE IND US,PAC00-14231,1-Nov-24,
CGX,PRD:IND:IND-GEODIS WHSE IND US,PAC00-14231,1-Dec-24,
CGX,PRD:IND:IND-GEODIS WHSE IND US,PAC00-14231,1-Jan-25,
CGX,PRD:IND:IND-GEODIS WHSE IND US,PAC00-14231,1-Feb-25,
CGX,PRD:IND:IND-GEODIS WHSE IND US,PAC00-14231,1-Mar-25,1
CGX,PRD:IND:IND-GEODIS WHSE IND US,PAC00-14231,1-Apr-25,1
CGX,PRD:IND:IND-GEODIS WHSE IND US,PAC00-14231,1-May-25,
CGX,PRD:IND:IND-GEODIS WHSE IND US,PAC00-14231,1-Jun-25,
CGX,PRD:IND:IND-GEODIS WHSE IND US,PAC00-14231,1-Jul-25,
CGX,PRD:IND:IND-GEODIS WHSE IND US,PAC00-14231,1-Aug-25,
CGX,PRD:IND:IND-GEODIS WHSE IND US,PAC00-14231,1-Sep-25,
CGX,PRD:IND:IND-GEODIS WHSE IND US,PAC00-14231,1-Oct-25,
CGX,PRD:IND:IND-GEODIS WHSE IND US,PAC00-14231,1-Nov-25,
CGX,PRD:IND:IND-GEODIS WHSE IND US,PAC00-14231,1-Dec-25,
CGX,PRD:IND:IND-GEODIS WHSE IND US,PAC00-14231,1-Jan-26,
CGX,PRD:IND:IND-GEODIS WHSE IND US,PAC00-14231,1-Feb-26,
CGX,PRD:IND:IND-GEODIS WHSE IND US,PAC00-14231,1-Mar-26,
CGX,PRD:IND:IND-GEODIS WHSE IND US,PAC00-14231,1-Apr-26,
CHEWY EAST,PRD:IND:IND-GEODIS WHSE IND US,PAC00-14231,1-May-23,8993
CHEWY EAST,PRD:IND:IND-GEODIS WHSE IND US,PAC00-14231,1-Jun-23,15670
CHEWY EAST,PRD:IND:IND-GEODIS WHSE IND US,PAC00-14231,1-Jul-23,14820
CHEWY EAST,PRD:IND:IND-GEODIS WHSE IND US,PAC00-14231,1-Aug-23,13808
CHEWY EAST,PRD:IND:IND-GEODIS WHSE IND US,PAC00-14231,1-Sep-23,11970
CHEWY EAST,PRD:IND:IND-GEODIS WHSE IND US,PAC00-14231,1-Oct-23,7050
CHEWY EAST,PRD:IND:IND-GEODIS WHSE IND US,PAC00-14231,1-Nov-23,15510
CHEWY EAST,PRD:IND:IND-GEODIS WHSE IND US,PAC00-14231,1-Dec-23,23580
CHEWY EAST,PRD:IND:IND-GEODIS WHSE IND US,PAC00-14231,1-Jan-24,4530
CHEWY EAST,PRD:IND:IND-GEODIS WHSE IND US,PAC00-14231,1-Feb-24,7350
CHEWY EAST,PRD:IND:IND-GEODIS WHSE IND US,PAC00-14231,1-Mar-24,8130
CHEWY EAST,PRD:IND:IND-GEODIS WHSE IND US,PAC00-14231,1-Apr-24,8430
CHEWY EAST,PRD:IND:IND-GEODIS WHSE IND US,PAC00-14231,1-May-24,10110
CHEWY EAST,PRD:IND:IND-GEODIS WHSE IND US,PAC00-14231,1-Jun-24,10800
CHEWY EAST,PRD:IND:IND-GEODIS WHSE IND US,PAC00-14231,1-Jul-24,12090
CHEWY EAST,PRD:IND:IND-GEODIS WHSE IND US,PAC00-14231,1-Aug-24,10110
CHEWY EAST,PRD:IND:IND-GEODIS WHSE IND US,PAC00-14231,1-Sep-24,9120
CHEWY EAST,PRD:IND:IND-GEODIS WHSE IND US,PAC00-14231,1-Oct-24,10950
CHEWY EAST,PRD:IND:IND-GEODIS WHSE IND US,PAC00-14231,1-Nov-24,11760
CHEWY EAST,PRD:IND:IND-GEODIS WHSE IND US,PAC00-14231,1-Dec-24,11640
CHEWY EAST,PRD:IND:IND-GEODIS WHSE IND US,PAC00-14231,1-Jan-25,7290
CHEWY EAST,PRD:IND:IND-GEODIS WHSE IND US,PAC00-14231,1-Feb-25,10920
CHEWY EAST,PRD:IND:IND-GEODIS WHSE IND US,PAC00-14231,1-Mar-25,7950
CHEWY EAST,PRD:IND:IND-GEODIS WHSE IND US,PAC00-14231,1-Apr-25,12150
CHEWY EAST,PRD:IND:IND-GEODIS WHSE IND US,PAC00-14231,1-May-25,10320
CHEWY EAST,PRD:IND:IND-GEODIS WHSE IND US,PAC00-14231,1-Jun-25,9540
CHEWY EAST,PRD:IND:IND-GEODIS WHSE IND US,PAC00-14231,1-Jul-25,11190
CHEWY EAST,PRD:IND:IND-GEODIS WHSE IND US,PAC00-14231,1-Aug-25,9660
CHEWY EAST,PRD:IND:IND-GEODIS WHSE IND US,PAC00-14231,1-Sep-25,9360
CHEWY EAST,PRD:IND:IND-GEODIS WHSE IND US,PAC00-14231,1-Oct-25,9900
CHEWY EAST,PRD:IND:IND-GEODIS WHSE IND US,PAC00-14231,1-Nov-25,8640
CHEWY EAST,PRD:IND:IND-GEODIS WHSE IND US,PAC00-14231,1-Dec-25,12390
CHEWY EAST,PRD:IND:IND-GEODIS WHSE IND US,PAC00-14231,1-Jan-26,5640
CHEWY EAST,PRD:IND:IND-GEODIS WHSE IND US,PAC00-14231,1-Feb-26,10200
CHEWY EAST,PRD:IND:IND-GEODIS WHSE IND US,PAC00-14231,1-Mar-26,10290
CHEWY EAST,PRD:IND:IND-GEODIS WHSE IND US,PAC00-14231,1-Apr-26,8490
CHEWY EAST,PRD:IND:IND-GEODIS WHSE IND US,PBC-1000,1-May-23,24
CHEWY EAST,PRD:IND:IND-GEODIS WHSE IND US,PBC-1000,1-Jun-23,60
CHEWY EAST,PRD:IND:IND-GEODIS WHSE IND US,PBC-1000,1-Jul-23,30
CHEWY EAST,PRD:IND:IND-GEODIS WHSE IND US,PBC-1000,1-Aug-23,18
CHEWY EAST,PRD:IND:IND-GEODIS WHSE IND US,PBC-1000,1-Sep-23,60
CHEWY EAST,PRD:IND:IND-GEODIS WHSE IND US,PBC-1000,1-Oct-23,72
CHEWY EAST,PRD:IND:IND-GEODIS WHSE IND US,PBC-1000,1-Nov-23,60
CHEWY EAST,PRD:IND:IND-GEODIS WHSE IND US,PBC-1000,1-Dec-23,264
CHEWY EAST,PRD:IND:IND-GEODIS WHSE IND US,PBC-1000,1-Jan-24,42
CHEWY EAST,PRD:IND:IND-GEODIS WHSE IND US,PBC-1000,1-Feb-24,24
CHEWY EAST,PRD:IND:IND-GEODIS WHSE IND US,PBC-1000,1-Mar-24,12
CHEWY EAST,PRD:IND:IND-GEODIS WHSE IND US,PBC-1000,1-Apr-24,
CHEWY EAST,PRD:IND:IND-GEODIS WHSE IND US,PBC-1000,1-May-24,60
CHEWY EAST,PRD:IND:IND-GEODIS WHSE IND US,PBC-1000,1-Jun-24,18
CHEWY EAST,PRD:IND:IND-GEODIS WHSE IND US,PBC-1000,1-Jul-24,60
CHEWY EAST,PRD:IND:IND-GEODIS WHSE IND US,PBC-1000,1-Aug-24,54
CHEWY EAST,PRD:IND:IND-GEODIS WHSE IND US,PBC-1000,1-Sep-24,114
CHEWY EAST,PRD:IND:IND-GEODIS WHSE IND US,PBC-1000,1-Oct-24,18
CHEWY EAST,PRD:IND:IND-GEODIS WHSE IND US,PBC-1000,1-Nov-24,18
CHEWY EAST,PRD:IND:IND-GEODIS WHSE IND US,PBC-1000,1-Dec-24,6
CHEWY EAST,PRD:IND:IND-GEODIS WHSE IND US,PBC-1000,1-Jan-25,42
CHEWY EAST,PRD:IND:IND-GEODIS WHSE IND US,PBC-1000,1-Feb-25,72
CHEWY EAST,PRD:IND:IND-GEODIS WHSE IND US,PBC-1000,1-Mar-25,42
CHEWY EAST,PRD:IND:IND-GEODIS WHSE IND US,PBC-1000,1-Apr-25,60
CHEWY EAST,PRD:IND:IND-GEODIS WHSE IND US,PBC-1000,1-May-25,36
CHEWY EAST,PRD:IND:IND-GEODIS WHSE IND US,PBC-1000,1-Jun-25,36
CHEWY EAST,PRD:IND:IND-GEODIS WHSE IND US,PBC-1000,1-Jul-25,30
CHEWY EAST,PRD:IND:IND-GEODIS WHSE IND US,PBC-1000,1-Aug-25,30
CHEWY EAST,PRD:IND:IND-GEODIS WHSE IND US,PBC-1000,1-Sep-25,30
CHEWY EAST,PRD:IND:IND-GEODIS WHSE IND US,PBC-1000,1-Oct-25,12
CHEWY EAST,PRD:IND:IND-GEODIS WHSE IND US,PBC-1000,1-Nov-25,30
CHEWY EAST,PRD:IND:IND-GEODIS WHSE IND US,PBC-1000,1-Dec-25,48
CHEWY EAST,PRD:IND:IND-GEODIS WHSE IND US,PBC-1000,1-Jan-26,6
CHEWY EAST,PRD:IND:IND-GEODIS WHSE IND US,PBC-1000,1-Feb-26,42
CHEWY EAST,PRD:IND:IND-GEODIS WHSE IND US,PBC-1000,1-Mar-26,102
CHEWY EAST,PRD:IND:IND-GEODIS WHSE IND US,PBC-1000,1-Apr-26,36
CHEWY WEST,PRD:WCB:WCB-WEST COAST B2B INV ORG,PAC00-14231,1-May-23,4440
CHEWY WEST,PRD:WCB:WCB-WEST COAST B2B INV ORG,PAC00-14231,1-Jun-23,1830
CHEWY WEST,PRD:WCB:WCB-WEST COAST B2B INV ORG,PAC00-14231,1-Jul-23,3300
CHEWY WEST,PRD:WCB:WCB-WEST COAST B2B INV ORG,PAC00-14231,1-Aug-23,2640
CHEWY WEST,PRD:WCB:WCB-WEST COAST B2B INV ORG,PAC00-14231,1-Sep-23,2788
CHEWY WEST,PRD:WCB:WCB-WEST COAST B2B INV ORG,PAC00-14231,1-Oct-23,2250
CHEWY WEST,PRD:WCB:WCB-WEST COAST B2B INV ORG,PAC00-14231,1-Nov-23,3900
CHEWY WEST,PRD:WCB:WCB-WEST COAST B2B INV ORG,PAC00-14231,1-Dec-23,6090
CHEWY WEST,PRD:WCB:WCB-WEST COAST B2B INV ORG,PAC00-14231,1-Jan-24,
CHEWY WEST,PRD:WCB:WCB-WEST COAST B2B INV ORG,PAC00-14231,1-Feb-24,1080
CHEWY WEST,PRD:WCB:WCB-WEST COAST B2B INV ORG,PAC00-14231,1-Mar-24,2190
CHEWY WEST,PRD:WCB:WCB-WEST COAST B2B INV ORG,PAC00-14231,1-Apr-24,2280
CHEWY WEST,PRD:WCB:WCB-WEST COAST B2B INV ORG,PAC00-14231,1-May-24,3090
CHEWY WEST,PRD:WCB:WCB-WEST COAST B2B INV ORG,PAC00-14231,1-Jun-24,1890
CHEWY WEST,PRD:WCB:WCB-WEST COAST B2B INV ORG,PAC00-14231,1-Jul-24,2850
CHEWY WEST,PRD:WCB:WCB-WEST COAST B2B INV ORG,PAC00-14231,1-Aug-24,2070
CHEWY WEST,PRD:WCB:WCB-WEST COAST B2B INV ORG,PAC00-14231,1-Sep-24,1560
CHEWY WEST,PRD:WCB:WCB-WEST COAST B2B INV ORG,PAC00-14231,1-Oct-24,3270
CHEWY WEST,PRD:WCB:WCB-WEST COAST B2B INV ORG,PAC00-14231,1-Nov-24,7530
CHEWY WEST,PRD:WCB:WCB-WEST COAST B2B INV ORG,PAC00-14231,1-Dec-24,1890
CHEWY WEST,PRD:WCB:WCB-WEST COAST B2B INV ORG,PAC00-14231,1-Jan-25,300
CHEWY WEST,PRD:WCB:WCB-WEST COAST B2B INV ORG,PAC00-14231,1-Feb-25,1800
CHEWY WEST,PRD:WCB:WCB-WEST COAST B2B INV ORG,PAC00-14231,1-Mar-25,990
CHEWY WEST,PRD:WCB:WCB-WEST COAST B2B INV ORG,PAC00-14231,1-Apr-25,1740
CHEWY WEST,PRD:WCB:WCB-WEST COAST B2B INV ORG,PAC00-14231,1-May-25,2370
CHEWY WEST,PRD:WCB:WCB-WEST COAST B2B INV ORG,PAC00-14231,1-Jun-25,2220
CHEWY WEST,PRD:WCB:WCB-WEST COAST B2B INV ORG,PAC00-14231,1-Jul-25,2460
CHEWY WEST,PRD:WCB:WCB-WEST COAST B2B INV ORG,PAC00-14231,1-Aug-25,2700
CHEWY WEST,PRD:WCB:WCB-WEST COAST B2B INV ORG,PAC00-14231,1-Sep-25,2250
CHEWY WEST,PRD:WCB:WCB-WEST COAST B2B INV ORG,PAC00-14231,1-Oct-25,1770
CHEWY WEST,PRD:WCB:WCB-WEST COAST B2B INV ORG,PAC00-14231,1-Nov-25,3090
CHEWY WEST,PRD:WCB:WCB-WEST COAST B2B INV ORG,PAC00-14231,1-Dec-25,2010
CHEWY WEST,PRD:WCB:WCB-WEST COAST B2B INV ORG,PAC00-14231,1-Jan-26,2880
CHEWY WEST,PRD:WCB:WCB-WEST COAST B2B INV ORG,PAC00-14231,1-Feb-26,1920
CHEWY WEST,PRD:WCB:WCB-WEST COAST B2B INV ORG,PAC00-14231,1-Mar-26,1710
CHEWY WEST,PRD:WCB:WCB-WEST COAST B2B INV ORG,PAC00-14231,1-Apr-26,2820
CHEWY WEST,PRD:WCB:WCB-WEST COAST B2B INV ORG,PBC-1000,1-May-23,
CHEWY WEST,PRD:WCB:WCB-WEST COAST B2B INV ORG,PBC-1000,1-Jun-23,
CHEWY WEST,PRD:WCB:WCB-WEST COAST B2B INV ORG,PBC-1000,1-Jul-23,18
CHEWY WEST,PRD:WCB:WCB-WEST COAST B2B INV ORG,PBC-1000,1-Aug-23,12
CHEWY WEST,PRD:WCB:WCB-WEST COAST B2B INV ORG,PBC-1000,1-Sep-23,12
CHEWY WEST,PRD:WCB:WCB-WEST COAST B2B INV ORG,PBC-1000,1-Oct-23,18
CHEWY WEST,PRD:WCB:WCB-WEST COAST B2B INV ORG,PBC-1000,1-Nov-23,18
CHEWY WEST,PRD:WCB:WCB-WEST COAST B2B INV ORG,PBC-1000,1-Dec-23,18
CHEWY WEST,PRD:WCB:WCB-WEST COAST B2B INV ORG,PBC-1000,1-Jan-24,30
CHEWY WEST,PRD:WCB:WCB-WEST COAST B2B INV ORG,PBC-1000,1-Feb-24,6
CHEWY WEST,PRD:WCB:WCB-WEST COAST B2B INV ORG,PBC-1000,1-Mar-24,
CHEWY WEST,PRD:WCB:WCB-WEST COAST B2B INV ORG,PBC-1000,1-Apr-24,6
CHEWY WEST,PRD:WCB:WCB-WEST COAST B2B INV ORG,PBC-1000,1-May-24,18
CHEWY WEST,PRD:WCB:WCB-WEST COAST B2B INV ORG,PBC-1000,1-Jun-24,
CHEWY WEST,PRD:WCB:WCB-WEST COAST B2B INV ORG,PBC-1000,1-Jul-24,12
CHEWY WEST,PRD:WCB:WCB-WEST COAST B2B INV ORG,PBC-1000,1-Aug-24,12
CHEWY WEST,PRD:WCB:WCB-WEST COAST B2B INV ORG,PBC-1000,1-Sep-24,24
CHEWY WEST,PRD:WCB:WCB-WEST COAST B2B INV ORG,PBC-1000,1-Oct-24,
CHEWY WEST,PRD:WCB:WCB-WEST COAST B2B INV ORG,PBC-1000,1-Nov-24,24
CHEWY WEST,PRD:WCB:WCB-WEST COAST B2B INV ORG,PBC-1000,1-Dec-24,
CHEWY WEST,PRD:WCB:WCB-WEST COAST B2B INV ORG,PBC-1000,1-Jan-25,12
CHEWY WEST,PRD:WCB:WCB-WEST COAST B2B INV ORG,PBC-1000,1-Feb-25,18
CHEWY WEST,PRD:WCB:WCB-WEST COAST B2B INV ORG,PBC-1000,1-Mar-25,6
CHEWY WEST,PRD:WCB:WCB-WEST COAST B2B INV ORG,PBC-1000,1-Apr-25,
CHEWY WEST,PRD:WCB:WCB-WEST COAST B2B INV ORG,PBC-1000,1-May-25,6
CHEWY WEST,PRD:WCB:WCB-WEST COAST B2B INV ORG,PBC-1000,1-Jun-25,12
CHEWY WEST,PRD:WCB:WCB-WEST COAST B2B INV ORG,PBC-1000,1-Jul-25,12
CHEWY WEST,PRD:WCB:WCB-WEST COAST B2B INV ORG,PBC-1000,1-Aug-25,24
CHEWY WEST,PRD:WCB:WCB-WEST COAST B2B INV ORG,PBC-1000,1-Sep-25,18
CHEWY WEST,PRD:WCB:WCB-WEST COAST B2B INV ORG,PBC-1000,1-Oct-25,
CHEWY WEST,PRD:WCB:WCB-WEST COAST B2B INV ORG,PBC-1000,1-Nov-25,12
CHEWY WEST,PRD:WCB:WCB-WEST COAST B2B INV ORG,PBC-1000,1-Dec-25,12
CHEWY WEST,PRD:WCB:WCB-WEST COAST B2B INV ORG,PBC-1000,1-Jan-26,12
CHEWY WEST,PRD:WCB:WCB-WEST COAST B2B INV ORG,PBC-1000,1-Feb-26,6
CHEWY WEST,PRD:WCB:WCB-WEST COAST B2B INV ORG,PBC-1000,1-Mar-26,24
CHEWY WEST,PRD:WCB:WCB-WEST COAST B2B INV ORG,PBC-1000,1-Apr-26,18
CHEWY.COM,PRD:IND:IND-GEODIS WHSE IND US,PBC-1000,1-May-23,
CHEWY.COM,PRD:IND:IND-GEODIS WHSE IND US,PBC-1000,1-Jun-23,
CHEWY.COM,PRD:IND:IND-GEODIS WHSE IND US,PBC-1000,1-Jul-23,18
CHEWY.COM,PRD:IND:IND-GEODIS WHSE IND US,PBC-1000,1-Aug-23,
CHEWY.COM,PRD:IND:IND-GEODIS WHSE IND US,PBC-1000,1-Sep-23,
CHEWY.COM,PRD:IND:IND-GEODIS WHSE IND US,PBC-1000,1-Oct-23,
CHEWY.COM,PRD:IND:IND-GEODIS WHSE IND US,PBC-1000,1-Nov-23,6
CHEWY.COM,PRD:IND:IND-GEODIS WHSE IND US,PBC-1000,1-Dec-23,24
CHEWY.COM,PRD:IND:IND-GEODIS WHSE IND US,PBC-1000,1-Jan-24,18
CHEWY.COM,PRD:IND:IND-GEODIS WHSE IND US,PBC-1000,1-Feb-24,
CHEWY.COM,PRD:IND:IND-GEODIS WHSE IND US,PBC-1000,1-Mar-24,
CHEWY.COM,PRD:IND:IND-GEODIS WHSE IND US,PBC-1000,1-Apr-24,36
CHEWY.COM,PRD:IND:IND-GEODIS WHSE IND US,PBC-1000,1-May-24,
CHEWY.COM,PRD:IND:IND-GEODIS WHSE IND US,PBC-1000,1-Jun-24,
CHEWY.COM,PRD:IND:IND-GEODIS WHSE IND US,PBC-1000,1-Jul-24,72
CHEWY.COM,PRD:IND:IND-GEODIS WHSE IND US,PBC-1000,1-Aug-24,
CHEWY.COM,PRD:IND:IND-GEODIS WHSE IND US,PBC-1000,1-Sep-24,
CHEWY.COM,PRD:IND:IND-GEODIS WHSE IND US,PBC-1000,1-Oct-24,
CHEWY.COM,PRD:IND:IND-GEODIS WHSE IND US,PBC-1000,1-Nov-24,
CHEWY.COM,PRD:IND:IND-GEODIS WHSE IND US,PBC-1000,1-Dec-24,
CHEWY.COM,PRD:IND:IND-GEODIS WHSE IND US,PBC-1000,1-Jan-25,
CHEWY.COM,PRD:IND:IND-GEODIS WHSE IND US,PBC-1000,1-Feb-25,
CHEWY.COM,PRD:IND:IND-GEODIS WHSE IND US,PBC-1000,1-Mar-25,
CHEWY.COM,PRD:IND:IND-GEODIS WHSE IND US,PBC-1000,1-Apr-25,
CHEWY.COM,PRD:IND:IND-GEODIS WHSE IND US,PBC-1000,1-May-25,
CHEWY.COM,PRD:IND:IND-GEODIS WHSE IND US,PBC-1000,1-Jun-25,
CHEWY.COM,PRD:IND:IND-GEODIS WHSE IND US,PBC-1000,1-Jul-25,
CHEWY.COM,PRD:IND:IND-GEODIS WHSE IND US,PBC-1000,1-Aug-25,
CHEWY.COM,PRD:IND:IND-GEODIS WHSE IND US,PBC-1000,1-Sep-25,
CHEWY.COM,PRD:IND:IND-GEODIS WHSE IND US,PBC-1000,1-Oct-25,
CHEWY.COM,PRD:IND:IND-GEODIS WHSE IND US,PBC-1000,1-Nov-25,
CHEWY.COM,PRD:IND:IND-GEODIS WHSE IND US,PBC-1000,1-Dec-25,
CHEWY.COM,PRD:IND:IND-GEODIS WHSE IND US,PBC-1000,1-Jan-26,
CHEWY.COM,PRD:IND:IND-GEODIS WHSE IND US,PBC-1000,1-Feb-26,
CHEWY.COM,PRD:IND:IND-GEODIS WHSE IND US,PBC-1000,1-Mar-26,
CHEWY.COM,PRD:IND:IND-GEODIS WHSE IND US,PBC-1000,1-Apr-26,
CHOW DOWN  MONTROSE,PRD:IND:IND-GEODIS WHSE IND US,PBC-1000,1-May-23,
CHOW DOWN  MONTROSE,PRD:IND:IND-GEODIS WHSE IND US,PBC-1000,1-Jun-23,
CHOW DOWN  MONTROSE,PRD:IND:IND-GEODIS WHSE IND US,PBC-1000,1-Jul-23,
CHOW DOWN  MONTROSE,PRD:IND:IND-GEODIS WHSE IND US,PBC-1000,1-Aug-23,
CHOW DOWN  MONTROSE,PRD:IND:IND-GEODIS WHSE IND US,PBC-1000,1-Sep-23,
CHOW DOWN  MONTROSE,PRD:IND:IND-GEODIS WHSE IND US,PBC-1000,1-Oct-23,
CHOW DOWN  MONTROSE,PRD:IND:IND-GEODIS WHSE IND US,PBC-1000,1-Nov-23,4
CHOW DOWN  MONTROSE,PRD:IND:IND-GEODIS WHSE IND US,PBC-1000,1-Dec-23,
CHOW DOWN  MONTROSE,PRD:IND:IND-GEODIS WHSE IND US,PBC-1000,1-Jan-24,
CHOW DOWN  MONTROSE,PRD:IND:IND-GEODIS WHSE IND US,PBC-1000,1-Feb-24,4
CHOW DOWN  MONTROSE,PRD:IND:IND-GEODIS WHSE IND US,PBC-1000,1-Mar-24,
CHOW DOWN  MONTROSE,PRD:IND:IND-GEODIS WHSE IND US,PBC-1000,1-Apr-24,
CHOW DOWN  MONTROSE,PRD:IND:IND-GEODIS WHSE IND US,PBC-1000,1-May-24,
CHOW DOWN  MONTROSE,PRD:IND:IND-GEODIS WHSE IND US,PBC-1000,1-Jun-24,
CHOW DOWN  MONTROSE,PRD:IND:IND-GEODIS WHSE IND US,PBC-1000,1-Jul-24,6
CHOW DOWN  MONTROSE,PRD:IND:IND-GEODIS WHSE IND US,PBC-1000,1-Aug-24,
CHOW DOWN  MONTROSE,PRD:IND:IND-GEODIS WHSE IND US,PBC-1000,1-Sep-24,
CHOW DOWN  MONTROSE,PRD:IND:IND-GEODIS WHSE IND US,PBC-1000,1-Oct-24,
CHOW DOWN  MONTROSE,PRD:IND:IND-GEODIS WHSE IND US,PBC-1000,1-Nov-24,
CHOW DOWN  MONTROSE,PRD:IND:IND-GEODIS WHSE IND US,PBC-1000,1-Dec-24,
CHOW DOWN  MONTROSE,PRD:IND:IND-GEODIS WHSE IND US,PBC-1000,1-Jan-25,
CHOW DOWN  MONTROSE,PRD:IND:IND-GEODIS WHSE IND US,PBC-1000,1-Feb-25,
CHOW DOWN  MONTROSE,PRD:IND:IND-GEODIS WHSE IND US,PBC-1000,1-Mar-25,
CHOW DOWN  MONTROSE,PRD:IND:IND-GEODIS WHSE IND US,PBC-1000,1-Apr-25,
CHOW DOWN  MONTROSE,PRD:IND:IND-GEODIS WHSE IND US,PBC-1000,1-May-25,
CHOW DOWN  MONTROSE,PRD:IND:IND-GEODIS WHSE IND US,PBC-1000,1-Jun-25,
CHOW DOWN  MONTROSE,PRD:IND:IND-GEODIS WHSE IND US,PBC-1000,1-Jul-25,2
CHOW DOWN  MONTROSE,PRD:IND:IND-GEODIS WHSE IND US,PBC-1000,1-Aug-25,
CHOW DOWN  MONTROSE,PRD:IND:IND-GEODIS WHSE IND US,PBC-1000,1-Sep-25,
CHOW DOWN  MONTROSE,PRD:IND:IND-GEODIS WHSE IND US,PBC-1000,1-Oct-25,
CHOW DOWN  MONTROSE,PRD:IND:IND-GEODIS WHSE IND US,PBC-1000,1-Nov-25,
CHOW DOWN  MONTROSE,PRD:IND:IND-GEODIS WHSE IND US,PBC-1000,1-Dec-25,
CHOW DOWN  MONTROSE,PRD:IND:IND-GEODIS WHSE IND US,PBC-1000,1-Jan-26,
CHOW DOWN  MONTROSE,PRD:IND:IND-GEODIS WHSE IND US,PBC-1000,1-Feb-26,
CHOW DOWN  MONTROSE,PRD:IND:IND-GEODIS WHSE IND US,PBC-1000,1-Mar-26,
CHOW DOWN  MONTROSE,PRD:IND:IND-GEODIS WHSE IND US,PBC-1000,1-Apr-26,
CHOW DOWN PAGOSA SPRINGS,PRD:IND:IND-GEODIS WHSE IND US,PBC-1000,1-May-23,
CHOW DOWN PAGOSA SPRINGS,PRD:IND:IND-GEODIS WHSE IND US,PBC-1000,1-Jun-23,
CHOW DOWN PAGOSA SPRINGS,PRD:IND:IND-GEODIS WHSE IND US,PBC-1000,1-Jul-23,
CHOW DOWN PAGOSA SPRINGS,PRD:IND:IND-GEODIS WHSE IND US,PBC-1000,1-Aug-23,
CHOW DOWN PAGOSA SPRINGS,PRD:IND:IND-GEODIS WHSE IND US,PBC-1000,1-Sep-23,
CHOW DOWN PAGOSA SPRINGS,PRD:IND:IND-GEODIS WHSE IND US,PBC-1000,1-Oct-23,
CHOW DOWN PAGOSA SPRINGS,PRD:IND:IND-GEODIS WHSE IND US,PBC-1000,1-Nov-23,
CHOW DOWN PAGOSA SPRINGS,PRD:IND:IND-GEODIS WHSE IND US,PBC-1000,1-Dec-23,
CHOW DOWN PAGOSA SPRINGS,PRD:IND:IND-GEODIS WHSE IND US,PBC-1000,1-Jan-24,
CHOW DOWN PAGOSA SPRINGS,PRD:IND:IND-GEODIS WHSE IND US,PBC-1000,1-Feb-24,
CHOW DOWN PAGOSA SPRINGS,PRD:IND:IND-GEODIS WHSE IND US,PBC-1000,1-Mar-24,
CHOW DOWN PAGOSA SPRINGS,PRD:IND:IND-GEODIS WHSE IND US,PBC-1000,1-Apr-24,
CHOW DOWN PAGOSA SPRINGS,PRD:IND:IND-GEODIS WHSE IND US,PBC-1000,1-May-24,
CHOW DOWN PAGOSA SPRINGS,PRD:IND:IND-GEODIS WHSE IND US,PBC-1000,1-Jun-24,
CHOW DOWN PAGOSA SPRINGS,PRD:IND:IND-GEODIS WHSE IND US,PBC-1000,1-Jul-24,
CHOW DOWN PAGOSA SPRINGS,PRD:IND:IND-GEODIS WHSE IND US,PBC-1000,1-Aug-24,
CHOW DOWN PAGOSA SPRINGS,PRD:IND:IND-GEODIS WHSE IND US,PBC-1000,1-Sep-24,
CHOW DOWN PAGOSA SPRINGS,PRD:IND:IND-GEODIS WHSE IND US,PBC-1000,1-Oct-24,
CHOW DOWN PAGOSA SPRINGS,PRD:IND:IND-GEODIS WHSE IND US,PBC-1000,1-Nov-24,
CHOW DOWN PAGOSA SPRINGS,PRD:IND:IND-GEODIS WHSE IND US,PBC-1000,1-Dec-24,
CHOW DOWN PAGOSA SPRINGS,PRD:IND:IND-GEODIS WHSE IND US,PBC-1000,1-Jan-25,
CHOW DOWN PAGOSA SPRINGS,PRD:IND:IND-GEODIS WHSE IND US,PBC-1000,1-Feb-25,
CHOW DOWN PAGOSA SPRINGS,PRD:IND:IND-GEODIS WHSE IND US,PBC-1000,1-Mar-25,
CHOW DOWN PAGOSA SPRINGS,PRD:IND:IND-GEODIS WHSE IND US,PBC-1000,1-Apr-25,
CHOW DOWN PAGOSA SPRINGS,PRD:IND:IND-GEODIS WHSE IND US,PBC-1000,1-May-25,
CHOW DOWN PAGOSA SPRINGS,PRD:IND:IND-GEODIS WHSE IND US,PBC-1000,1-Jun-25,
CHOW DOWN PAGOSA SPRINGS,PRD:IND:IND-GEODIS WHSE IND US,PBC-1000,1-Jul-25,
CHOW DOWN PAGOSA SPRINGS,PRD:IND:IND-GEODIS WHSE IND US,PBC-1000,1-Aug-25,
CHOW DOWN PAGOSA SPRINGS,PRD:IND:IND-GEODIS WHSE IND US,PBC-1000,1-Sep-25,
CHOW DOWN PAGOSA SPRINGS,PRD:IND:IND-GEODIS WHSE IND US,PBC-1000,1-Oct-25,
CHOW DOWN PAGOSA SPRINGS,PRD:IND:IND-GEODIS WHSE IND US,PBC-1000,1-Nov-25,
CHOW DOWN PAGOSA SPRINGS,PRD:IND:IND-GEODIS WHSE IND US,PBC-1000,1-Dec-25,
CHOW DOWN PAGOSA SPRINGS,PRD:IND:IND-GEODIS WHSE IND US,PBC-1000,1-Jan-26,
CHOW DOWN PAGOSA SPRINGS,PRD:IND:IND-GEODIS WHSE IND US,PBC-1000,1-Feb-26,1
CHOW DOWN PAGOSA SPRINGS,PRD:IND:IND-GEODIS WHSE IND US,PBC-1000,1-Mar-26,
CHOW DOWN PAGOSA SPRINGS,PRD:IND:IND-GEODIS WHSE IND US,PBC-1000,1-Apr-26,
CHOW HOUND PET SUPPLIES,PRD:IND:IND-GEODIS WHSE IND US,PAC00-14231,1-May-23,
CHOW HOUND PET SUPPLIES,PRD:IND:IND-GEODIS WHSE IND US,PAC00-14231,1-Jun-23,
CHOW HOUND PET SUPPLIES,PRD:IND:IND-GEODIS WHSE IND US,PAC00-14231,1-Jul-23,17
CHOW HOUND PET SUPPLIES,PRD:IND:IND-GEODIS WHSE IND US,PAC00-14231,1-Aug-23,20
CHOW HOUND PET SUPPLIES,PRD:IND:IND-GEODIS WHSE IND US,PAC00-14231,1-Sep-23,141
CHOW HOUND PET SUPPLIES,PRD:IND:IND-GEODIS WHSE IND US,PAC00-14231,1-Oct-23,5
CHOW HOUND PET SUPPLIES,PRD:IND:IND-GEODIS WHSE IND US,PAC00-14231,1-Nov-23,7
CHOW HOUND PET SUPPLIES,PRD:IND:IND-GEODIS WHSE IND US,PAC00-14231,1-Dec-23,1
CHOW HOUND PET SUPPLIES,PRD:IND:IND-GEODIS WHSE IND US,PAC00-14231,1-Jan-24,10
CHOW HOUND PET SUPPLIES,PRD:IND:IND-GEODIS WHSE IND US,PAC00-14231,1-Feb-24,16
CHOW HOUND PET SUPPLIES,PRD:IND:IND-GEODIS WHSE IND US,PAC00-14231,1-Mar-24,11
CHOW HOUND PET SUPPLIES,PRD:IND:IND-GEODIS WHSE IND US,PAC00-14231,1-Apr-24,34
CHOW HOUND PET SUPPLIES,PRD:IND:IND-GEODIS WHSE IND US,PAC00-14231,1-May-24,17
CHOW HOUND PET SUPPLIES,PRD:IND:IND-GEODIS WHSE IND US,PAC00-14231,1-Jun-24,3
CHOW HOUND PET SUPPLIES,PRD:IND:IND-GEODIS WHSE IND US,PAC00-14231,1-Jul-24,6
CHOW HOUND PET SUPPLIES,PRD:IND:IND-GEODIS WHSE IND US,PAC00-14231,1-Aug-24,2
CHOW HOUND PET SUPPLIES,PRD:IND:IND-GEODIS WHSE IND US,PAC00-14231,1-Sep-24,5
CHOW HOUND PET SUPPLIES,PRD:IND:IND-GEODIS WHSE IND US,PAC00-14231,1-Oct-24,8
CHOW HOUND PET SUPPLIES,PRD:IND:IND-GEODIS WHSE IND US,PAC00-14231,1-Nov-24,15
CHOW HOUND PET SUPPLIES,PRD:IND:IND-GEODIS WHSE IND US,PAC00-14231,1-Dec-24,10
CHOW HOUND PET SUPPLIES,PRD:IND:IND-GEODIS WHSE IND US,PAC00-14231,1-Jan-25,14
CHOW HOUND PET SUPPLIES,PRD:IND:IND-GEODIS WHSE IND US,PAC00-14231,1-Feb-25,6
CHOW HOUND PET SUPPLIES,PRD:IND:IND-GEODIS WHSE IND US,PAC00-14231,1-Mar-25,4
CHOW HOUND PET SUPPLIES,PRD:IND:IND-GEODIS WHSE IND US,PAC00-14231,1-Apr-25,15
CHOW HOUND PET SUPPLIES,PRD:IND:IND-GEODIS WHSE IND US,PAC00-14231,1-May-25,6
CHOW HOUND PET SUPPLIES,PRD:IND:IND-GEODIS WHSE IND US,PAC00-14231,1-Jun-25,13
CHOW HOUND PET SUPPLIES,PRD:IND:IND-GEODIS WHSE IND US,PAC00-14231,1-Jul-25,13
CHOW HOUND PET SUPPLIES,PRD:IND:IND-GEODIS WHSE IND US,PAC00-14231,1-Aug-25,14
CHOW HOUND PET SUPPLIES,PRD:IND:IND-GEODIS WHSE IND US,PAC00-14231,1-Sep-25,6
CHOW HOUND PET SUPPLIES,PRD:IND:IND-GEODIS WHSE IND US,PAC00-14231,1-Oct-25,19
CHOW HOUND PET SUPPLIES,PRD:IND:IND-GEODIS WHSE IND US,PAC00-14231,1-Nov-25,3
CHOW HOUND PET SUPPLIES,PRD:IND:IND-GEODIS WHSE IND US,PAC00-14231,1-Dec-25,19
CHOW HOUND PET SUPPLIES,PRD:IND:IND-GEODIS WHSE IND US,PAC00-14231,1-Jan-26,2
CHOW HOUND PET SUPPLIES,PRD:IND:IND-GEODIS WHSE IND US,PAC00-14231,1-Feb-26,19
CHOW HOUND PET SUPPLIES,PRD:IND:IND-GEODIS WHSE IND US,PAC00-14231,1-Mar-26,2
CHOW HOUND PET SUPPLIES,PRD:IND:IND-GEODIS WHSE IND US,PAC00-14231,1-Apr-26,11
CHOW HOUND PET SUPPLIES,PRD:IND:IND-GEODIS WHSE IND US,PBC-1000,1-May-23,
CHOW HOUND PET SUPPLIES,PRD:IND:IND-GEODIS WHSE IND US,PBC-1000,1-Jun-23,
CHOW HOUND PET SUPPLIES,PRD:IND:IND-GEODIS WHSE IND US,PBC-1000,1-Jul-23,5
CHOW HOUND PET SUPPLIES,PRD:IND:IND-GEODIS WHSE IND US,PBC-1000,1-Aug-23,5
CHOW HOUND PET SUPPLIES,PRD:IND:IND-GEODIS WHSE IND US,PBC-1000,1-Sep-23,4
CHOW HOUND PET SUPPLIES,PRD:IND:IND-GEODIS WHSE IND US,PBC-1000,1-Oct-23,6
CHOW HOUND PET SUPPLIES,PRD:IND:IND-GEODIS WHSE IND US,PBC-1000,1-Nov-23,3
CHOW HOUND PET SUPPLIES,PRD:IND:IND-GEODIS WHSE IND US,PBC-1000,1-Dec-23,
CHOW HOUND PET SUPPLIES,PRD:IND:IND-GEODIS WHSE IND US,PBC-1000,1-Jan-24,2
CHOW HOUND PET SUPPLIES,PRD:IND:IND-GEODIS WHSE IND US,PBC-1000,1-Feb-24,4
CHOW HOUND PET SUPPLIES,PRD:IND:IND-GEODIS WHSE IND US,PBC-1000,1-Mar-24,3
CHOW HOUND PET SUPPLIES,PRD:IND:IND-GEODIS WHSE IND US,PBC-1000,1-Apr-24,5
CHOW HOUND PET SUPPLIES,PRD:IND:IND-GEODIS WHSE IND US,PBC-1000,1-May-24,1
CHOW HOUND PET SUPPLIES,PRD:IND:IND-GEODIS WHSE IND US,PBC-1000,1-Jun-24,6
CHOW HOUND PET SUPPLIES,PRD:IND:IND-GEODIS WHSE IND US,PBC-1000,1-Jul-24,3
CHOW HOUND PET SUPPLIES,PRD:IND:IND-GEODIS WHSE IND US,PBC-1000,1-Aug-24,1
CHOW HOUND PET SUPPLIES,PRD:IND:IND-GEODIS WHSE IND US,PBC-1000,1-Sep-24,
CHOW HOUND PET SUPPLIES,PRD:IND:IND-GEODIS WHSE IND US,PBC-1000,1-Oct-24,4
CHOW HOUND PET SUPPLIES,PRD:IND:IND-GEODIS WHSE IND US,PBC-1000,1-Nov-24,4
CHOW HOUND PET SUPPLIES,PRD:IND:IND-GEODIS WHSE IND US,PBC-1000,1-Dec-24,
CHOW HOUND PET SUPPLIES,PRD:IND:IND-GEODIS WHSE IND US,PBC-1000,1-Jan-25,1
CHOW HOUND PET SUPPLIES,PRD:IND:IND-GEODIS WHSE IND US,PBC-1000,1-Feb-25,
CHOW HOUND PET SUPPLIES,PRD:IND:IND-GEODIS WHSE IND US,PBC-1000,1-Mar-25,
CHOW HOUND PET SUPPLIES,PRD:IND:IND-GEODIS WHSE IND US,PBC-1000,1-Apr-25,
CHOW HOUND PET SUPPLIES,PRD:IND:IND-GEODIS WHSE IND US,PBC-1000,1-May-25,
CHOW HOUND PET SUPPLIES,PRD:IND:IND-GEODIS WHSE IND US,PBC-1000,1-Jun-25,
CHOW HOUND PET SUPPLIES,PRD:IND:IND-GEODIS WHSE IND US,PBC-1000,1-Jul-25,
CHOW HOUND PET SUPPLIES,PRD:IND:IND-GEODIS WHSE IND US,PBC-1000,1-Aug-25,
CHOW HOUND PET SUPPLIES,PRD:IND:IND-GEODIS WHSE IND US,PBC-1000,1-Sep-25,
CHOW HOUND PET SUPPLIES,PRD:IND:IND-GEODIS WHSE IND US,PBC-1000,1-Oct-25,
CHOW HOUND PET SUPPLIES,PRD:IND:IND-GEODIS WHSE IND US,PBC-1000,1-Nov-25,
CHOW HOUND PET SUPPLIES,PRD:IND:IND-GEODIS WHSE IND US,PBC-1000,1-Dec-25,
CHOW HOUND PET SUPPLIES,PRD:IND:IND-GEODIS WHSE IND US,PBC-1000,1-Jan-26,
CHOW HOUND PET SUPPLIES,PRD:IND:IND-GEODIS WHSE IND US,PBC-1000,1-Feb-26,
CHOW HOUND PET SUPPLIES,PRD:IND:IND-GEODIS WHSE IND US,PBC-1000,1-Mar-26,
CHOW HOUND PET SUPPLIES,PRD:IND:IND-GEODIS WHSE IND US,PBC-1000,1-Apr-26,
CLOSED ME & MY PETS,PRD:IND:IND-GEODIS WHSE IND US,PAC00-14231,1-May-23,
CLOSED ME & MY PETS,PRD:IND:IND-GEODIS WHSE IND US,PAC00-14231,1-Jun-23,
CLOSED ME & MY PETS,PRD:IND:IND-GEODIS WHSE IND US,PAC00-14231,1-Jul-23,
CLOSED ME & MY PETS,PRD:IND:IND-GEODIS WHSE IND US,PAC00-14231,1-Aug-23,
CLOSED ME & MY PETS,PRD:IND:IND-GEODIS WHSE IND US,PAC00-14231,1-Sep-23,6
CLOSED ME & MY PETS,PRD:IND:IND-GEODIS WHSE IND US,PAC00-14231,1-Oct-23,
CLOSED ME & MY PETS,PRD:IND:IND-GEODIS WHSE IND US,PAC00-14231,1-Nov-23,3
CLOSED ME & MY PETS,PRD:IND:IND-GEODIS WHSE IND US,PAC00-14231,1-Dec-23,
CLOSED ME & MY PETS,PRD:IND:IND-GEODIS WHSE IND US,PAC00-14231,1-Jan-24,
CLOSED ME & MY PETS,PRD:IND:IND-GEODIS WHSE IND US,PAC00-14231,1-Feb-24,
CLOSED ME & MY PETS,PRD:IND:IND-GEODIS WHSE IND US,PAC00-14231,1-Mar-24,
CLOSED ME & MY PETS,PRD:IND:IND-GEODIS WHSE IND US,PAC00-14231,1-Apr-24,
CLOSED ME & MY PETS,PRD:IND:IND-GEODIS WHSE IND US,PAC00-14231,1-May-24,
CLOSED ME & MY PETS,PRD:IND:IND-GEODIS WHSE IND US,PAC00-14231,1-Jun-24,
CLOSED ME & MY PETS,PRD:IND:IND-GEODIS WHSE IND US,PAC00-14231,1-Jul-24,
CLOSED ME & MY PETS,PRD:IND:IND-GEODIS WHSE IND US,PAC00-14231,1-Aug-24,
CLOSED ME & MY PETS,PRD:IND:IND-GEODIS WHSE IND US,PAC00-14231,1-Sep-24,
CLOSED ME & MY PETS,PRD:IND:IND-GEODIS WHSE IND US,PAC00-14231,1-Oct-24,
CLOSED ME & MY PETS,PRD:IND:IND-GEODIS WHSE IND US,PAC00-14231,1-Nov-24,
CLOSED ME & MY PETS,PRD:IND:IND-GEODIS WHSE IND US,PAC00-14231,1-Dec-24,
CLOSED ME & MY PETS,PRD:IND:IND-GEODIS WHSE IND US,PAC00-14231,1-Jan-25,
CLOSED ME & MY PETS,PRD:IND:IND-GEODIS WHSE IND US,PAC00-14231,1-Feb-25,
CLOSED ME & MY PETS,PRD:IND:IND-GEODIS WHSE IND US,PAC00-14231,1-Mar-25,
CLOSED ME & MY PETS,PRD:IND:IND-GEODIS WHSE IND US,PAC00-14231,1-Apr-25,
CLOSED ME & MY PETS,PRD:IND:IND-GEODIS WHSE IND US,PAC00-14231,1-May-25,
CLOSED ME & MY PETS,PRD:IND:IND-GEODIS WHSE IND US,PAC00-14231,1-Jun-25,
CLOSED ME & MY PETS,PRD:IND:IND-GEODIS WHSE IND US,PAC00-14231,1-Jul-25,
CLOSED ME & MY PETS,PRD:IND:IND-GEODIS WHSE IND US,PAC00-14231,1-Aug-25,
CLOSED ME & MY PETS,PRD:IND:IND-GEODIS WHSE IND US,PAC00-14231,1-Sep-25,
CLOSED ME & MY PETS,PRD:IND:IND-GEODIS WHSE IND US,PAC00-14231,1-Oct-25,
CLOSED ME & MY PETS,PRD:IND:IND-GEODIS WHSE IND US,PAC00-14231,1-Nov-25,
CLOSED ME & MY PETS,PRD:IND:IND-GEODIS WHSE IND US,PAC00-14231,1-Dec-25,
CLOSED ME & MY PETS,PRD:IND:IND-GEODIS WHSE IND US,PAC00-14231,1-Jan-26,
CLOSED ME & MY PETS,PRD:IND:IND-GEODIS WHSE IND US,PAC00-14231,1-Feb-26,
CLOSED ME & MY PETS,PRD:IND:IND-GEODIS WHSE IND US,PAC00-14231,1-Mar-26,
CLOSED ME & MY PETS,PRD:IND:IND-GEODIS WHSE IND US,PAC00-14231,1-Apr-26,
CONCORD PET FOOD AND SUPPLIES,PRD:IND:IND-GEODIS WHSE IND US,PAC00-14231,1-May-23,
CONCORD PET FOOD AND SUPPLIES,PRD:IND:IND-GEODIS WHSE IND US,PAC00-14231,1-Jun-23,14
CONCORD PET FOOD AND SUPPLIES,PRD:IND:IND-GEODIS WHSE IND US,PAC00-14231,1-Jul-23,
CONCORD PET FOOD AND SUPPLIES,PRD:IND:IND-GEODIS WHSE IND US,PAC00-14231,1-Aug-23,4
CONCORD PET FOOD AND SUPPLIES,PRD:IND:IND-GEODIS WHSE IND US,PAC00-14231,1-Sep-23,
CONCORD PET FOOD AND SUPPLIES,PRD:IND:IND-GEODIS WHSE IND US,PAC00-14231,1-Oct-23,
CONCORD PET FOOD AND SUPPLIES,PRD:IND:IND-GEODIS WHSE IND US,PAC00-14231,1-Nov-23,
CONCORD PET FOOD AND SUPPLIES,PRD:IND:IND-GEODIS WHSE IND US,PAC00-14231,1-Dec-23,9
CONCORD PET FOOD AND SUPPLIES,PRD:IND:IND-GEODIS WHSE IND US,PAC00-14231,1-Jan-24,
CONCORD PET FOOD AND SUPPLIES,PRD:IND:IND-GEODIS WHSE IND US,PAC00-14231,1-Feb-24,
CONCORD PET FOOD AND SUPPLIES,PRD:IND:IND-GEODIS WHSE IND US,PAC00-14231,1-Mar-24,
CONCORD PET FOOD AND SUPPLIES,PRD:IND:IND-GEODIS WHSE IND US,PAC00-14231,1-Apr-24,
CONCORD PET FOOD AND SUPPLIES,PRD:IND:IND-GEODIS WHSE IND US,PAC00-14231,1-May-24,1
CONCORD PET FOOD AND SUPPLIES,PRD:IND:IND-GEODIS WHSE IND US,PAC00-14231,1-Jun-24,
CONCORD PET FOOD AND SUPPLIES,PRD:IND:IND-GEODIS WHSE IND US,PAC00-14231,1-Jul-24,
CONCORD PET FOOD AND SUPPLIES,PRD:IND:IND-GEODIS WHSE IND US,PAC00-14231,1-Aug-24,
CONCORD PET FOOD AND SUPPLIES,PRD:IND:IND-GEODIS WHSE IND US,PAC00-14231,1-Sep-24,
CONCORD PET FOOD AND SUPPLIES,PRD:IND:IND-GEODIS WHSE IND US,PAC00-14231,1-Oct-24,
CONCORD PET FOOD AND SUPPLIES,PRD:IND:IND-GEODIS WHSE IND US,PAC00-14231,1-Nov-24,
CONCORD PET FOOD AND SUPPLIES,PRD:IND:IND-GEODIS WHSE IND US,PAC00-14231,1-Dec-24,
CONCORD PET FOOD AND SUPPLIES,PRD:IND:IND-GEODIS WHSE IND US,PAC00-14231,1-Jan-25,
CONCORD PET FOOD AND SUPPLIES,PRD:IND:IND-GEODIS WHSE IND US,PAC00-14231,1-Feb-25,
CONCORD PET FOOD AND SUPPLIES,PRD:IND:IND-GEODIS WHSE IND US,PAC00-14231,1-Mar-25,1
CONCORD PET FOOD AND SUPPLIES,PRD:IND:IND-GEODIS WHSE IND US,PAC00-14231,1-Apr-25,
CONCORD PET FOOD AND SUPPLIES,PRD:IND:IND-GEODIS WHSE IND US,PAC00-14231,1-May-25,
CONCORD PET FOOD AND SUPPLIES,PRD:IND:IND-GEODIS WHSE IND US,PAC00-14231,1-Jun-25,
CONCORD PET FOOD AND SUPPLIES,PRD:IND:IND-GEODIS WHSE IND US,PAC00-14231,1-Jul-25,
CONCORD PET FOOD AND SUPPLIES,PRD:IND:IND-GEODIS WHSE IND US,PAC00-14231,1-Aug-25,
CONCORD PET FOOD AND SUPPLIES,PRD:IND:IND-GEODIS WHSE IND US,PAC00-14231,1-Sep-25,
CONCORD PET FOOD AND SUPPLIES,PRD:IND:IND-GEODIS WHSE IND US,PAC00-14231,1-Oct-25,
CONCORD PET FOOD AND SUPPLIES,PRD:IND:IND-GEODIS WHSE IND US,PAC00-14231,1-Nov-25,
CONCORD PET FOOD AND SUPPLIES,PRD:IND:IND-GEODIS WHSE IND US,PAC00-14231,1-Dec-25,
CONCORD PET FOOD AND SUPPLIES,PRD:IND:IND-GEODIS WHSE IND US,PAC00-14231,1-Jan-26,
CONCORD PET FOOD AND SUPPLIES,PRD:IND:IND-GEODIS WHSE IND US,PAC00-14231,1-Feb-26,
CONCORD PET FOOD AND SUPPLIES,PRD:IND:IND-GEODIS WHSE IND US,PAC00-14231,1-Mar-26,
CONCORD PET FOOD AND SUPPLIES,PRD:IND:IND-GEODIS WHSE IND US,PAC00-14231,1-Apr-26,
CORNERSTONE ANIMAL,PRD:IND:IND-GEODIS WHSE IND US,PAC00-14231,1-May-23,2
CORNERSTONE ANIMAL,PRD:IND:IND-GEODIS WHSE IND US,PAC00-14231,1-Jun-23,
CORNERSTONE ANIMAL,PRD:IND:IND-GEODIS WHSE IND US,PAC00-14231,1-Jul-23,
CORNERSTONE ANIMAL,PRD:IND:IND-GEODIS WHSE IND US,PAC00-14231,1-Aug-23,
CORNERSTONE ANIMAL,PRD:IND:IND-GEODIS WHSE IND US,PAC00-14231,1-Sep-23,
CORNERSTONE ANIMAL,PRD:IND:IND-GEODIS WHSE IND US,PAC00-14231,1-Oct-23,
CORNERSTONE ANIMAL,PRD:IND:IND-GEODIS WHSE IND US,PAC00-14231,1-Nov-23,
CORNERSTONE ANIMAL,PRD:IND:IND-GEODIS WHSE IND US,PAC00-14231,1-Dec-23,
CORNERSTONE ANIMAL,PRD:IND:IND-GEODIS WHSE IND US,PAC00-14231,1-Jan-24,
CORNERSTONE ANIMAL,PRD:IND:IND-GEODIS WHSE IND US,PAC00-14231,1-Feb-24,
CORNERSTONE ANIMAL,PRD:IND:IND-GEODIS WHSE IND US,PAC00-14231,1-Mar-24,
CORNERSTONE ANIMAL,PRD:IND:IND-GEODIS WHSE IND US,PAC00-14231,1-Apr-24,
CORNERSTONE ANIMAL,PRD:IND:IND-GEODIS WHSE IND US,PAC00-14231,1-May-24,
CORNERSTONE ANIMAL,PRD:IND:IND-GEODIS WHSE IND US,PAC00-14231,1-Jun-24,
CORNERSTONE ANIMAL,PRD:IND:IND-GEODIS WHSE IND US,PAC00-14231,1-Jul-24,
CORNERSTONE ANIMAL,PRD:IND:IND-GEODIS WHSE IND US,PAC00-14231,1-Aug-24,
CORNERSTONE ANIMAL,PRD:IND:IND-GEODIS WHSE IND US,PAC00-14231,1-Sep-24,
CORNERSTONE ANIMAL,PRD:IND:IND-GEODIS WHSE IND US,PAC00-14231,1-Oct-24,
CORNERSTONE ANIMAL,PRD:IND:IND-GEODIS WHSE IND US,PAC00-14231,1-Nov-24,
CORNERSTONE ANIMAL,PRD:IND:IND-GEODIS WHSE IND US,PAC00-14231,1-Dec-24,
CORNERSTONE ANIMAL,PRD:IND:IND-GEODIS WHSE IND US,PAC00-14231,1-Jan-25,
CORNERSTONE ANIMAL,PRD:IND:IND-GEODIS WHSE IND US,PAC00-14231,1-Feb-25,
CORNERSTONE ANIMAL,PRD:IND:IND-GEODIS WHSE IND US,PAC00-14231,1-Mar-25,
CORNERSTONE ANIMAL,PRD:IND:IND-GEODIS WHSE IND US,PAC00-14231,1-Apr-25,
CORNERSTONE ANIMAL,PRD:IND:IND-GEODIS WHSE IND US,PAC00-14231,1-May-25,
CORNERSTONE ANIMAL,PRD:IND:IND-GEODIS WHSE IND US,PAC00-14231,1-Jun-25,
CORNERSTONE ANIMAL,PRD:IND:IND-GEODIS WHSE IND US,PAC00-14231,1-Jul-25,
CORNERSTONE ANIMAL,PRD:IND:IND-GEODIS WHSE IND US,PAC00-14231,1-Aug-25,
CORNERSTONE ANIMAL,PRD:IND:IND-GEODIS WHSE IND US,PAC00-14231,1-Sep-25,
CORNERSTONE ANIMAL,PRD:IND:IND-GEODIS WHSE IND US,PAC00-14231,1-Oct-25,
CORNERSTONE ANIMAL,PRD:IND:IND-GEODIS WHSE IND US,PAC00-14231,1-Nov-25,
CORNERSTONE ANIMAL,PRD:IND:IND-GEODIS WHSE IND US,PAC00-14231,1-Dec-25,
CORNERSTONE ANIMAL,PRD:IND:IND-GEODIS WHSE IND US,PAC00-14231,1-Jan-26,
CORNERSTONE ANIMAL,PRD:IND:IND-GEODIS WHSE IND US,PAC00-14231,1-Feb-26,
CORNERSTONE ANIMAL,PRD:IND:IND-GEODIS WHSE IND US,PAC00-14231,1-Mar-26,
CORNERSTONE ANIMAL,PRD:IND:IND-GEODIS WHSE IND US,PAC00-14231,1-Apr-26,
COUNTRYSIDE PET SUPPLY,PRD:IND:IND-GEODIS WHSE IND US,PAC00-14231,1-May-23,
COUNTRYSIDE PET SUPPLY,PRD:IND:IND-GEODIS WHSE IND US,PAC00-14231,1-Jun-23,
COUNTRYSIDE PET SUPPLY,PRD:IND:IND-GEODIS WHSE IND US,PAC00-14231,1-Jul-23,1
COUNTRYSIDE PET SUPPLY,PRD:IND:IND-GEODIS WHSE IND US,PAC00-14231,1-Aug-23,
COUNTRYSIDE PET SUPPLY,PRD:IND:IND-GEODIS WHSE IND US,PAC00-14231,1-Sep-23,
COUNTRYSIDE PET SUPPLY,PRD:IND:IND-GEODIS WHSE IND US,PAC00-14231,1-Oct-23,1
COUNTRYSIDE PET SUPPLY,PRD:IND:IND-GEODIS WHSE IND US,PAC00-14231,1-Nov-23,
COUNTRYSIDE PET SUPPLY,PRD:IND:IND-GEODIS WHSE IND US,PAC00-14231,1-Dec-23,
COUNTRYSIDE PET SUPPLY,PRD:IND:IND-GEODIS WHSE IND US,PAC00-14231,1-Jan-24,2
COUNTRYSIDE PET SUPPLY,PRD:IND:IND-GEODIS WHSE IND US,PAC00-14231,1-Feb-24,
COUNTRYSIDE PET SUPPLY,PRD:IND:IND-GEODIS WHSE IND US,PAC00-14231,1-Mar-24,
COUNTRYSIDE PET SUPPLY,PRD:IND:IND-GEODIS WHSE IND US,PAC00-14231,1-Apr-24,
COUNTRYSIDE PET SUPPLY,PRD:IND:IND-GEODIS WHSE IND US,PAC00-14231,1-May-24,
COUNTRYSIDE PET SUPPLY,PRD:IND:IND-GEODIS WHSE IND US,PAC00-14231,1-Jun-24,1
COUNTRYSIDE PET SUPPLY,PRD:IND:IND-GEODIS WHSE IND US,PAC00-14231,1-Jul-24,
COUNTRYSIDE PET SUPPLY,PRD:IND:IND-GEODIS WHSE IND US,PAC00-14231,1-Aug-24,
COUNTRYSIDE PET SUPPLY,PRD:IND:IND-GEODIS WHSE IND US,PAC00-14231,1-Sep-24,1
COUNTRYSIDE PET SUPPLY,PRD:IND:IND-GEODIS WHSE IND US,PAC00-14231,1-Oct-24,1
COUNTRYSIDE PET SUPPLY,PRD:IND:IND-GEODIS WHSE IND US,PAC00-14231,1-Nov-24,
COUNTRYSIDE PET SUPPLY,PRD:IND:IND-GEODIS WHSE IND US,PAC00-14231,1-Dec-24,
COUNTRYSIDE PET SUPPLY,PRD:IND:IND-GEODIS WHSE IND US,PAC00-14231,1-Jan-25,
COUNTRYSIDE PET SUPPLY,PRD:IND:IND-GEODIS WHSE IND US,PAC00-14231,1-Feb-25,
COUNTRYSIDE PET SUPPLY,PRD:IND:IND-GEODIS WHSE IND US,PAC00-14231,1-Mar-25,
COUNTRYSIDE PET SUPPLY,PRD:IND:IND-GEODIS WHSE IND US,PAC00-14231,1-Apr-25,
COUNTRYSIDE PET SUPPLY,PRD:IND:IND-GEODIS WHSE IND US,PAC00-14231,1-May-25,1
COUNTRYSIDE PET SUPPLY,PRD:IND:IND-GEODIS WHSE IND US,PAC00-14231,1-Jun-25,
COUNTRYSIDE PET SUPPLY,PRD:IND:IND-GEODIS WHSE IND US,PAC00-14231,1-Jul-25,2
COUNTRYSIDE PET SUPPLY,PRD:IND:IND-GEODIS WHSE IND US,PAC00-14231,1-Aug-25,
COUNTRYSIDE PET SUPPLY,PRD:IND:IND-GEODIS WHSE IND US,PAC00-14231,1-Sep-25,
COUNTRYSIDE PET SUPPLY,PRD:IND:IND-GEODIS WHSE IND US,PAC00-14231,1-Oct-25,
COUNTRYSIDE PET SUPPLY,PRD:IND:IND-GEODIS WHSE IND US,PAC00-14231,1-Nov-25,
COUNTRYSIDE PET SUPPLY,PRD:IND:IND-GEODIS WHSE IND US,PAC00-14231,1-Dec-25,
COUNTRYSIDE PET SUPPLY,PRD:IND:IND-GEODIS WHSE IND US,PAC00-14231,1-Jan-26,1
COUNTRYSIDE PET SUPPLY,PRD:IND:IND-GEODIS WHSE IND US,PAC00-14231,1-Feb-26,
COUNTRYSIDE PET SUPPLY,PRD:IND:IND-GEODIS WHSE IND US,PAC00-14231,1-Mar-26,
COUNTRYSIDE PET SUPPLY,PRD:IND:IND-GEODIS WHSE IND US,PAC00-14231,1-Apr-26,2
COUNTRYSIDE PET SUPPLY,PRD:IND:IND-GEODIS WHSE IND US,PBC-1000,1-May-23,
COUNTRYSIDE PET SUPPLY,PRD:IND:IND-GEODIS WHSE IND US,PBC-1000,1-Jun-23,
COUNTRYSIDE PET SUPPLY,PRD:IND:IND-GEODIS WHSE IND US,PBC-1000,1-Jul-23,
COUNTRYSIDE PET SUPPLY,PRD:IND:IND-GEODIS WHSE IND US,PBC-1000,1-Aug-23,
COUNTRYSIDE PET SUPPLY,PRD:IND:IND-GEODIS WHSE IND US,PBC-1000,1-Sep-23,
COUNTRYSIDE PET SUPPLY,PRD:IND:IND-GEODIS WHSE IND US,PBC-1000,1-Oct-23,
COUNTRYSIDE PET SUPPLY,PRD:IND:IND-GEODIS WHSE IND US,PBC-1000,1-Nov-23,
COUNTRYSIDE PET SUPPLY,PRD:IND:IND-GEODIS WHSE IND US,PBC-1000,1-Dec-23,
COUNTRYSIDE PET SUPPLY,PRD:IND:IND-GEODIS WHSE IND US,PBC-1000,1-Jan-24,
COUNTRYSIDE PET SUPPLY,PRD:IND:IND-GEODIS WHSE IND US,PBC-1000,1-Feb-24,
COUNTRYSIDE PET SUPPLY,PRD:IND:IND-GEODIS WHSE IND US,PBC-1000,1-Mar-24,
COUNTRYSIDE PET SUPPLY,PRD:IND:IND-GEODIS WHSE IND US,PBC-1000,1-Apr-24,
COUNTRYSIDE PET SUPPLY,PRD:IND:IND-GEODIS WHSE IND US,PBC-1000,1-May-24,
COUNTRYSIDE PET SUPPLY,PRD:IND:IND-GEODIS WHSE IND US,PBC-1000,1-Jun-24,
COUNTRYSIDE PET SUPPLY,PRD:IND:IND-GEODIS WHSE IND US,PBC-1000,1-Jul-24,
COUNTRYSIDE PET SUPPLY,PRD:IND:IND-GEODIS WHSE IND US,PBC-1000,1-Aug-24,
COUNTRYSIDE PET SUPPLY,PRD:IND:IND-GEODIS WHSE IND US,PBC-1000,1-Sep-24,
COUNTRYSIDE PET SUPPLY,PRD:IND:IND-GEODIS WHSE IND US,PBC-1000,1-Oct-24,
COUNTRYSIDE PET SUPPLY,PRD:IND:IND-GEODIS WHSE IND US,PBC-1000,1-Nov-24,
COUNTRYSIDE PET SUPPLY,PRD:IND:IND-GEODIS WHSE IND US,PBC-1000,1-Dec-24,
COUNTRYSIDE PET SUPPLY,PRD:IND:IND-GEODIS WHSE IND US,PBC-1000,1-Jan-25,
COUNTRYSIDE PET SUPPLY,PRD:IND:IND-GEODIS WHSE IND US,PBC-1000,1-Feb-25,
COUNTRYSIDE PET SUPPLY,PRD:IND:IND-GEODIS WHSE IND US,PBC-1000,1-Mar-25,
COUNTRYSIDE PET SUPPLY,PRD:IND:IND-GEODIS WHSE IND US,PBC-1000,1-Apr-25,
COUNTRYSIDE PET SUPPLY,PRD:IND:IND-GEODIS WHSE IND US,PBC-1000,1-May-25,8
COUNTRYSIDE PET SUPPLY,PRD:IND:IND-GEODIS WHSE IND US,PBC-1000,1-Jun-25,
COUNTRYSIDE PET SUPPLY,PRD:IND:IND-GEODIS WHSE IND US,PBC-1000,1-Jul-25,
COUNTRYSIDE PET SUPPLY,PRD:IND:IND-GEODIS WHSE IND US,PBC-1000,1-Aug-25,
COUNTRYSIDE PET SUPPLY,PRD:IND:IND-GEODIS WHSE IND US,PBC-1000,1-Sep-25,
COUNTRYSIDE PET SUPPLY,PRD:IND:IND-GEODIS WHSE IND US,PBC-1000,1-Oct-25,
COUNTRYSIDE PET SUPPLY,PRD:IND:IND-GEODIS WHSE IND US,PBC-1000,1-Nov-25,
COUNTRYSIDE PET SUPPLY,PRD:IND:IND-GEODIS WHSE IND US,PBC-1000,1-Dec-25,
COUNTRYSIDE PET SUPPLY,PRD:IND:IND-GEODIS WHSE IND US,PBC-1000,1-Jan-26,
COUNTRYSIDE PET SUPPLY,PRD:IND:IND-GEODIS WHSE IND US,PBC-1000,1-Feb-26,
COUNTRYSIDE PET SUPPLY,PRD:IND:IND-GEODIS WHSE IND US,PBC-1000,1-Mar-26,
COUNTRYSIDE PET SUPPLY,PRD:IND:IND-GEODIS WHSE IND US,PBC-1000,1-Apr-26,
D TAILS LLC,PRD:IND:IND-GEODIS WHSE IND US,PAC00-14231,1-May-23,
D TAILS LLC,PRD:IND:IND-GEODIS WHSE IND US,PAC00-14231,1-Jun-23,
D TAILS LLC,PRD:IND:IND-GEODIS WHSE IND US,PAC00-14231,1-Jul-23,
D TAILS LLC,PRD:IND:IND-GEODIS WHSE IND US,PAC00-14231,1-Aug-23,
D TAILS LLC,PRD:IND:IND-GEODIS WHSE IND US,PAC00-14231,1-Sep-23,
D TAILS LLC,PRD:IND:IND-GEODIS WHSE IND US,PAC00-14231,1-Oct-23,
D TAILS LLC,PRD:IND:IND-GEODIS WHSE IND US,PAC00-14231,1-Nov-23,
D TAILS LLC,PRD:IND:IND-GEODIS WHSE IND US,PAC00-14231,1-Dec-23,
D TAILS LLC,PRD:IND:IND-GEODIS WHSE IND US,PAC00-14231,1-Jan-24,
D TAILS LLC,PRD:IND:IND-GEODIS WHSE IND US,PAC00-14231,1-Feb-24,
D TAILS LLC,PRD:IND:IND-GEODIS WHSE IND US,PAC00-14231,1-Mar-24,
D TAILS LLC,PRD:IND:IND-GEODIS WHSE IND US,PAC00-14231,1-Apr-24,
D TAILS LLC,PRD:IND:IND-GEODIS WHSE IND US,PAC00-14231,1-May-24,
D TAILS LLC,PRD:IND:IND-GEODIS WHSE IND US,PAC00-14231,1-Jun-24,
D TAILS LLC,PRD:IND:IND-GEODIS WHSE IND US,PAC00-14231,1-Jul-24,
D TAILS LLC,PRD:IND:IND-GEODIS WHSE IND US,PAC00-14231,1-Aug-24,
D TAILS LLC,PRD:IND:IND-GEODIS WHSE IND US,PAC00-14231,1-Sep-24,
D TAILS LLC,PRD:IND:IND-GEODIS WHSE IND US,PAC00-14231,1-Oct-24,
D TAILS LLC,PRD:IND:IND-GEODIS WHSE IND US,PAC00-14231,1-Nov-24,
D TAILS LLC,PRD:IND:IND-GEODIS WHSE IND US,PAC00-14231,1-Dec-24,
D TAILS LLC,PRD:IND:IND-GEODIS WHSE IND US,PAC00-14231,1-Jan-25,
D TAILS LLC,PRD:IND:IND-GEODIS WHSE IND US,PAC00-14231,1-Feb-25,
D TAILS LLC,PRD:IND:IND-GEODIS WHSE IND US,PAC00-14231,1-Mar-25,
D TAILS LLC,PRD:IND:IND-GEODIS WHSE IND US,PAC00-14231,1-Apr-25,
D TAILS LLC,PRD:IND:IND-GEODIS WHSE IND US,PAC00-14231,1-May-25,3
D TAILS LLC,PRD:IND:IND-GEODIS WHSE IND US,PAC00-14231,1-Jun-25,
D TAILS LLC,PRD:IND:IND-GEODIS WHSE IND US,PAC00-14231,1-Jul-25,
D TAILS LLC,PRD:IND:IND-GEODIS WHSE IND US,PAC00-14231,1-Aug-25,
D TAILS LLC,PRD:IND:IND-GEODIS WHSE IND US,PAC00-14231,1-Sep-25,
D TAILS LLC,PRD:IND:IND-GEODIS WHSE IND US,PAC00-14231,1-Oct-25,
D TAILS LLC,PRD:IND:IND-GEODIS WHSE IND US,PAC00-14231,1-Nov-25,
D TAILS LLC,PRD:IND:IND-GEODIS WHSE IND US,PAC00-14231,1-Dec-25,
D TAILS LLC,PRD:IND:IND-GEODIS WHSE IND US,PAC00-14231,1-Jan-26,
D TAILS LLC,PRD:IND:IND-GEODIS WHSE IND US,PAC00-14231,1-Feb-26,
D TAILS LLC,PRD:IND:IND-GEODIS WHSE IND US,PAC00-14231,1-Mar-26,
D TAILS LLC,PRD:IND:IND-GEODIS WHSE IND US,PAC00-14231,1-Apr-26,
D2CWEB,PRD:AU1:AU1-AUSTRALIA B2B B2C INV ORG,PAC00-14231,1-May-23,
D2CWEB,PRD:AU1:AU1-AUSTRALIA B2B B2C INV ORG,PAC00-14231,1-Jun-23,
D2CWEB,PRD:AU1:AU1-AUSTRALIA B2B B2C INV ORG,PAC00-14231,1-Jul-23,
D2CWEB,PRD:AU1:AU1-AUSTRALIA B2B B2C INV ORG,PAC00-14231,1-Aug-23,
D2CWEB,PRD:AU1:AU1-AUSTRALIA B2B B2C INV ORG,PAC00-14231,1-Sep-23,
D2CWEB,PRD:AU1:AU1-AUSTRALIA B2B B2C INV ORG,PAC00-14231,1-Oct-23,
D2CWEB,PRD:AU1:AU1-AUSTRALIA B2B B2C INV ORG,PAC00-14231,1-Nov-23,
D2CWEB,PRD:AU1:AU1-AUSTRALIA B2B B2C INV ORG,PAC00-14231,1-Dec-23,
D2CWEB,PRD:AU1:AU1-AUSTRALIA B2B B2C INV ORG,PAC00-14231,1-Jan-24,
D2CWEB,PRD:AU1:AU1-AUSTRALIA B2B B2C INV ORG,PAC00-14231,1-Feb-24,
D2CWEB,PRD:AU1:AU1-AUSTRALIA B2B B2C INV ORG,PAC00-14231,1-Mar-24,
D2CWEB,PRD:AU1:AU1-AUSTRALIA B2B B2C INV ORG,PAC00-14231,1-Apr-24,
D2CWEB,PRD:AU1:AU1-AUSTRALIA B2B B2C INV ORG,PAC00-14231,1-May-24,
D2CWEB,PRD:AU1:AU1-AUSTRALIA B2B B2C INV ORG,PAC00-14231,1-Jun-24,
D2CWEB,PRD:AU1:AU1-AUSTRALIA B2B B2C INV ORG,PAC00-14231,1-Jul-24,
D2CWEB,PRD:AU1:AU1-AUSTRALIA B2B B2C INV ORG,PAC00-14231,1-Aug-24,
D2CWEB,PRD:AU1:AU1-AUSTRALIA B2B B2C INV ORG,PAC00-14231,1-Sep-24,
D2CWEB,PRD:AU1:AU1-AUSTRALIA B2B B2C INV ORG,PAC00-14231,1-Oct-24,
D2CWEB,PRD:AU1:AU1-AUSTRALIA B2B B2C INV ORG,PAC00-14231,1-Nov-24,
D2CWEB,PRD:AU1:AU1-AUSTRALIA B2B B2C INV ORG,PAC00-14231,1-Dec-24,
D2CWEB,PRD:AU1:AU1-AUSTRALIA B2B B2C INV ORG,PAC00-14231,1-Jan-25,
D2CWEB,PRD:AU1:AU1-AUSTRALIA B2B B2C INV ORG,PAC00-14231,1-Feb-25,
D2CWEB,PRD:AU1:AU1-AUSTRALIA B2B B2C INV ORG,PAC00-14231,1-Mar-25,
D2CWEB,PRD:AU1:AU1-AUSTRALIA B2B B2C INV ORG,PAC00-14231,1-Apr-25,
D2CWEB,PRD:AU1:AU1-AUSTRALIA B2B B2C INV ORG,PAC00-14231,1-May-25,25
D2CWEB,PRD:AU1:AU1-AUSTRALIA B2B B2C INV ORG,PAC00-14231,1-Jun-25,26
D2CWEB,PRD:AU1:AU1-AUSTRALIA B2B B2C INV ORG,PAC00-14231,1-Jul-25,20
D2CWEB,PRD:AU1:AU1-AUSTRALIA B2B B2C INV ORG,PAC00-14231,1-Aug-25,32
D2CWEB,PRD:AU1:AU1-AUSTRALIA B2B B2C INV ORG,PAC00-14231,1-Sep-25,13
D2CWEB,PRD:AU1:AU1-AUSTRALIA B2B B2C INV ORG,PAC00-14231,1-Oct-25,25
D2CWEB,PRD:AU1:AU1-AUSTRALIA B2B B2C INV ORG,PAC00-14231,1-Nov-25,25
D2CWEB,PRD:AU1:AU1-AUSTRALIA B2B B2C INV ORG,PAC00-14231,1-Dec-25,23
D2CWEB,PRD:AU1:AU1-AUSTRALIA B2B B2C INV ORG,PAC00-14231,1-Jan-26,30
D2CWEB,PRD:AU1:AU1-AUSTRALIA B2B B2C INV ORG,PAC00-14231,1-Feb-26,20
D2CWEB,PRD:AU1:AU1-AUSTRALIA B2B B2C INV ORG,PAC00-14231,1-Mar-26,41
D2CWEB,PRD:AU1:AU1-AUSTRALIA B2B B2C INV ORG,PAC00-14231,1-Apr-26,19
D2CWEB,PRD:IND:IND-GEODIS WHSE IND US,PAC00-14231,1-May-23,
D2CWEB,PRD:IND:IND-GEODIS WHSE IND US,PAC00-14231,1-Jun-23,
D2CWEB,PRD:IND:IND-GEODIS WHSE IND US,PAC00-14231,1-Jul-23,
D2CWEB,PRD:IND:IND-GEODIS WHSE IND US,PAC00-14231,1-Aug-23,
D2CWEB,PRD:IND:IND-GEODIS WHSE IND US,PAC00-14231,1-Sep-23,
D2CWEB,PRD:IND:IND-GEODIS WHSE IND US,PAC00-14231,1-Oct-23,
D2CWEB,PRD:IND:IND-GEODIS WHSE IND US,PAC00-14231,1-Nov-23,
D2CWEB,PRD:IND:IND-GEODIS WHSE IND US,PAC00-14231,1-Dec-23,
D2CWEB,PRD:IND:IND-GEODIS WHSE IND US,PAC00-14231,1-Jan-24,
D2CWEB,PRD:IND:IND-GEODIS WHSE IND US,PAC00-14231,1-Feb-24,
D2CWEB,PRD:IND:IND-GEODIS WHSE IND US,PAC00-14231,1-Mar-24,78
D2CWEB,PRD:IND:IND-GEODIS WHSE IND US,PAC00-14231,1-Apr-24,297
D2CWEB,PRD:IND:IND-GEODIS WHSE IND US,PAC00-14231,1-May-24,272
D2CWEB,PRD:IND:IND-GEODIS WHSE IND US,PAC00-14231,1-Jun-24,227
D2CWEB,PRD:IND:IND-GEODIS WHSE IND US,PAC00-14231,1-Jul-24,232
D2CWEB,PRD:IND:IND-GEODIS WHSE IND US,PAC00-14231,1-Aug-24,253
D2CWEB,PRD:IND:IND-GEODIS WHSE IND US,PAC00-14231,1-Sep-24,264
D2CWEB,PRD:IND:IND-GEODIS WHSE IND US,PAC00-14231,1-Oct-24,262
D2CWEB,PRD:IND:IND-GEODIS WHSE IND US,PAC00-14231,1-Nov-24,332
D2CWEB,PRD:IND:IND-GEODIS WHSE IND US,PAC00-14231,1-Dec-24,305
D2CWEB,PRD:IND:IND-GEODIS WHSE IND US,PAC00-14231,1-Jan-25,266
D2CWEB,PRD:IND:IND-GEODIS WHSE IND US,PAC00-14231,1-Feb-25,263
D2CWEB,PRD:IND:IND-GEODIS WHSE IND US,PAC00-14231,1-Mar-25,275
D2CWEB,PRD:IND:IND-GEODIS WHSE IND US,PAC00-14231,1-Apr-25,284
D2CWEB,PRD:IND:IND-GEODIS WHSE IND US,PAC00-14231,1-May-25,243
D2CWEB,PRD:IND:IND-GEODIS WHSE IND US,PAC00-14231,1-Jun-25,210
D2CWEB,PRD:IND:IND-GEODIS WHSE IND US,PAC00-14231,1-Jul-25,247
D2CWEB,PRD:IND:IND-GEODIS WHSE IND US,PAC00-14231,1-Aug-25,245
D2CWEB,PRD:IND:IND-GEODIS WHSE IND US,PAC00-14231,1-Sep-25,232
D2CWEB,PRD:IND:IND-GEODIS WHSE IND US,PAC00-14231,1-Oct-25,249
D2CWEB,PRD:IND:IND-GEODIS WHSE IND US,PAC00-14231,1-Nov-25,232
D2CWEB,PRD:IND:IND-GEODIS WHSE IND US,PAC00-14231,1-Dec-25,226
D2CWEB,PRD:IND:IND-GEODIS WHSE IND US,PAC00-14231,1-Jan-26,291
D2CWEB,PRD:IND:IND-GEODIS WHSE IND US,PAC00-14231,1-Feb-26,226
D2CWEB,PRD:IND:IND-GEODIS WHSE IND US,PAC00-14231,1-Mar-26,237
D2CWEB,PRD:IND:IND-GEODIS WHSE IND US,PAC00-14231,1-Apr-26,226
D2CWEB,PRD:IND:IND-GEODIS WHSE IND US,PBC-1000,1-May-23,
D2CWEB,PRD:IND:IND-GEODIS WHSE IND US,PBC-1000,1-Jun-23,
D2CWEB,PRD:IND:IND-GEODIS WHSE IND US,PBC-1000,1-Jul-23,
D2CWEB,PRD:IND:IND-GEODIS WHSE IND US,PBC-1000,1-Aug-23,
D2CWEB,PRD:IND:IND-GEODIS WHSE IND US,PBC-1000,1-Sep-23,
D2CWEB,PRD:IND:IND-GEODIS WHSE IND US,PBC-1000,1-Oct-23,
D2CWEB,PRD:IND:IND-GEODIS WHSE IND US,PBC-1000,1-Nov-23,
D2CWEB,PRD:IND:IND-GEODIS WHSE IND US,PBC-1000,1-Dec-23,
D2CWEB,PRD:IND:IND-GEODIS WHSE IND US,PBC-1000,1-Jan-24,
D2CWEB,PRD:IND:IND-GEODIS WHSE IND US,PBC-1000,1-Feb-24,
D2CWEB,PRD:IND:IND-GEODIS WHSE IND US,PBC-1000,1-Mar-24,3
D2CWEB,PRD:IND:IND-GEODIS WHSE IND US,PBC-1000,1-Apr-24,2
D2CWEB,PRD:IND:IND-GEODIS WHSE IND US,PBC-1000,1-May-24,1
D2CWEB,PRD:IND:IND-GEODIS WHSE IND US,PBC-1000,1-Jun-24,2
D2CWEB,PRD:IND:IND-GEODIS WHSE IND US,PBC-1000,1-Jul-24,2
D2CWEB,PRD:IND:IND-GEODIS WHSE IND US,PBC-1000,1-Aug-24,2
D2CWEB,PRD:IND:IND-GEODIS WHSE IND US,PBC-1000,1-Sep-24,2
D2CWEB,PRD:IND:IND-GEODIS WHSE IND US,PBC-1000,1-Oct-24,1
D2CWEB,PRD:IND:IND-GEODIS WHSE IND US,PBC-1000,1-Nov-24,4
D2CWEB,PRD:IND:IND-GEODIS WHSE IND US,PBC-1000,1-Dec-24,
D2CWEB,PRD:IND:IND-GEODIS WHSE IND US,PBC-1000,1-Jan-25,1
D2CWEB,PRD:IND:IND-GEODIS WHSE IND US,PBC-1000,1-Feb-25,3
D2CWEB,PRD:IND:IND-GEODIS WHSE IND US,PBC-1000,1-Mar-25,3
D2CWEB,PRD:IND:IND-GEODIS WHSE IND US,PBC-1000,1-Apr-25,9
D2CWEB,PRD:IND:IND-GEODIS WHSE IND US,PBC-1000,1-May-25,5
D2CWEB,PRD:IND:IND-GEODIS WHSE IND US,PBC-1000,1-Jun-25,6
D2CWEB,PRD:IND:IND-GEODIS WHSE IND US,PBC-1000,1-Jul-25,3
D2CWEB,PRD:IND:IND-GEODIS WHSE IND US,PBC-1000,1-Aug-25,6
D2CWEB,PRD:IND:IND-GEODIS WHSE IND US,PBC-1000,1-Sep-25,6
D2CWEB,PRD:IND:IND-GEODIS WHSE IND US,PBC-1000,1-Oct-25,3
D2CWEB,PRD:IND:IND-GEODIS WHSE IND US,PBC-1000,1-Nov-25,3
D2CWEB,PRD:IND:IND-GEODIS WHSE IND US,PBC-1000,1-Dec-25,7
D2CWEB,PRD:IND:IND-GEODIS WHSE IND US,PBC-1000,1-Jan-26,4
D2CWEB,PRD:IND:IND-GEODIS WHSE IND US,PBC-1000,1-Feb-26,2
D2CWEB,PRD:IND:IND-GEODIS WHSE IND US,PBC-1000,1-Mar-26,11
D2CWEB,PRD:IND:IND-GEODIS WHSE IND US,PBC-1000,1-Apr-26,5
D2CWEB,PRD:WCB:WCB-WEST COAST B2B INV ORG,PAC00-14231,1-May-23,
D2CWEB,PRD:WCB:WCB-WEST COAST B2B INV ORG,PAC00-14231,1-Jun-23,
D2CWEB,PRD:WCB:WCB-WEST COAST B2B INV ORG,PAC00-14231,1-Jul-23,
D2CWEB,PRD:WCB:WCB-WEST COAST B2B INV ORG,PAC00-14231,1-Aug-23,
D2CWEB,PRD:WCB:WCB-WEST COAST B2B INV ORG,PAC00-14231,1-Sep-23,
D2CWEB,PRD:WCB:WCB-WEST COAST B2B INV ORG,PAC00-14231,1-Oct-23,
D2CWEB,PRD:WCB:WCB-WEST COAST B2B INV ORG,PAC00-14231,1-Nov-23,
D2CWEB,PRD:WCB:WCB-WEST COAST B2B INV ORG,PAC00-14231,1-Dec-23,
D2CWEB,PRD:WCB:WCB-WEST COAST B2B INV ORG,PAC00-14231,1-Jan-24,
D2CWEB,PRD:WCB:WCB-WEST COAST B2B INV ORG,PAC00-14231,1-Feb-24,
D2CWEB,PRD:WCB:WCB-WEST COAST B2B INV ORG,PAC00-14231,1-Mar-24,24
D2CWEB,PRD:WCB:WCB-WEST COAST B2B INV ORG,PAC00-14231,1-Apr-24,80
D2CWEB,PRD:WCB:WCB-WEST COAST B2B INV ORG,PAC00-14231,1-May-24,91
D2CWEB,PRD:WCB:WCB-WEST COAST B2B INV ORG,PAC00-14231,1-Jun-24,64
D2CWEB,PRD:WCB:WCB-WEST COAST B2B INV ORG,PAC00-14231,1-Jul-24,80
D2CWEB,PRD:WCB:WCB-WEST COAST B2B INV ORG,PAC00-14231,1-Aug-24,59
D2CWEB,PRD:WCB:WCB-WEST COAST B2B INV ORG,PAC00-14231,1-Sep-24,75
D2CWEB,PRD:WCB:WCB-WEST COAST B2B INV ORG,PAC00-14231,1-Oct-24,64
D2CWEB,PRD:WCB:WCB-WEST COAST B2B INV ORG,PAC00-14231,1-Nov-24,104
D2CWEB,PRD:WCB:WCB-WEST COAST B2B INV ORG,PAC00-14231,1-Dec-24,97
D2CWEB,PRD:WCB:WCB-WEST COAST B2B INV ORG,PAC00-14231,1-Jan-25,81
D2CWEB,PRD:WCB:WCB-WEST COAST B2B INV ORG,PAC00-14231,1-Feb-25,71
D2CWEB,PRD:WCB:WCB-WEST COAST B2B INV ORG,PAC00-14231,1-Mar-25,82
D2CWEB,PRD:WCB:WCB-WEST COAST B2B INV ORG,PAC00-14231,1-Apr-25,80
D2CWEB,PRD:WCB:WCB-WEST COAST B2B INV ORG,PAC00-14231,1-May-25,71
D2CWEB,PRD:WCB:WCB-WEST COAST B2B INV ORG,PAC00-14231,1-Jun-25,74
D2CWEB,PRD:WCB:WCB-WEST COAST B2B INV ORG,PAC00-14231,1-Jul-25,72
D2CWEB,PRD:WCB:WCB-WEST COAST B2B INV ORG,PAC00-14231,1-Aug-25,94
D2CWEB,PRD:WCB:WCB-WEST COAST B2B INV ORG,PAC00-14231,1-Sep-25,87
D2CWEB,PRD:WCB:WCB-WEST COAST B2B INV ORG,PAC00-14231,1-Oct-25,75
D2CWEB,PRD:WCB:WCB-WEST COAST B2B INV ORG,PAC00-14231,1-Nov-25,73
D2CWEB,PRD:WCB:WCB-WEST COAST B2B INV ORG,PAC00-14231,1-Dec-25,93
D2CWEB,PRD:WCB:WCB-WEST COAST B2B INV ORG,PAC00-14231,1-Jan-26,82
D2CWEB,PRD:WCB:WCB-WEST COAST B2B INV ORG,PAC00-14231,1-Feb-26,62
D2CWEB,PRD:WCB:WCB-WEST COAST B2B INV ORG,PAC00-14231,1-Mar-26,80
D2CWEB,PRD:WCB:WCB-WEST COAST B2B INV ORG,PAC00-14231,1-Apr-26,78
DAKOTA KENNELS AND TRAINING,PRD:IND:IND-GEODIS WHSE IND US,PAC00-14231,1-May-23,
DAKOTA KENNELS AND TRAINING,PRD:IND:IND-GEODIS WHSE IND US,PAC00-14231,1-Jun-23,
DAKOTA KENNELS AND TRAINING,PRD:IND:IND-GEODIS WHSE IND US,PAC00-14231,1-Jul-23,
DAKOTA KENNELS AND TRAINING,PRD:IND:IND-GEODIS WHSE IND US,PAC00-14231,1-Aug-23,
DAKOTA KENNELS AND TRAINING,PRD:IND:IND-GEODIS WHSE IND US,PAC00-14231,1-Sep-23,
DAKOTA KENNELS AND TRAINING,PRD:IND:IND-GEODIS WHSE IND US,PAC00-14231,1-Oct-23,
DAKOTA KENNELS AND TRAINING,PRD:IND:IND-GEODIS WHSE IND US,PAC00-14231,1-Nov-23,
DAKOTA KENNELS AND TRAINING,PRD:IND:IND-GEODIS WHSE IND US,PAC00-14231,1-Dec-23,2
DAKOTA KENNELS AND TRAINING,PRD:IND:IND-GEODIS WHSE IND US,PAC00-14231,1-Jan-24,
DAKOTA KENNELS AND TRAINING,PRD:IND:IND-GEODIS WHSE IND US,PAC00-14231,1-Feb-24,
DAKOTA KENNELS AND TRAINING,PRD:IND:IND-GEODIS WHSE IND US,PAC00-14231,1-Mar-24,
DAKOTA KENNELS AND TRAINING,PRD:IND:IND-GEODIS WHSE IND US,PAC00-14231,1-Apr-24,
DAKOTA KENNELS AND TRAINING,PRD:IND:IND-GEODIS WHSE IND US,PAC00-14231,1-May-24,
DAKOTA KENNELS AND TRAINING,PRD:IND:IND-GEODIS WHSE IND US,PAC00-14231,1-Jun-24,
DAKOTA KENNELS AND TRAINING,PRD:IND:IND-GEODIS WHSE IND US,PAC00-14231,1-Jul-24,
DAKOTA KENNELS AND TRAINING,PRD:IND:IND-GEODIS WHSE IND US,PAC00-14231,1-Aug-24,
DAKOTA KENNELS AND TRAINING,PRD:IND:IND-GEODIS WHSE IND US,PAC00-14231,1-Sep-24,
DAKOTA KENNELS AND TRAINING,PRD:IND:IND-GEODIS WHSE IND US,PAC00-14231,1-Oct-24,
DAKOTA KENNELS AND TRAINING,PRD:IND:IND-GEODIS WHSE IND US,PAC00-14231,1-Nov-24,
DAKOTA KENNELS AND TRAINING,PRD:IND:IND-GEODIS WHSE IND US,PAC00-14231,1-Dec-24,
DAKOTA KENNELS AND TRAINING,PRD:IND:IND-GEODIS WHSE IND US,PAC00-14231,1-Jan-25,
DAKOTA KENNELS AND TRAINING,PRD:IND:IND-GEODIS WHSE IND US,PAC00-14231,1-Feb-25,
DAKOTA KENNELS AND TRAINING,PRD:IND:IND-GEODIS WHSE IND US,PAC00-14231,1-Mar-25,
DAKOTA KENNELS AND TRAINING,PRD:IND:IND-GEODIS WHSE IND US,PAC00-14231,1-Apr-25,
DAKOTA KENNELS AND TRAINING,PRD:IND:IND-GEODIS WHSE IND US,PAC00-14231,1-May-25,
DAKOTA KENNELS AND TRAINING,PRD:IND:IND-GEODIS WHSE IND US,PAC00-14231,1-Jun-25,
DAKOTA KENNELS AND TRAINING,PRD:IND:IND-GEODIS WHSE IND US,PAC00-14231,1-Jul-25,
DAKOTA KENNELS AND TRAINING,PRD:IND:IND-GEODIS WHSE IND US,PAC00-14231,1-Aug-25,
DAKOTA KENNELS AND TRAINING,PRD:IND:IND-GEODIS WHSE IND US,PAC00-14231,1-Sep-25,
DAKOTA KENNELS AND TRAINING,PRD:IND:IND-GEODIS WHSE IND US,PAC00-14231,1-Oct-25,
DAKOTA KENNELS AND TRAINING,PRD:IND:IND-GEODIS WHSE IND US,PAC00-14231,1-Nov-25,
DAKOTA KENNELS AND TRAINING,PRD:IND:IND-GEODIS WHSE IND US,PAC00-14231,1-Dec-25,
DAKOTA KENNELS AND TRAINING,PRD:IND:IND-GEODIS WHSE IND US,PAC00-14231,1-Jan-26,
DAKOTA KENNELS AND TRAINING,PRD:IND:IND-GEODIS WHSE IND US,PAC00-14231,1-Feb-26,
DAKOTA KENNELS AND TRAINING,PRD:IND:IND-GEODIS WHSE IND US,PAC00-14231,1-Mar-26,
DAKOTA KENNELS AND TRAINING,PRD:IND:IND-GEODIS WHSE IND US,PAC00-14231,1-Apr-26,
DERKS PET & RURAL,PRD:AU1:AU1-AUSTRALIA B2B B2C INV ORG,PAC00-14231,1-May-23,
DERKS PET & RURAL,PRD:AU1:AU1-AUSTRALIA B2B B2C INV ORG,PAC00-14231,1-Jun-23,
DERKS PET & RURAL,PRD:AU1:AU1-AUSTRALIA B2B B2C INV ORG,PAC00-14231,1-Jul-23,
DERKS PET & RURAL,PRD:AU1:AU1-AUSTRALIA B2B B2C INV ORG,PAC00-14231,1-Aug-23,
DERKS PET & RURAL,PRD:AU1:AU1-AUSTRALIA B2B B2C INV ORG,PAC00-14231,1-Sep-23,
DERKS PET & RURAL,PRD:AU1:AU1-AUSTRALIA B2B B2C INV ORG,PAC00-14231,1-Oct-23,
DERKS PET & RURAL,PRD:AU1:AU1-AUSTRALIA B2B B2C INV ORG,PAC00-14231,1-Nov-23,
DERKS PET & RURAL,PRD:AU1:AU1-AUSTRALIA B2B B2C INV ORG,PAC00-14231,1-Dec-23,
DERKS PET & RURAL,PRD:AU1:AU1-AUSTRALIA B2B B2C INV ORG,PAC00-14231,1-Jan-24,
DERKS PET & RURAL,PRD:AU1:AU1-AUSTRALIA B2B B2C INV ORG,PAC00-14231,1-Feb-24,
DERKS PET & RURAL,PRD:AU1:AU1-AUSTRALIA B2B B2C INV ORG,PAC00-14231,1-Mar-24,
DERKS PET & RURAL,PRD:AU1:AU1-AUSTRALIA B2B B2C INV ORG,PAC00-14231,1-Apr-24,
DERKS PET & RURAL,PRD:AU1:AU1-AUSTRALIA B2B B2C INV ORG,PAC00-14231,1-May-24,
DERKS PET & RURAL,PRD:AU1:AU1-AUSTRALIA B2B B2C INV ORG,PAC00-14231,1-Jun-24,
DERKS PET & RURAL,PRD:AU1:AU1-AUSTRALIA B2B B2C INV ORG,PAC00-14231,1-Jul-24,
DERKS PET & RURAL,PRD:AU1:AU1-AUSTRALIA B2B B2C INV ORG,PAC00-14231,1-Aug-24,
DERKS PET & RURAL,PRD:AU1:AU1-AUSTRALIA B2B B2C INV ORG,PAC00-14231,1-Sep-24,
DERKS PET & RURAL,PRD:AU1:AU1-AUSTRALIA B2B B2C INV ORG,PAC00-14231,1-Oct-24,
DERKS PET & RURAL,PRD:AU1:AU1-AUSTRALIA B2B B2C INV ORG,PAC00-14231,1-Nov-24,
DERKS PET & RURAL,PRD:AU1:AU1-AUSTRALIA B2B B2C INV ORG,PAC00-14231,1-Dec-24,
DERKS PET & RURAL,PRD:AU1:AU1-AUSTRALIA B2B B2C INV ORG,PAC00-14231,1-Jan-25,
DERKS PET & RURAL,PRD:AU1:AU1-AUSTRALIA B2B B2C INV ORG,PAC00-14231,1-Feb-25,6
DERKS PET & RURAL,PRD:AU1:AU1-AUSTRALIA B2B B2C INV ORG,PAC00-14231,1-Mar-25,
DERKS PET & RURAL,PRD:AU1:AU1-AUSTRALIA B2B B2C INV ORG,PAC00-14231,1-Apr-25,
DERKS PET & RURAL,PRD:AU1:AU1-AUSTRALIA B2B B2C INV ORG,PAC00-14231,1-May-25,
DERKS PET & RURAL,PRD:AU1:AU1-AUSTRALIA B2B B2C INV ORG,PAC00-14231,1-Jun-25,
DERKS PET & RURAL,PRD:AU1:AU1-AUSTRALIA B2B B2C INV ORG,PAC00-14231,1-Jul-25,
DERKS PET & RURAL,PRD:AU1:AU1-AUSTRALIA B2B B2C INV ORG,PAC00-14231,1-Aug-25,
DERKS PET & RURAL,PRD:AU1:AU1-AUSTRALIA B2B B2C INV ORG,PAC00-14231,1-Sep-25,
DERKS PET & RURAL,PRD:AU1:AU1-AUSTRALIA B2B B2C INV ORG,PAC00-14231,1-Oct-25,
DERKS PET & RURAL,PRD:AU1:AU1-AUSTRALIA B2B B2C INV ORG,PAC00-14231,1-Nov-25,
DERKS PET & RURAL,PRD:AU1:AU1-AUSTRALIA B2B B2C INV ORG,PAC00-14231,1-Dec-25,
DERKS PET & RURAL,PRD:AU1:AU1-AUSTRALIA B2B B2C INV ORG,PAC00-14231,1-Jan-26,
DERKS PET & RURAL,PRD:AU1:AU1-AUSTRALIA B2B B2C INV ORG,PAC00-14231,1-Feb-26,
DERKS PET & RURAL,PRD:AU1:AU1-AUSTRALIA B2B B2C INV ORG,PAC00-14231,1-Mar-26,
DERKS PET & RURAL,PRD:AU1:AU1-AUSTRALIA B2B B2C INV ORG,PAC00-14231,1-Apr-26,
EIGHTEN DOTT CORP,PRD:IND:IND-GEODIS WHSE IND US,PAC00-14231,1-May-23,
EIGHTEN DOTT CORP,PRD:IND:IND-GEODIS WHSE IND US,PAC00-14231,1-Jun-23,
EIGHTEN DOTT CORP,PRD:IND:IND-GEODIS WHSE IND US,PAC00-14231,1-Jul-23,
EIGHTEN DOTT CORP,PRD:IND:IND-GEODIS WHSE IND US,PAC00-14231,1-Aug-23,
EIGHTEN DOTT CORP,PRD:IND:IND-GEODIS WHSE IND US,PAC00-14231,1-Sep-23,
EIGHTEN DOTT CORP,PRD:IND:IND-GEODIS WHSE IND US,PAC00-14231,1-Oct-23,
EIGHTEN DOTT CORP,PRD:IND:IND-GEODIS WHSE IND US,PAC00-14231,1-Nov-23,
EIGHTEN DOTT CORP,PRD:IND:IND-GEODIS WHSE IND US,PAC00-14231,1-Dec-23,
EIGHTEN DOTT CORP,PRD:IND:IND-GEODIS WHSE IND US,PAC00-14231,1-Jan-24,
EIGHTEN DOTT CORP,PRD:IND:IND-GEODIS WHSE IND US,PAC00-14231,1-Feb-24,
EIGHTEN DOTT CORP,PRD:IND:IND-GEODIS WHSE IND US,PAC00-14231,1-Mar-24,
EIGHTEN DOTT CORP,PRD:IND:IND-GEODIS WHSE IND US,PAC00-14231,1-Apr-24,
EIGHTEN DOTT CORP,PRD:IND:IND-GEODIS WHSE IND US,PAC00-14231,1-May-24,
EIGHTEN DOTT CORP,PRD:IND:IND-GEODIS WHSE IND US,PAC00-14231,1-Jun-24,
EIGHTEN DOTT CORP,PRD:IND:IND-GEODIS WHSE IND US,PAC00-14231,1-Jul-24,
EIGHTEN DOTT CORP,PRD:IND:IND-GEODIS WHSE IND US,PAC00-14231,1-Aug-24,
EIGHTEN DOTT CORP,PRD:IND:IND-GEODIS WHSE IND US,PAC00-14231,1-Sep-24,
EIGHTEN DOTT CORP,PRD:IND:IND-GEODIS WHSE IND US,PAC00-14231,1-Oct-24,30
EIGHTEN DOTT CORP,PRD:IND:IND-GEODIS WHSE IND US,PAC00-14231,1-Nov-24,
EIGHTEN DOTT CORP,PRD:IND:IND-GEODIS WHSE IND US,PAC00-14231,1-Dec-24,
EIGHTEN DOTT CORP,PRD:IND:IND-GEODIS WHSE IND US,PAC00-14231,1-Jan-25,
EIGHTEN DOTT CORP,PRD:IND:IND-GEODIS WHSE IND US,PAC00-14231,1-Feb-25,
EIGHTEN DOTT CORP,PRD:IND:IND-GEODIS WHSE IND US,PAC00-14231,1-Mar-25,
EIGHTEN DOTT CORP,PRD:IND:IND-GEODIS WHSE IND US,PAC00-14231,1-Apr-25,
EIGHTEN DOTT CORP,PRD:IND:IND-GEODIS WHSE IND US,PAC00-14231,1-May-25,
EIGHTEN DOTT CORP,PRD:IND:IND-GEODIS WHSE IND US,PAC00-14231,1-Jun-25,
EIGHTEN DOTT CORP,PRD:IND:IND-GEODIS WHSE IND US,PAC00-14231,1-Jul-25,
EIGHTEN DOTT CORP,PRD:IND:IND-GEODIS WHSE IND US,PAC00-14231,1-Aug-25,
EIGHTEN DOTT CORP,PRD:IND:IND-GEODIS WHSE IND US,PAC00-14231,1-Sep-25,
EIGHTEN DOTT CORP,PRD:IND:IND-GEODIS WHSE IND US,PAC00-14231,1-Oct-25,
EIGHTEN DOTT CORP,PRD:IND:IND-GEODIS WHSE IND US,PAC00-14231,1-Nov-25,
EIGHTEN DOTT CORP,PRD:IND:IND-GEODIS WHSE IND US,PAC00-14231,1-Dec-25,
EIGHTEN DOTT CORP,PRD:IND:IND-GEODIS WHSE IND US,PAC00-14231,1-Jan-26,
EIGHTEN DOTT CORP,PRD:IND:IND-GEODIS WHSE IND US,PAC00-14231,1-Feb-26,
EIGHTEN DOTT CORP,PRD:IND:IND-GEODIS WHSE IND US,PAC00-14231,1-Mar-26,
EIGHTEN DOTT CORP,PRD:IND:IND-GEODIS WHSE IND US,PAC00-14231,1-Apr-26,
EM DODGERS PET SUPPLY,PRD:IND:IND-GEODIS WHSE IND US,PAC00-14231,1-May-23,
EM DODGERS PET SUPPLY,PRD:IND:IND-GEODIS WHSE IND US,PAC00-14231,1-Jun-23,
EM DODGERS PET SUPPLY,PRD:IND:IND-GEODIS WHSE IND US,PAC00-14231,1-Jul-23,
EM DODGERS PET SUPPLY,PRD:IND:IND-GEODIS WHSE IND US,PAC00-14231,1-Aug-23,
EM DODGERS PET SUPPLY,PRD:IND:IND-GEODIS WHSE IND US,PAC00-14231,1-Sep-23,
EM DODGERS PET SUPPLY,PRD:IND:IND-GEODIS WHSE IND US,PAC00-14231,1-Oct-23,
EM DODGERS PET SUPPLY,PRD:IND:IND-GEODIS WHSE IND US,PAC00-14231,1-Nov-23,2
EM DODGERS PET SUPPLY,PRD:IND:IND-GEODIS WHSE IND US,PAC00-14231,1-Dec-23,
EM DODGERS PET SUPPLY,PRD:IND:IND-GEODIS WHSE IND US,PAC00-14231,1-Jan-24,
EM DODGERS PET SUPPLY,PRD:IND:IND-GEODIS WHSE IND US,PAC00-14231,1-Feb-24,
EM DODGERS PET SUPPLY,PRD:IND:IND-GEODIS WHSE IND US,PAC00-14231,1-Mar-24,
EM DODGERS PET SUPPLY,PRD:IND:IND-GEODIS WHSE IND US,PAC00-14231,1-Apr-24,
EM DODGERS PET SUPPLY,PRD:IND:IND-GEODIS WHSE IND US,PAC00-14231,1-May-24,
EM DODGERS PET SUPPLY,PRD:IND:IND-GEODIS WHSE IND US,PAC00-14231,1-Jun-24,
EM DODGERS PET SUPPLY,PRD:IND:IND-GEODIS WHSE IND US,PAC00-14231,1-Jul-24,
EM DODGERS PET SUPPLY,PRD:IND:IND-GEODIS WHSE IND US,PAC00-14231,1-Aug-24,
EM DODGERS PET SUPPLY,PRD:IND:IND-GEODIS WHSE IND US,PAC00-14231,1-Sep-24,
EM DODGERS PET SUPPLY,PRD:IND:IND-GEODIS WHSE IND US,PAC00-14231,1-Oct-24,
EM DODGERS PET SUPPLY,PRD:IND:IND-GEODIS WHSE IND US,PAC00-14231,1-Nov-24,
EM DODGERS PET SUPPLY,PRD:IND:IND-GEODIS WHSE IND US,PAC00-14231,1-Dec-24,
EM DODGERS PET SUPPLY,PRD:IND:IND-GEODIS WHSE IND US,PAC00-14231,1-Jan-25,
EM DODGERS PET SUPPLY,PRD:IND:IND-GEODIS WHSE IND US,PAC00-14231,1-Feb-25,
EM DODGERS PET SUPPLY,PRD:IND:IND-GEODIS WHSE IND US,PAC00-14231,1-Mar-25,
EM DODGERS PET SUPPLY,PRD:IND:IND-GEODIS WHSE IND US,PAC00-14231,1-Apr-25,
EM DODGERS PET SUPPLY,PRD:IND:IND-GEODIS WHSE IND US,PAC00-14231,1-May-25,
EM DODGERS PET SUPPLY,PRD:IND:IND-GEODIS WHSE IND US,PAC00-14231,1-Jun-25,
EM DODGERS PET SUPPLY,PRD:IND:IND-GEODIS WHSE IND US,PAC00-14231,1-Jul-25,
EM DODGERS PET SUPPLY,PRD:IND:IND-GEODIS WHSE IND US,PAC00-14231,1-Aug-25,
EM DODGERS PET SUPPLY,PRD:IND:IND-GEODIS WHSE IND US,PAC00-14231,1-Sep-25,
EM DODGERS PET SUPPLY,PRD:IND:IND-GEODIS WHSE IND US,PAC00-14231,1-Oct-25,
EM DODGERS PET SUPPLY,PRD:IND:IND-GEODIS WHSE IND US,PAC00-14231,1-Nov-25,
EM DODGERS PET SUPPLY,PRD:IND:IND-GEODIS WHSE IND US,PAC00-14231,1-Dec-25,
EM DODGERS PET SUPPLY,PRD:IND:IND-GEODIS WHSE IND US,PAC00-14231,1-Jan-26,
EM DODGERS PET SUPPLY,PRD:IND:IND-GEODIS WHSE IND US,PAC00-14231,1-Feb-26,
EM DODGERS PET SUPPLY,PRD:IND:IND-GEODIS WHSE IND US,PAC00-14231,1-Mar-26,
EM DODGERS PET SUPPLY,PRD:IND:IND-GEODIS WHSE IND US,PAC00-14231,1-Apr-26,
FAITHWAY ALLIANCE,PRD:IND:IND-GEODIS WHSE IND US,PAC00-14231,1-May-23,12
FAITHWAY ALLIANCE,PRD:IND:IND-GEODIS WHSE IND US,PAC00-14231,1-Jun-23,
FAITHWAY ALLIANCE,PRD:IND:IND-GEODIS WHSE IND US,PAC00-14231,1-Jul-23,
FAITHWAY ALLIANCE,PRD:IND:IND-GEODIS WHSE IND US,PAC00-14231,1-Aug-23,8
FAITHWAY ALLIANCE,PRD:IND:IND-GEODIS WHSE IND US,PAC00-14231,1-Sep-23,
FAITHWAY ALLIANCE,PRD:IND:IND-GEODIS WHSE IND US,PAC00-14231,1-Oct-23,2
FAITHWAY ALLIANCE,PRD:IND:IND-GEODIS WHSE IND US,PAC00-14231,1-Nov-23,12
FAITHWAY ALLIANCE,PRD:IND:IND-GEODIS WHSE IND US,PAC00-14231,1-Dec-23,
FAITHWAY ALLIANCE,PRD:IND:IND-GEODIS WHSE IND US,PAC00-14231,1-Jan-24,
FAITHWAY ALLIANCE,PRD:IND:IND-GEODIS WHSE IND US,PAC00-14231,1-Feb-24,
FAITHWAY ALLIANCE,PRD:IND:IND-GEODIS WHSE IND US,PAC00-14231,1-Mar-24,
FAITHWAY ALLIANCE,PRD:IND:IND-GEODIS WHSE IND US,PAC00-14231,1-Apr-24,4
FAITHWAY ALLIANCE,PRD:IND:IND-GEODIS WHSE IND US,PAC00-14231,1-May-24,
FAITHWAY ALLIANCE,PRD:IND:IND-GEODIS WHSE IND US,PAC00-14231,1-Jun-24,6
FAITHWAY ALLIANCE,PRD:IND:IND-GEODIS WHSE IND US,PAC00-14231,1-Jul-24,
FAITHWAY ALLIANCE,PRD:IND:IND-GEODIS WHSE IND US,PAC00-14231,1-Aug-24,
FAITHWAY ALLIANCE,PRD:IND:IND-GEODIS WHSE IND US,PAC00-14231,1-Sep-24,
FAITHWAY ALLIANCE,PRD:IND:IND-GEODIS WHSE IND US,PAC00-14231,1-Oct-24,15
FAITHWAY ALLIANCE,PRD:IND:IND-GEODIS WHSE IND US,PAC00-14231,1-Nov-24,
FAITHWAY ALLIANCE,PRD:IND:IND-GEODIS WHSE IND US,PAC00-14231,1-Dec-24,
FAITHWAY ALLIANCE,PRD:IND:IND-GEODIS WHSE IND US,PAC00-14231,1-Jan-25,
FAITHWAY ALLIANCE,PRD:IND:IND-GEODIS WHSE IND US,PAC00-14231,1-Feb-25,10
FAITHWAY ALLIANCE,PRD:IND:IND-GEODIS WHSE IND US,PAC00-14231,1-Mar-25,
FAITHWAY ALLIANCE,PRD:IND:IND-GEODIS WHSE IND US,PAC00-14231,1-Apr-25,10
FAITHWAY ALLIANCE,PRD:IND:IND-GEODIS WHSE IND US,PAC00-14231,1-May-25,
FAITHWAY ALLIANCE,PRD:IND:IND-GEODIS WHSE IND US,PAC00-14231,1-Jun-25,
FAITHWAY ALLIANCE,PRD:IND:IND-GEODIS WHSE IND US,PAC00-14231,1-Jul-25,
FAITHWAY ALLIANCE,PRD:IND:IND-GEODIS WHSE IND US,PAC00-14231,1-Aug-25,
FAITHWAY ALLIANCE,PRD:IND:IND-GEODIS WHSE IND US,PAC00-14231,1-Sep-25,
FAITHWAY ALLIANCE,PRD:IND:IND-GEODIS WHSE IND US,PAC00-14231,1-Oct-25,
FAITHWAY ALLIANCE,PRD:IND:IND-GEODIS WHSE IND US,PAC00-14231,1-Nov-25,
FAITHWAY ALLIANCE,PRD:IND:IND-GEODIS WHSE IND US,PAC00-14231,1-Dec-25,
FAITHWAY ALLIANCE,PRD:IND:IND-GEODIS WHSE IND US,PAC00-14231,1-Jan-26,
FAITHWAY ALLIANCE,PRD:IND:IND-GEODIS WHSE IND US,PAC00-14231,1-Feb-26,
FAITHWAY ALLIANCE,PRD:IND:IND-GEODIS WHSE IND US,PAC00-14231,1-Mar-26,
FAITHWAY ALLIANCE,PRD:IND:IND-GEODIS WHSE IND US,PAC00-14231,1-Apr-26,
FARMER'S FEED AND PET SUPPLY CO,PRD:IND:IND-GEODIS WHSE IND US,PAC00-14231,1-May-23,4
FARMER'S FEED AND PET SUPPLY CO,PRD:IND:IND-GEODIS WHSE IND US,PAC00-14231,1-Jun-23,
FARMER'S FEED AND PET SUPPLY CO,PRD:IND:IND-GEODIS WHSE IND US,PAC00-14231,1-Jul-23,3
FARMER'S FEED AND PET SUPPLY CO,PRD:IND:IND-GEODIS WHSE IND US,PAC00-14231,1-Aug-23,
FARMER'S FEED AND PET SUPPLY CO,PRD:IND:IND-GEODIS WHSE IND US,PAC00-14231,1-Sep-23,3
FARMER'S FEED AND PET SUPPLY CO,PRD:IND:IND-GEODIS WHSE IND US,PAC00-14231,1-Oct-23,
FARMER'S FEED AND PET SUPPLY CO,PRD:IND:IND-GEODIS WHSE IND US,PAC00-14231,1-Nov-23,
FARMER'S FEED AND PET SUPPLY CO,PRD:IND:IND-GEODIS WHSE IND US,PAC00-14231,1-Dec-23,
FARMER'S FEED AND PET SUPPLY CO,PRD:IND:IND-GEODIS WHSE IND US,PAC00-14231,1-Jan-24,5
FARMER'S FEED AND PET SUPPLY CO,PRD:IND:IND-GEODIS WHSE IND US,PAC00-14231,1-Feb-24,4
FARMER'S FEED AND PET SUPPLY CO,PRD:IND:IND-GEODIS WHSE IND US,PAC00-14231,1-Mar-24,4
FARMER'S FEED AND PET SUPPLY CO,PRD:IND:IND-GEODIS WHSE IND US,PAC00-14231,1-Apr-24,3
FARMER'S FEED AND PET SUPPLY CO,PRD:IND:IND-GEODIS WHSE IND US,PAC00-14231,1-May-24,
FARMER'S FEED AND PET SUPPLY CO,PRD:IND:IND-GEODIS WHSE IND US,PAC00-14231,1-Jun-24,5
FARMER'S FEED AND PET SUPPLY CO,PRD:IND:IND-GEODIS WHSE IND US,PAC00-14231,1-Jul-24,6
FARMER'S FEED AND PET SUPPLY CO,PRD:IND:IND-GEODIS WHSE IND US,PAC00-14231,1-Aug-24,
FARMER'S FEED AND PET SUPPLY CO,PRD:IND:IND-GEODIS WHSE IND US,PAC00-14231,1-Sep-24,
FARMER'S FEED AND PET SUPPLY CO,PRD:IND:IND-GEODIS WHSE IND US,PAC00-14231,1-Oct-24,
FARMER'S FEED AND PET SUPPLY CO,PRD:IND:IND-GEODIS WHSE IND US,PAC00-14231,1-Nov-24,
FARMER'S FEED AND PET SUPPLY CO,PRD:IND:IND-GEODIS WHSE IND US,PAC00-14231,1-Dec-24,2
FARMER'S FEED AND PET SUPPLY CO,PRD:IND:IND-GEODIS WHSE IND US,PAC00-14231,1-Jan-25,5
FARMER'S FEED AND PET SUPPLY CO,PRD:IND:IND-GEODIS WHSE IND US,PAC00-14231,1-Feb-25,
FARMER'S FEED AND PET SUPPLY CO,PRD:IND:IND-GEODIS WHSE IND US,PAC00-14231,1-Mar-25,
FARMER'S FEED AND PET SUPPLY CO,PRD:IND:IND-GEODIS WHSE IND US,PAC00-14231,1-Apr-25,5
FARMER'S FEED AND PET SUPPLY CO,PRD:IND:IND-GEODIS WHSE IND US,PAC00-14231,1-May-25,
FARMER'S FEED AND PET SUPPLY CO,PRD:IND:IND-GEODIS WHSE IND US,PAC00-14231,1-Jun-25,
FARMER'S FEED AND PET SUPPLY CO,PRD:IND:IND-GEODIS WHSE IND US,PAC00-14231,1-Jul-25,3
FARMER'S FEED AND PET SUPPLY CO,PRD:IND:IND-GEODIS WHSE IND US,PAC00-14231,1-Aug-25,
FARMER'S FEED AND PET SUPPLY CO,PRD:IND:IND-GEODIS WHSE IND US,PAC00-14231,1-Sep-25,
FARMER'S FEED AND PET SUPPLY CO,PRD:IND:IND-GEODIS WHSE IND US,PAC00-14231,1-Oct-25,
FARMER'S FEED AND PET SUPPLY CO,PRD:IND:IND-GEODIS WHSE IND US,PAC00-14231,1-Nov-25,
FARMER'S FEED AND PET SUPPLY CO,PRD:IND:IND-GEODIS WHSE IND US,PAC00-14231,1-Dec-25,2
FARMER'S FEED AND PET SUPPLY CO,PRD:IND:IND-GEODIS WHSE IND US,PAC00-14231,1-Jan-26,
FARMER'S FEED AND PET SUPPLY CO,PRD:IND:IND-GEODIS WHSE IND US,PAC00-14231,1-Feb-26,4
FARMER'S FEED AND PET SUPPLY CO,PRD:IND:IND-GEODIS WHSE IND US,PAC00-14231,1-Mar-26,
FARMER'S FEED AND PET SUPPLY CO,PRD:IND:IND-GEODIS WHSE IND US,PAC00-14231,1-Apr-26,4
FARMER'S FEED AND PET SUPPLY CO,PRD:IND:IND-GEODIS WHSE IND US,PBC-1000,1-May-23,
FARMER'S FEED AND PET SUPPLY CO,PRD:IND:IND-GEODIS WHSE IND US,PBC-1000,1-Jun-23,
FARMER'S FEED AND PET SUPPLY CO,PRD:IND:IND-GEODIS WHSE IND US,PBC-1000,1-Jul-23,
FARMER'S FEED AND PET SUPPLY CO,PRD:IND:IND-GEODIS WHSE IND US,PBC-1000,1-Aug-23,
FARMER'S FEED AND PET SUPPLY CO,PRD:IND:IND-GEODIS WHSE IND US,PBC-1000,1-Sep-23,1
FARMER'S FEED AND PET SUPPLY CO,PRD:IND:IND-GEODIS WHSE IND US,PBC-1000,1-Oct-23,
FARMER'S FEED AND PET SUPPLY CO,PRD:IND:IND-GEODIS WHSE IND US,PBC-1000,1-Nov-23,
FARMER'S FEED AND PET SUPPLY CO,PRD:IND:IND-GEODIS WHSE IND US,PBC-1000,1-Dec-23,
FARMER'S FEED AND PET SUPPLY CO,PRD:IND:IND-GEODIS WHSE IND US,PBC-1000,1-Jan-24,
FARMER'S FEED AND PET SUPPLY CO,PRD:IND:IND-GEODIS WHSE IND US,PBC-1000,1-Feb-24,
FARMER'S FEED AND PET SUPPLY CO,PRD:IND:IND-GEODIS WHSE IND US,PBC-1000,1-Mar-24,
FARMER'S FEED AND PET SUPPLY CO,PRD:IND:IND-GEODIS WHSE IND US,PBC-1000,1-Apr-24,
FARMER'S FEED AND PET SUPPLY CO,PRD:IND:IND-GEODIS WHSE IND US,PBC-1000,1-May-24,
FARMER'S FEED AND PET SUPPLY CO,PRD:IND:IND-GEODIS WHSE IND US,PBC-1000,1-Jun-24,
FARMER'S FEED AND PET SUPPLY CO,PRD:IND:IND-GEODIS WHSE IND US,PBC-1000,1-Jul-24,
FARMER'S FEED AND PET SUPPLY CO,PRD:IND:IND-GEODIS WHSE IND US,PBC-1000,1-Aug-24,
FARMER'S FEED AND PET SUPPLY CO,PRD:IND:IND-GEODIS WHSE IND US,PBC-1000,1-Sep-24,
FARMER'S FEED AND PET SUPPLY CO,PRD:IND:IND-GEODIS WHSE IND US,PBC-1000,1-Oct-24,
FARMER'S FEED AND PET SUPPLY CO,PRD:IND:IND-GEODIS WHSE IND US,PBC-1000,1-Nov-24,
FARMER'S FEED AND PET SUPPLY CO,PRD:IND:IND-GEODIS WHSE IND US,PBC-1000,1-Dec-24,
FARMER'S FEED AND PET SUPPLY CO,PRD:IND:IND-GEODIS WHSE IND US,PBC-1000,1-Jan-25,
FARMER'S FEED AND PET SUPPLY CO,PRD:IND:IND-GEODIS WHSE IND US,PBC-1000,1-Feb-25,
FARMER'S FEED AND PET SUPPLY CO,PRD:IND:IND-GEODIS WHSE IND US,PBC-1000,1-Mar-25,
FARMER'S FEED AND PET SUPPLY CO,PRD:IND:IND-GEODIS WHSE IND US,PBC-1000,1-Apr-25,
FARMER'S FEED AND PET SUPPLY CO,PRD:IND:IND-GEODIS WHSE IND US,PBC-1000,1-May-25,
FARMER'S FEED AND PET SUPPLY CO,PRD:IND:IND-GEODIS WHSE IND US,PBC-1000,1-Jun-25,
FARMER'S FEED AND PET SUPPLY CO,PRD:IND:IND-GEODIS WHSE IND US,PBC-1000,1-Jul-25,
FARMER'S FEED AND PET SUPPLY CO,PRD:IND:IND-GEODIS WHSE IND US,PBC-1000,1-Aug-25,
FARMER'S FEED AND PET SUPPLY CO,PRD:IND:IND-GEODIS WHSE IND US,PBC-1000,1-Sep-25,
FARMER'S FEED AND PET SUPPLY CO,PRD:IND:IND-GEODIS WHSE IND US,PBC-1000,1-Oct-25,
FARMER'S FEED AND PET SUPPLY CO,PRD:IND:IND-GEODIS WHSE IND US,PBC-1000,1-Nov-25,
FARMER'S FEED AND PET SUPPLY CO,PRD:IND:IND-GEODIS WHSE IND US,PBC-1000,1-Dec-25,
FARMER'S FEED AND PET SUPPLY CO,PRD:IND:IND-GEODIS WHSE IND US,PBC-1000,1-Jan-26,
FARMER'S FEED AND PET SUPPLY CO,PRD:IND:IND-GEODIS WHSE IND US,PBC-1000,1-Feb-26,
FARMER'S FEED AND PET SUPPLY CO,PRD:IND:IND-GEODIS WHSE IND US,PBC-1000,1-Mar-26,
FARMER'S FEED AND PET SUPPLY CO,PRD:IND:IND-GEODIS WHSE IND US,PBC-1000,1-Apr-26,
FAUNA PANAMA S.A.,PRD:IND:IND-GEODIS WHSE IND US,PAC00-14231,1-May-23,
FAUNA PANAMA S.A.,PRD:IND:IND-GEODIS WHSE IND US,PAC00-14231,1-Jun-23,
FAUNA PANAMA S.A.,PRD:IND:IND-GEODIS WHSE IND US,PAC00-14231,1-Jul-23,
FAUNA PANAMA S.A.,PRD:IND:IND-GEODIS WHSE IND US,PAC00-14231,1-Aug-23,
FAUNA PANAMA S.A.,PRD:IND:IND-GEODIS WHSE IND US,PAC00-14231,1-Sep-23,
FAUNA PANAMA S.A.,PRD:IND:IND-GEODIS WHSE IND US,PAC00-14231,1-Oct-23,12
FAUNA PANAMA S.A.,PRD:IND:IND-GEODIS WHSE IND US,PAC00-14231,1-Nov-23,
FAUNA PANAMA S.A.,PRD:IND:IND-GEODIS WHSE IND US,PAC00-14231,1-Dec-23,
FAUNA PANAMA S.A.,PRD:IND:IND-GEODIS WHSE IND US,PAC00-14231,1-Jan-24,
FAUNA PANAMA S.A.,PRD:IND:IND-GEODIS WHSE IND US,PAC00-14231,1-Feb-24,
FAUNA PANAMA S.A.,PRD:IND:IND-GEODIS WHSE IND US,PAC00-14231,1-Mar-24,
FAUNA PANAMA S.A.,PRD:IND:IND-GEODIS WHSE IND US,PAC00-14231,1-Apr-24,
FAUNA PANAMA S.A.,PRD:IND:IND-GEODIS WHSE IND US,PAC00-14231,1-May-24,
FAUNA PANAMA S.A.,PRD:IND:IND-GEODIS WHSE IND US,PAC00-14231,1-Jun-24,
FAUNA PANAMA S.A.,PRD:IND:IND-GEODIS WHSE IND US,PAC00-14231,1-Jul-24,
FAUNA PANAMA S.A.,PRD:IND:IND-GEODIS WHSE IND US,PAC00-14231,1-Aug-24,
FAUNA PANAMA S.A.,PRD:IND:IND-GEODIS WHSE IND US,PAC00-14231,1-Sep-24,
FAUNA PANAMA S.A.,PRD:IND:IND-GEODIS WHSE IND US,PAC00-14231,1-Oct-24,
FAUNA PANAMA S.A.,PRD:IND:IND-GEODIS WHSE IND US,PAC00-14231,1-Nov-24,
FAUNA PANAMA S.A.,PRD:IND:IND-GEODIS WHSE IND US,PAC00-14231,1-Dec-24,
FAUNA PANAMA S.A.,PRD:IND:IND-GEODIS WHSE IND US,PAC00-14231,1-Jan-25,
FAUNA PANAMA S.A.,PRD:IND:IND-GEODIS WHSE IND US,PAC00-14231,1-Feb-25,
FAUNA PANAMA S.A.,PRD:IND:IND-GEODIS WHSE IND US,PAC00-14231,1-Mar-25,
FAUNA PANAMA S.A.,PRD:IND:IND-GEODIS WHSE IND US,PAC00-14231,1-Apr-25,
FAUNA PANAMA S.A.,PRD:IND:IND-GEODIS WHSE IND US,PAC00-14231,1-May-25,
FAUNA PANAMA S.A.,PRD:IND:IND-GEODIS WHSE IND US,PAC00-14231,1-Jun-25,
FAUNA PANAMA S.A.,PRD:IND:IND-GEODIS WHSE IND US,PAC00-14231,1-Jul-25,
FAUNA PANAMA S.A.,PRD:IND:IND-GEODIS WHSE IND US,PAC00-14231,1-Aug-25,
FAUNA PANAMA S.A.,PRD:IND:IND-GEODIS WHSE IND US,PAC00-14231,1-Sep-25,
FAUNA PANAMA S.A.,PRD:IND:IND-GEODIS WHSE IND US,PAC00-14231,1-Oct-25,
FAUNA PANAMA S.A.,PRD:IND:IND-GEODIS WHSE IND US,PAC00-14231,1-Nov-25,
FAUNA PANAMA S.A.,PRD:IND:IND-GEODIS WHSE IND US,PAC00-14231,1-Dec-25,
FAUNA PANAMA S.A.,PRD:IND:IND-GEODIS WHSE IND US,PAC00-14231,1-Jan-26,
FAUNA PANAMA S.A.,PRD:IND:IND-GEODIS WHSE IND US,PAC00-14231,1-Feb-26,
FAUNA PANAMA S.A.,PRD:IND:IND-GEODIS WHSE IND US,PAC00-14231,1-Mar-26,
FAUNA PANAMA S.A.,PRD:IND:IND-GEODIS WHSE IND US,PAC00-14231,1-Apr-26,
FD MILLER FEED,PRD:IND:IND-GEODIS WHSE IND US,PBC-1000,1-May-23,
FD MILLER FEED,PRD:IND:IND-GEODIS WHSE IND US,PBC-1000,1-Jun-23,
FD MILLER FEED,PRD:IND:IND-GEODIS WHSE IND US,PBC-1000,1-Jul-23,
FD MILLER FEED,PRD:IND:IND-GEODIS WHSE IND US,PBC-1000,1-Aug-23,
FD MILLER FEED,PRD:IND:IND-GEODIS WHSE IND US,PBC-1000,1-Sep-23,
FD MILLER FEED,PRD:IND:IND-GEODIS WHSE IND US,PBC-1000,1-Oct-23,
FD MILLER FEED,PRD:IND:IND-GEODIS WHSE IND US,PBC-1000,1-Nov-23,
FD MILLER FEED,PRD:IND:IND-GEODIS WHSE IND US,PBC-1000,1-Dec-23,
FD MILLER FEED,PRD:IND:IND-GEODIS WHSE IND US,PBC-1000,1-Jan-24,
FD MILLER FEED,PRD:IND:IND-GEODIS WHSE IND US,PBC-1000,1-Feb-24,
FD MILLER FEED,PRD:IND:IND-GEODIS WHSE IND US,PBC-1000,1-Mar-24,
FD MILLER FEED,PRD:IND:IND-GEODIS WHSE IND US,PBC-1000,1-Apr-24,
FD MILLER FEED,PRD:IND:IND-GEODIS WHSE IND US,PBC-1000,1-May-24,
FD MILLER FEED,PRD:IND:IND-GEODIS WHSE IND US,PBC-1000,1-Jun-24,
FD MILLER FEED,PRD:IND:IND-GEODIS WHSE IND US,PBC-1000,1-Jul-24,
FD MILLER FEED,PRD:IND:IND-GEODIS WHSE IND US,PBC-1000,1-Aug-24,
FD MILLER FEED,PRD:IND:IND-GEODIS WHSE IND US,PBC-1000,1-Sep-24,
FD MILLER FEED,PRD:IND:IND-GEODIS WHSE IND US,PBC-1000,1-Oct-24,
FD MILLER FEED,PRD:IND:IND-GEODIS WHSE IND US,PBC-1000,1-Nov-24,
FD MILLER FEED,PRD:IND:IND-GEODIS WHSE IND US,PBC-1000,1-Dec-24,
FD MILLER FEED,PRD:IND:IND-GEODIS WHSE IND US,PBC-1000,1-Jan-25,
FD MILLER FEED,PRD:IND:IND-GEODIS WHSE IND US,PBC-1000,1-Feb-25,
FD MILLER FEED,PRD:IND:IND-GEODIS WHSE IND US,PBC-1000,1-Mar-25,
FD MILLER FEED,PRD:IND:IND-GEODIS WHSE IND US,PBC-1000,1-Apr-25,
FD MILLER FEED,PRD:IND:IND-GEODIS WHSE IND US,PBC-1000,1-May-25,
FD MILLER FEED,PRD:IND:IND-GEODIS WHSE IND US,PBC-1000,1-Jun-25,
FD MILLER FEED,PRD:IND:IND-GEODIS WHSE IND US,PBC-1000,1-Jul-25,
FD MILLER FEED,PRD:IND:IND-GEODIS WHSE IND US,PBC-1000,1-Aug-25,
FD MILLER FEED,PRD:IND:IND-GEODIS WHSE IND US,PBC-1000,1-Sep-25,
FD MILLER FEED,PRD:IND:IND-GEODIS WHSE IND US,PBC-1000,1-Oct-25,
FD MILLER FEED,PRD:IND:IND-GEODIS WHSE IND US,PBC-1000,1-Nov-25,
FD MILLER FEED,PRD:IND:IND-GEODIS WHSE IND US,PBC-1000,1-Dec-25,
FD MILLER FEED,PRD:IND:IND-GEODIS WHSE IND US,PBC-1000,1-Jan-26,2
FD MILLER FEED,PRD:IND:IND-GEODIS WHSE IND US,PBC-1000,1-Feb-26,
FD MILLER FEED,PRD:IND:IND-GEODIS WHSE IND US,PBC-1000,1-Mar-26,
FD MILLER FEED,PRD:IND:IND-GEODIS WHSE IND US,PBC-1000,1-Apr-26,
FEEDERS SUPPLY CO,PRD:IND:IND-GEODIS WHSE IND US,PAC00-14231,1-May-23,147
FEEDERS SUPPLY CO,PRD:IND:IND-GEODIS WHSE IND US,PAC00-14231,1-Jun-23,78
FEEDERS SUPPLY CO,PRD:IND:IND-GEODIS WHSE IND US,PAC00-14231,1-Jul-23,96
FEEDERS SUPPLY CO,PRD:IND:IND-GEODIS WHSE IND US,PAC00-14231,1-Aug-23,60
FEEDERS SUPPLY CO,PRD:IND:IND-GEODIS WHSE IND US,PAC00-14231,1-Sep-23,24
FEEDERS SUPPLY CO,PRD:IND:IND-GEODIS WHSE IND US,PAC00-14231,1-Oct-23,120
FEEDERS SUPPLY CO,PRD:IND:IND-GEODIS WHSE IND US,PAC00-14231,1-Nov-23,
FEEDERS SUPPLY CO,PRD:IND:IND-GEODIS WHSE IND US,PAC00-14231,1-Dec-23,158
FEEDERS SUPPLY CO,PRD:IND:IND-GEODIS WHSE IND US,PAC00-14231,1-Jan-24,60
FEEDERS SUPPLY CO,PRD:IND:IND-GEODIS WHSE IND US,PAC00-14231,1-Feb-24,48
FEEDERS SUPPLY CO,PRD:IND:IND-GEODIS WHSE IND US,PAC00-14231,1-Mar-24,1
FEEDERS SUPPLY CO,PRD:IND:IND-GEODIS WHSE IND US,PAC00-14231,1-Apr-24,216
FEEDERS SUPPLY CO,PRD:IND:IND-GEODIS WHSE IND US,PAC00-14231,1-May-24,12
FEEDERS SUPPLY CO,PRD:IND:IND-GEODIS WHSE IND US,PAC00-14231,1-Jun-24,84
FEEDERS SUPPLY CO,PRD:IND:IND-GEODIS WHSE IND US,PAC00-14231,1-Jul-24,63
FEEDERS SUPPLY CO,PRD:IND:IND-GEODIS WHSE IND US,PAC00-14231,1-Aug-24,125
FEEDERS SUPPLY CO,PRD:IND:IND-GEODIS WHSE IND US,PAC00-14231,1-Sep-24,109
FEEDERS SUPPLY CO,PRD:IND:IND-GEODIS WHSE IND US,PAC00-14231,1-Oct-24,84
FEEDERS SUPPLY CO,PRD:IND:IND-GEODIS WHSE IND US,PAC00-14231,1-Nov-24,205
FEEDERS SUPPLY CO,PRD:IND:IND-GEODIS WHSE IND US,PAC00-14231,1-Dec-24,55
FEEDERS SUPPLY CO,PRD:IND:IND-GEODIS WHSE IND US,PAC00-14231,1-Jan-25,12
FEEDERS SUPPLY CO,PRD:IND:IND-GEODIS WHSE IND US,PAC00-14231,1-Feb-25,112
FEEDERS SUPPLY CO,PRD:IND:IND-GEODIS WHSE IND US,PAC00-14231,1-Mar-25,100
FEEDERS SUPPLY CO,PRD:IND:IND-GEODIS WHSE IND US,PAC00-14231,1-Apr-25,60
FEEDERS SUPPLY CO,PRD:IND:IND-GEODIS WHSE IND US,PAC00-14231,1-May-25,136
FEEDERS SUPPLY CO,PRD:IND:IND-GEODIS WHSE IND US,PAC00-14231,1-Jun-25,80
FEEDERS SUPPLY CO,PRD:IND:IND-GEODIS WHSE IND US,PAC00-14231,1-Jul-25,47
FEEDERS SUPPLY CO,PRD:IND:IND-GEODIS WHSE IND US,PAC00-14231,1-Aug-25,70
FEEDERS SUPPLY CO,PRD:IND:IND-GEODIS WHSE IND US,PAC00-14231,1-Sep-25,127
FEEDERS SUPPLY CO,PRD:IND:IND-GEODIS WHSE IND US,PAC00-14231,1-Oct-25,
FEEDERS SUPPLY CO,PRD:IND:IND-GEODIS WHSE IND US,PAC00-14231,1-Nov-25,64
FEEDERS SUPPLY CO,PRD:IND:IND-GEODIS WHSE IND US,PAC00-14231,1-Dec-25,180
FEEDERS SUPPLY CO,PRD:IND:IND-GEODIS WHSE IND US,PAC00-14231,1-Jan-26,54
FEEDERS SUPPLY CO,PRD:IND:IND-GEODIS WHSE IND US,PAC00-14231,1-Feb-26,30
FEEDERS SUPPLY CO,PRD:IND:IND-GEODIS WHSE IND US,PAC00-14231,1-Mar-26,7
FEEDERS SUPPLY CO,PRD:IND:IND-GEODIS WHSE IND US,PAC00-14231,1-Apr-26,58
FEEDERS SUPPLY CO,PRD:IND:IND-GEODIS WHSE IND US,PBC-1000,1-May-23,18
FEEDERS SUPPLY CO,PRD:IND:IND-GEODIS WHSE IND US,PBC-1000,1-Jun-23,22
FEEDERS SUPPLY CO,PRD:IND:IND-GEODIS WHSE IND US,PBC-1000,1-Jul-23,12
FEEDERS SUPPLY CO,PRD:IND:IND-GEODIS WHSE IND US,PBC-1000,1-Aug-23,6
FEEDERS SUPPLY CO,PRD:IND:IND-GEODIS WHSE IND US,PBC-1000,1-Sep-23,14
FEEDERS SUPPLY CO,PRD:IND:IND-GEODIS WHSE IND US,PBC-1000,1-Oct-23,12
FEEDERS SUPPLY CO,PRD:IND:IND-GEODIS WHSE IND US,PBC-1000,1-Nov-23,8
FEEDERS SUPPLY CO,PRD:IND:IND-GEODIS WHSE IND US,PBC-1000,1-Dec-23,18
FEEDERS SUPPLY CO,PRD:IND:IND-GEODIS WHSE IND US,PBC-1000,1-Jan-24,27
FEEDERS SUPPLY CO,PRD:IND:IND-GEODIS WHSE IND US,PBC-1000,1-Feb-24,10
FEEDERS SUPPLY CO,PRD:IND:IND-GEODIS WHSE IND US,PBC-1000,1-Mar-24,9
FEEDERS SUPPLY CO,PRD:IND:IND-GEODIS WHSE IND US,PBC-1000,1-Apr-24,11
FEEDERS SUPPLY CO,PRD:IND:IND-GEODIS WHSE IND US,PBC-1000,1-May-24,4
FEEDERS SUPPLY CO,PRD:IND:IND-GEODIS WHSE IND US,PBC-1000,1-Jun-24,13
FEEDERS SUPPLY CO,PRD:IND:IND-GEODIS WHSE IND US,PBC-1000,1-Jul-24,17
FEEDERS SUPPLY CO,PRD:IND:IND-GEODIS WHSE IND US,PBC-1000,1-Aug-24,17
FEEDERS SUPPLY CO,PRD:IND:IND-GEODIS WHSE IND US,PBC-1000,1-Sep-24,18
FEEDERS SUPPLY CO,PRD:IND:IND-GEODIS WHSE IND US,PBC-1000,1-Oct-24,15
FEEDERS SUPPLY CO,PRD:IND:IND-GEODIS WHSE IND US,PBC-1000,1-Nov-24,22
FEEDERS SUPPLY CO,PRD:IND:IND-GEODIS WHSE IND US,PBC-1000,1-Dec-24,6
FEEDERS SUPPLY CO,PRD:IND:IND-GEODIS WHSE IND US,PBC-1000,1-Jan-25,13
FEEDERS SUPPLY CO,PRD:IND:IND-GEODIS WHSE IND US,PBC-1000,1-Feb-25,14
FEEDERS SUPPLY CO,PRD:IND:IND-GEODIS WHSE IND US,PBC-1000,1-Mar-25,
FEEDERS SUPPLY CO,PRD:IND:IND-GEODIS WHSE IND US,PBC-1000,1-Apr-25,
FEEDERS SUPPLY CO,PRD:IND:IND-GEODIS WHSE IND US,PBC-1000,1-May-25,
FEEDERS SUPPLY CO,PRD:IND:IND-GEODIS WHSE IND US,PBC-1000,1-Jun-25,
FEEDERS SUPPLY CO,PRD:IND:IND-GEODIS WHSE IND US,PBC-1000,1-Jul-25,
FEEDERS SUPPLY CO,PRD:IND:IND-GEODIS WHSE IND US,PBC-1000,1-Aug-25,
FEEDERS SUPPLY CO,PRD:IND:IND-GEODIS WHSE IND US,PBC-1000,1-Sep-25,
FEEDERS SUPPLY CO,PRD:IND:IND-GEODIS WHSE IND US,PBC-1000,1-Oct-25,
FEEDERS SUPPLY CO,PRD:IND:IND-GEODIS WHSE IND US,PBC-1000,1-Nov-25,
FEEDERS SUPPLY CO,PRD:IND:IND-GEODIS WHSE IND US,PBC-1000,1-Dec-25,
FEEDERS SUPPLY CO,PRD:IND:IND-GEODIS WHSE IND US,PBC-1000,1-Jan-26,
FEEDERS SUPPLY CO,PRD:IND:IND-GEODIS WHSE IND US,PBC-1000,1-Feb-26,
FEEDERS SUPPLY CO,PRD:IND:IND-GEODIS WHSE IND US,PBC-1000,1-Mar-26,
FEEDERS SUPPLY CO,PRD:IND:IND-GEODIS WHSE IND US,PBC-1000,1-Apr-26,
FIREHOUSE PET SHOP,PRD:IND:IND-GEODIS WHSE IND US,PAC00-14231,1-May-23,8
FIREHOUSE PET SHOP,PRD:IND:IND-GEODIS WHSE IND US,PAC00-14231,1-Jun-23,
FIREHOUSE PET SHOP,PRD:IND:IND-GEODIS WHSE IND US,PAC00-14231,1-Jul-23,
FIREHOUSE PET SHOP,PRD:IND:IND-GEODIS WHSE IND US,PAC00-14231,1-Aug-23,6
FIREHOUSE PET SHOP,PRD:IND:IND-GEODIS WHSE IND US,PAC00-14231,1-Sep-23,
FIREHOUSE PET SHOP,PRD:IND:IND-GEODIS WHSE IND US,PAC00-14231,1-Oct-23,12
FIREHOUSE PET SHOP,PRD:IND:IND-GEODIS WHSE IND US,PAC00-14231,1-Nov-23,
FIREHOUSE PET SHOP,PRD:IND:IND-GEODIS WHSE IND US,PAC00-14231,1-Dec-23,
FIREHOUSE PET SHOP,PRD:IND:IND-GEODIS WHSE IND US,PAC00-14231,1-Jan-24,
FIREHOUSE PET SHOP,PRD:IND:IND-GEODIS WHSE IND US,PAC00-14231,1-Feb-24,6
FIREHOUSE PET SHOP,PRD:IND:IND-GEODIS WHSE IND US,PAC00-14231,1-Mar-24,
FIREHOUSE PET SHOP,PRD:IND:IND-GEODIS WHSE IND US,PAC00-14231,1-Apr-24,
FIREHOUSE PET SHOP,PRD:IND:IND-GEODIS WHSE IND US,PAC00-14231,1-May-24,
FIREHOUSE PET SHOP,PRD:IND:IND-GEODIS WHSE IND US,PAC00-14231,1-Jun-24,
FIREHOUSE PET SHOP,PRD:IND:IND-GEODIS WHSE IND US,PAC00-14231,1-Jul-24,
FIREHOUSE PET SHOP,PRD:IND:IND-GEODIS WHSE IND US,PAC00-14231,1-Aug-24,
FIREHOUSE PET SHOP,PRD:IND:IND-GEODIS WHSE IND US,PAC00-14231,1-Sep-24,
FIREHOUSE PET SHOP,PRD:IND:IND-GEODIS WHSE IND US,PAC00-14231,1-Oct-24,
FIREHOUSE PET SHOP,PRD:IND:IND-GEODIS WHSE IND US,PAC00-14231,1-Nov-24,
FIREHOUSE PET SHOP,PRD:IND:IND-GEODIS WHSE IND US,PAC00-14231,1-Dec-24,
FIREHOUSE PET SHOP,PRD:IND:IND-GEODIS WHSE IND US,PAC00-14231,1-Jan-25,
FIREHOUSE PET SHOP,PRD:IND:IND-GEODIS WHSE IND US,PAC00-14231,1-Feb-25,
FIREHOUSE PET SHOP,PRD:IND:IND-GEODIS WHSE IND US,PAC00-14231,1-Mar-25,
FIREHOUSE PET SHOP,PRD:IND:IND-GEODIS WHSE IND US,PAC00-14231,1-Apr-25,
FIREHOUSE PET SHOP,PRD:IND:IND-GEODIS WHSE IND US,PAC00-14231,1-May-25,
FIREHOUSE PET SHOP,PRD:IND:IND-GEODIS WHSE IND US,PAC00-14231,1-Jun-25,
FIREHOUSE PET SHOP,PRD:IND:IND-GEODIS WHSE IND US,PAC00-14231,1-Jul-25,
FIREHOUSE PET SHOP,PRD:IND:IND-GEODIS WHSE IND US,PAC00-14231,1-Aug-25,
FIREHOUSE PET SHOP,PRD:IND:IND-GEODIS WHSE IND US,PAC00-14231,1-Sep-25,
FIREHOUSE PET SHOP,PRD:IND:IND-GEODIS WHSE IND US,PAC00-14231,1-Oct-25,
FIREHOUSE PET SHOP,PRD:IND:IND-GEODIS WHSE IND US,PAC00-14231,1-Nov-25,
FIREHOUSE PET SHOP,PRD:IND:IND-GEODIS WHSE IND US,PAC00-14231,1-Dec-25,
FIREHOUSE PET SHOP,PRD:IND:IND-GEODIS WHSE IND US,PAC00-14231,1-Jan-26,
FIREHOUSE PET SHOP,PRD:IND:IND-GEODIS WHSE IND US,PAC00-14231,1-Feb-26,
FIREHOUSE PET SHOP,PRD:IND:IND-GEODIS WHSE IND US,PAC00-14231,1-Mar-26,
FIREHOUSE PET SHOP,PRD:IND:IND-GEODIS WHSE IND US,PAC00-14231,1-Apr-26,
FIREHOUSE PET SHOP,PRD:IND:IND-GEODIS WHSE IND US,PBC-1000,1-May-23,
FIREHOUSE PET SHOP,PRD:IND:IND-GEODIS WHSE IND US,PBC-1000,1-Jun-23,
FIREHOUSE PET SHOP,PRD:IND:IND-GEODIS WHSE IND US,PBC-1000,1-Jul-23,
FIREHOUSE PET SHOP,PRD:IND:IND-GEODIS WHSE IND US,PBC-1000,1-Aug-23,2
FIREHOUSE PET SHOP,PRD:IND:IND-GEODIS WHSE IND US,PBC-1000,1-Sep-23,
FIREHOUSE PET SHOP,PRD:IND:IND-GEODIS WHSE IND US,PBC-1000,1-Oct-23,3
FIREHOUSE PET SHOP,PRD:IND:IND-GEODIS WHSE IND US,PBC-1000,1-Nov-23,
FIREHOUSE PET SHOP,PRD:IND:IND-GEODIS WHSE IND US,PBC-1000,1-Dec-23,
FIREHOUSE PET SHOP,PRD:IND:IND-GEODIS WHSE IND US,PBC-1000,1-Jan-24,
FIREHOUSE PET SHOP,PRD:IND:IND-GEODIS WHSE IND US,PBC-1000,1-Feb-24,2
FIREHOUSE PET SHOP,PRD:IND:IND-GEODIS WHSE IND US,PBC-1000,1-Mar-24,
FIREHOUSE PET SHOP,PRD:IND:IND-GEODIS WHSE IND US,PBC-1000,1-Apr-24,
FIREHOUSE PET SHOP,PRD:IND:IND-GEODIS WHSE IND US,PBC-1000,1-May-24,
FIREHOUSE PET SHOP,PRD:IND:IND-GEODIS WHSE IND US,PBC-1000,1-Jun-24,
FIREHOUSE PET SHOP,PRD:IND:IND-GEODIS WHSE IND US,PBC-1000,1-Jul-24,
FIREHOUSE PET SHOP,PRD:IND:IND-GEODIS WHSE IND US,PBC-1000,1-Aug-24,
FIREHOUSE PET SHOP,PRD:IND:IND-GEODIS WHSE IND US,PBC-1000,1-Sep-24,
FIREHOUSE PET SHOP,PRD:IND:IND-GEODIS WHSE IND US,PBC-1000,1-Oct-24,
FIREHOUSE PET SHOP,PRD:IND:IND-GEODIS WHSE IND US,PBC-1000,1-Nov-24,
FIREHOUSE PET SHOP,PRD:IND:IND-GEODIS WHSE IND US,PBC-1000,1-Dec-24,
FIREHOUSE PET SHOP,PRD:IND:IND-GEODIS WHSE IND US,PBC-1000,1-Jan-25,
FIREHOUSE PET SHOP,PRD:IND:IND-GEODIS WHSE IND US,PBC-1000,1-Feb-25,
FIREHOUSE PET SHOP,PRD:IND:IND-GEODIS WHSE IND US,PBC-1000,1-Mar-25,
FIREHOUSE PET SHOP,PRD:IND:IND-GEODIS WHSE IND US,PBC-1000,1-Apr-25,
FIREHOUSE PET SHOP,PRD:IND:IND-GEODIS WHSE IND US,PBC-1000,1-May-25,
FIREHOUSE PET SHOP,PRD:IND:IND-GEODIS WHSE IND US,PBC-1000,1-Jun-25,
FIREHOUSE PET SHOP,PRD:IND:IND-GEODIS WHSE IND US,PBC-1000,1-Jul-25,
FIREHOUSE PET SHOP,PRD:IND:IND-GEODIS WHSE IND US,PBC-1000,1-Aug-25,
FIREHOUSE PET SHOP,PRD:IND:IND-GEODIS WHSE IND US,PBC-1000,1-Sep-25,
FIREHOUSE PET SHOP,PRD:IND:IND-GEODIS WHSE IND US,PBC-1000,1-Oct-25,
FIREHOUSE PET SHOP,PRD:IND:IND-GEODIS WHSE IND US,PBC-1000,1-Nov-25,
FIREHOUSE PET SHOP,PRD:IND:IND-GEODIS WHSE IND US,PBC-1000,1-Dec-25,
FIREHOUSE PET SHOP,PRD:IND:IND-GEODIS WHSE IND US,PBC-1000,1-Jan-26,
FIREHOUSE PET SHOP,PRD:IND:IND-GEODIS WHSE IND US,PBC-1000,1-Feb-26,
FIREHOUSE PET SHOP,PRD:IND:IND-GEODIS WHSE IND US,PBC-1000,1-Mar-26,
FIREHOUSE PET SHOP,PRD:IND:IND-GEODIS WHSE IND US,PBC-1000,1-Apr-26,
FLEET FARM,PRD:IND:IND-GEODIS WHSE IND US,PAC00-14231,1-May-23,
FLEET FARM,PRD:IND:IND-GEODIS WHSE IND US,PAC00-14231,1-Jun-23,75
FLEET FARM,PRD:IND:IND-GEODIS WHSE IND US,PAC00-14231,1-Jul-23,
FLEET FARM,PRD:IND:IND-GEODIS WHSE IND US,PAC00-14231,1-Aug-23,140
FLEET FARM,PRD:IND:IND-GEODIS WHSE IND US,PAC00-14231,1-Sep-23,90
FLEET FARM,PRD:IND:IND-GEODIS WHSE IND US,PAC00-14231,1-Oct-23,90
FLEET FARM,PRD:IND:IND-GEODIS WHSE IND US,PAC00-14231,1-Nov-23,45
FLEET FARM,PRD:IND:IND-GEODIS WHSE IND US,PAC00-14231,1-Dec-23,
FLEET FARM,PRD:IND:IND-GEODIS WHSE IND US,PAC00-14231,1-Jan-24,135
FLEET FARM,PRD:IND:IND-GEODIS WHSE IND US,PAC00-14231,1-Feb-24,90
FLEET FARM,PRD:IND:IND-GEODIS WHSE IND US,PAC00-14231,1-Mar-24,
FLEET FARM,PRD:IND:IND-GEODIS WHSE IND US,PAC00-14231,1-Apr-24,135
FLEET FARM,PRD:IND:IND-GEODIS WHSE IND US,PAC00-14231,1-May-24,90
FLEET FARM,PRD:IND:IND-GEODIS WHSE IND US,PAC00-14231,1-Jun-24,90
FLEET FARM,PRD:IND:IND-GEODIS WHSE IND US,PAC00-14231,1-Jul-24,
FLEET FARM,PRD:IND:IND-GEODIS WHSE IND US,PAC00-14231,1-Aug-24,45
FLEET FARM,PRD:IND:IND-GEODIS WHSE IND US,PAC00-14231,1-Sep-24,90
FLEET FARM,PRD:IND:IND-GEODIS WHSE IND US,PAC00-14231,1-Oct-24,90
FLEET FARM,PRD:IND:IND-GEODIS WHSE IND US,PAC00-14231,1-Nov-24,
FLEET FARM,PRD:IND:IND-GEODIS WHSE IND US,PAC00-14231,1-Dec-24,90
FLEET FARM,PRD:IND:IND-GEODIS WHSE IND US,PAC00-14231,1-Jan-25,45
FLEET FARM,PRD:IND:IND-GEODIS WHSE IND US,PAC00-14231,1-Feb-25,90
FLEET FARM,PRD:IND:IND-GEODIS WHSE IND US,PAC00-14231,1-Mar-25,
FLEET FARM,PRD:IND:IND-GEODIS WHSE IND US,PAC00-14231,1-Apr-25,90
FLEET FARM,PRD:IND:IND-GEODIS WHSE IND US,PAC00-14231,1-May-25,90
FLEET FARM,PRD:IND:IND-GEODIS WHSE IND US,PAC00-14231,1-Jun-25,135
FLEET FARM,PRD:IND:IND-GEODIS WHSE IND US,PAC00-14231,1-Jul-25,
FLEET FARM,PRD:IND:IND-GEODIS WHSE IND US,PAC00-14231,1-Aug-25,
FLEET FARM,PRD:IND:IND-GEODIS WHSE IND US,PAC00-14231,1-Sep-25,75
FLEET FARM,PRD:IND:IND-GEODIS WHSE IND US,PAC00-14231,1-Oct-25,
FLEET FARM,PRD:IND:IND-GEODIS WHSE IND US,PAC00-14231,1-Nov-25,55
FLEET FARM,PRD:IND:IND-GEODIS WHSE IND US,PAC00-14231,1-Dec-25,55
FLEET FARM,PRD:IND:IND-GEODIS WHSE IND US,PAC00-14231,1-Jan-26,85
FLEET FARM,PRD:IND:IND-GEODIS WHSE IND US,PAC00-14231,1-Feb-26,
FLEET FARM,PRD:IND:IND-GEODIS WHSE IND US,PAC00-14231,1-Mar-26,55
FLEET FARM,PRD:IND:IND-GEODIS WHSE IND US,PAC00-14231,1-Apr-26,50
FLORIDA HARDWARE CO,PRD:IND:IND-GEODIS WHSE IND US,PAC00-14231,1-May-23,
FLORIDA HARDWARE CO,PRD:IND:IND-GEODIS WHSE IND US,PAC00-14231,1-Jun-23,
FLORIDA HARDWARE CO,PRD:IND:IND-GEODIS WHSE IND US,PAC00-14231,1-Jul-23,
FLORIDA HARDWARE CO,PRD:IND:IND-GEODIS WHSE IND US,PAC00-14231,1-Aug-23,
FLORIDA HARDWARE CO,PRD:IND:IND-GEODIS WHSE IND US,PAC00-14231,1-Sep-23,
FLORIDA HARDWARE CO,PRD:IND:IND-GEODIS WHSE IND US,PAC00-14231,1-Oct-23,
FLORIDA HARDWARE CO,PRD:IND:IND-GEODIS WHSE IND US,PAC00-14231,1-Nov-23,
FLORIDA HARDWARE CO,PRD:IND:IND-GEODIS WHSE IND US,PAC00-14231,1-Dec-23,
FLORIDA HARDWARE CO,PRD:IND:IND-GEODIS WHSE IND US,PAC00-14231,1-Jan-24,
FLORIDA HARDWARE CO,PRD:IND:IND-GEODIS WHSE IND US,PAC00-14231,1-Feb-24,
FLORIDA HARDWARE CO,PRD:IND:IND-GEODIS WHSE IND US,PAC00-14231,1-Mar-24,
FLORIDA HARDWARE CO,PRD:IND:IND-GEODIS WHSE IND US,PAC00-14231,1-Apr-24,4
FLORIDA HARDWARE CO,PRD:IND:IND-GEODIS WHSE IND US,PAC00-14231,1-May-24,
FLORIDA HARDWARE CO,PRD:IND:IND-GEODIS WHSE IND US,PAC00-14231,1-Jun-24,
FLORIDA HARDWARE CO,PRD:IND:IND-GEODIS WHSE IND US,PAC00-14231,1-Jul-24,
FLORIDA HARDWARE CO,PRD:IND:IND-GEODIS WHSE IND US,PAC00-14231,1-Aug-24,
FLORIDA HARDWARE CO,PRD:IND:IND-GEODIS WHSE IND US,PAC00-14231,1-Sep-24,
FLORIDA HARDWARE CO,PRD:IND:IND-GEODIS WHSE IND US,PAC00-14231,1-Oct-24,
FLORIDA HARDWARE CO,PRD:IND:IND-GEODIS WHSE IND US,PAC00-14231,1-Nov-24,
FLORIDA HARDWARE CO,PRD:IND:IND-GEODIS WHSE IND US,PAC00-14231,1-Dec-24,
FLORIDA HARDWARE CO,PRD:IND:IND-GEODIS WHSE IND US,PAC00-14231,1-Jan-25,
FLORIDA HARDWARE CO,PRD:IND:IND-GEODIS WHSE IND US,PAC00-14231,1-Feb-25,
FLORIDA HARDWARE CO,PRD:IND:IND-GEODIS WHSE IND US,PAC00-14231,1-Mar-25,
FLORIDA HARDWARE CO,PRD:IND:IND-GEODIS WHSE IND US,PAC00-14231,1-Apr-25,
FLORIDA HARDWARE CO,PRD:IND:IND-GEODIS WHSE IND US,PAC00-14231,1-May-25,
FLORIDA HARDWARE CO,PRD:IND:IND-GEODIS WHSE IND US,PAC00-14231,1-Jun-25,
FLORIDA HARDWARE CO,PRD:IND:IND-GEODIS WHSE IND US,PAC00-14231,1-Jul-25,
FLORIDA HARDWARE CO,PRD:IND:IND-GEODIS WHSE IND US,PAC00-14231,1-Aug-25,
FLORIDA HARDWARE CO,PRD:IND:IND-GEODIS WHSE IND US,PAC00-14231,1-Sep-25,
FLORIDA HARDWARE CO,PRD:IND:IND-GEODIS WHSE IND US,PAC00-14231,1-Oct-25,
FLORIDA HARDWARE CO,PRD:IND:IND-GEODIS WHSE IND US,PAC00-14231,1-Nov-25,
FLORIDA HARDWARE CO,PRD:IND:IND-GEODIS WHSE IND US,PAC00-14231,1-Dec-25,
FLORIDA HARDWARE CO,PRD:IND:IND-GEODIS WHSE IND US,PAC00-14231,1-Jan-26,
FLORIDA HARDWARE CO,PRD:IND:IND-GEODIS WHSE IND US,PAC00-14231,1-Feb-26,
FLORIDA HARDWARE CO,PRD:IND:IND-GEODIS WHSE IND US,PAC00-14231,1-Mar-26,
FLORIDA HARDWARE CO,PRD:IND:IND-GEODIS WHSE IND US,PAC00-14231,1-Apr-26,
FRISCOS FRIENDS,PRD:IND:IND-GEODIS WHSE IND US,PBC-1000,1-May-23,
FRISCOS FRIENDS,PRD:IND:IND-GEODIS WHSE IND US,PBC-1000,1-Jun-23,
FRISCOS FRIENDS,PRD:IND:IND-GEODIS WHSE IND US,PBC-1000,1-Jul-23,
FRISCOS FRIENDS,PRD:IND:IND-GEODIS WHSE IND US,PBC-1000,1-Aug-23,
FRISCOS FRIENDS,PRD:IND:IND-GEODIS WHSE IND US,PBC-1000,1-Sep-23,
FRISCOS FRIENDS,PRD:IND:IND-GEODIS WHSE IND US,PBC-1000,1-Oct-23,
FRISCOS FRIENDS,PRD:IND:IND-GEODIS WHSE IND US,PBC-1000,1-Nov-23,
FRISCOS FRIENDS,PRD:IND:IND-GEODIS WHSE IND US,PBC-1000,1-Dec-23,
FRISCOS FRIENDS,PRD:IND:IND-GEODIS WHSE IND US,PBC-1000,1-Jan-24,
FRISCOS FRIENDS,PRD:IND:IND-GEODIS WHSE IND US,PBC-1000,1-Feb-24,
FRISCOS FRIENDS,PRD:IND:IND-GEODIS WHSE IND US,PBC-1000,1-Mar-24,
FRISCOS FRIENDS,PRD:IND:IND-GEODIS WHSE IND US,PBC-1000,1-Apr-24,
FRISCOS FRIENDS,PRD:IND:IND-GEODIS WHSE IND US,PBC-1000,1-May-24,
FRISCOS FRIENDS,PRD:IND:IND-GEODIS WHSE IND US,PBC-1000,1-Jun-24,
FRISCOS FRIENDS,PRD:IND:IND-GEODIS WHSE IND US,PBC-1000,1-Jul-24,
FRISCOS FRIENDS,PRD:IND:IND-GEODIS WHSE IND US,PBC-1000,1-Aug-24,
FRISCOS FRIENDS,PRD:IND:IND-GEODIS WHSE IND US,PBC-1000,1-Sep-24,1
FRISCOS FRIENDS,PRD:IND:IND-GEODIS WHSE IND US,PBC-1000,1-Oct-24,
FRISCOS FRIENDS,PRD:IND:IND-GEODIS WHSE IND US,PBC-1000,1-Nov-24,
FRISCOS FRIENDS,PRD:IND:IND-GEODIS WHSE IND US,PBC-1000,1-Dec-24,
FRISCOS FRIENDS,PRD:IND:IND-GEODIS WHSE IND US,PBC-1000,1-Jan-25,
FRISCOS FRIENDS,PRD:IND:IND-GEODIS WHSE IND US,PBC-1000,1-Feb-25,
FRISCOS FRIENDS,PRD:IND:IND-GEODIS WHSE IND US,PBC-1000,1-Mar-25,
FRISCOS FRIENDS,PRD:IND:IND-GEODIS WHSE IND US,PBC-1000,1-Apr-25,
FRISCOS FRIENDS,PRD:IND:IND-GEODIS WHSE IND US,PBC-1000,1-May-25,
FRISCOS FRIENDS,PRD:IND:IND-GEODIS WHSE IND US,PBC-1000,1-Jun-25,
FRISCOS FRIENDS,PRD:IND:IND-GEODIS WHSE IND US,PBC-1000,1-Jul-25,
FRISCOS FRIENDS,PRD:IND:IND-GEODIS WHSE IND US,PBC-1000,1-Aug-25,
FRISCOS FRIENDS,PRD:IND:IND-GEODIS WHSE IND US,PBC-1000,1-Sep-25,
FRISCOS FRIENDS,PRD:IND:IND-GEODIS WHSE IND US,PBC-1000,1-Oct-25,
FRISCOS FRIENDS,PRD:IND:IND-GEODIS WHSE IND US,PBC-1000,1-Nov-25,
FRISCOS FRIENDS,PRD:IND:IND-GEODIS WHSE IND US,PBC-1000,1-Dec-25,
FRISCOS FRIENDS,PRD:IND:IND-GEODIS WHSE IND US,PBC-1000,1-Jan-26,
FRISCOS FRIENDS,PRD:IND:IND-GEODIS WHSE IND US,PBC-1000,1-Feb-26,
FRISCOS FRIENDS,PRD:IND:IND-GEODIS WHSE IND US,PBC-1000,1-Mar-26,
FRISCOS FRIENDS,PRD:IND:IND-GEODIS WHSE IND US,PBC-1000,1-Apr-26,
GARDNER PET SUPPLY,PRD:IND:IND-GEODIS WHSE IND US,PAC00-14231,1-May-23,
GARDNER PET SUPPLY,PRD:IND:IND-GEODIS WHSE IND US,PAC00-14231,1-Jun-23,
GARDNER PET SUPPLY,PRD:IND:IND-GEODIS WHSE IND US,PAC00-14231,1-Jul-23,
GARDNER PET SUPPLY,PRD:IND:IND-GEODIS WHSE IND US,PAC00-14231,1-Aug-23,
GARDNER PET SUPPLY,PRD:IND:IND-GEODIS WHSE IND US,PAC00-14231,1-Sep-23,
GARDNER PET SUPPLY,PRD:IND:IND-GEODIS WHSE IND US,PAC00-14231,1-Oct-23,3
GARDNER PET SUPPLY,PRD:IND:IND-GEODIS WHSE IND US,PAC00-14231,1-Nov-23,
GARDNER PET SUPPLY,PRD:IND:IND-GEODIS WHSE IND US,PAC00-14231,1-Dec-23,
GARDNER PET SUPPLY,PRD:IND:IND-GEODIS WHSE IND US,PAC00-14231,1-Jan-24,
GARDNER PET SUPPLY,PRD:IND:IND-GEODIS WHSE IND US,PAC00-14231,1-Feb-24,
GARDNER PET SUPPLY,PRD:IND:IND-GEODIS WHSE IND US,PAC00-14231,1-Mar-24,
GARDNER PET SUPPLY,PRD:IND:IND-GEODIS WHSE IND US,PAC00-14231,1-Apr-24,
GARDNER PET SUPPLY,PRD:IND:IND-GEODIS WHSE IND US,PAC00-14231,1-May-24,
GARDNER PET SUPPLY,PRD:IND:IND-GEODIS WHSE IND US,PAC00-14231,1-Jun-24,
GARDNER PET SUPPLY,PRD:IND:IND-GEODIS WHSE IND US,PAC00-14231,1-Jul-24,
GARDNER PET SUPPLY,PRD:IND:IND-GEODIS WHSE IND US,PAC00-14231,1-Aug-24,
GARDNER PET SUPPLY,PRD:IND:IND-GEODIS WHSE IND US,PAC00-14231,1-Sep-24,
GARDNER PET SUPPLY,PRD:IND:IND-GEODIS WHSE IND US,PAC00-14231,1-Oct-24,
GARDNER PET SUPPLY,PRD:IND:IND-GEODIS WHSE IND US,PAC00-14231,1-Nov-24,
GARDNER PET SUPPLY,PRD:IND:IND-GEODIS WHSE IND US,PAC00-14231,1-Dec-24,
GARDNER PET SUPPLY,PRD:IND:IND-GEODIS WHSE IND US,PAC00-14231,1-Jan-25,
GARDNER PET SUPPLY,PRD:IND:IND-GEODIS WHSE IND US,PAC00-14231,1-Feb-25,
GARDNER PET SUPPLY,PRD:IND:IND-GEODIS WHSE IND US,PAC00-14231,1-Mar-25,
GARDNER PET SUPPLY,PRD:IND:IND-GEODIS WHSE IND US,PAC00-14231,1-Apr-25,
GARDNER PET SUPPLY,PRD:IND:IND-GEODIS WHSE IND US,PAC00-14231,1-May-25,
GARDNER PET SUPPLY,PRD:IND:IND-GEODIS WHSE IND US,PAC00-14231,1-Jun-25,
GARDNER PET SUPPLY,PRD:IND:IND-GEODIS WHSE IND US,PAC00-14231,1-Jul-25,
GARDNER PET SUPPLY,PRD:IND:IND-GEODIS WHSE IND US,PAC00-14231,1-Aug-25,
GARDNER PET SUPPLY,PRD:IND:IND-GEODIS WHSE IND US,PAC00-14231,1-Sep-25,
GARDNER PET SUPPLY,PRD:IND:IND-GEODIS WHSE IND US,PAC00-14231,1-Oct-25,
GARDNER PET SUPPLY,PRD:IND:IND-GEODIS WHSE IND US,PAC00-14231,1-Nov-25,
GARDNER PET SUPPLY,PRD:IND:IND-GEODIS WHSE IND US,PAC00-14231,1-Dec-25,
GARDNER PET SUPPLY,PRD:IND:IND-GEODIS WHSE IND US,PAC00-14231,1-Jan-26,
GARDNER PET SUPPLY,PRD:IND:IND-GEODIS WHSE IND US,PAC00-14231,1-Feb-26,
GARDNER PET SUPPLY,PRD:IND:IND-GEODIS WHSE IND US,PAC00-14231,1-Mar-26,
GARDNER PET SUPPLY,PRD:IND:IND-GEODIS WHSE IND US,PAC00-14231,1-Apr-26,
GENERAL PET SUPPLY (CLOSED),PRD:IND:IND-GEODIS WHSE IND US,PAC00-14231,1-May-23,
GENERAL PET SUPPLY (CLOSED),PRD:IND:IND-GEODIS WHSE IND US,PAC00-14231,1-Jun-23,3
GENERAL PET SUPPLY (CLOSED),PRD:IND:IND-GEODIS WHSE IND US,PAC00-14231,1-Jul-23,4
GENERAL PET SUPPLY (CLOSED),PRD:IND:IND-GEODIS WHSE IND US,PAC00-14231,1-Aug-23,
GENERAL PET SUPPLY (CLOSED),PRD:IND:IND-GEODIS WHSE IND US,PAC00-14231,1-Sep-23,6
GENERAL PET SUPPLY (CLOSED),PRD:IND:IND-GEODIS WHSE IND US,PAC00-14231,1-Oct-23,
GENERAL PET SUPPLY (CLOSED),PRD:IND:IND-GEODIS WHSE IND US,PAC00-14231,1-Nov-23,
GENERAL PET SUPPLY (CLOSED),PRD:IND:IND-GEODIS WHSE IND US,PAC00-14231,1-Dec-23,
GENERAL PET SUPPLY (CLOSED),PRD:IND:IND-GEODIS WHSE IND US,PAC00-14231,1-Jan-24,4
GENERAL PET SUPPLY (CLOSED),PRD:IND:IND-GEODIS WHSE IND US,PAC00-14231,1-Feb-24,
GENERAL PET SUPPLY (CLOSED),PRD:IND:IND-GEODIS WHSE IND US,PAC00-14231,1-Mar-24,3
GENERAL PET SUPPLY (CLOSED),PRD:IND:IND-GEODIS WHSE IND US,PAC00-14231,1-Apr-24,
GENERAL PET SUPPLY (CLOSED),PRD:IND:IND-GEODIS WHSE IND US,PAC00-14231,1-May-24,8
GENERAL PET SUPPLY (CLOSED),PRD:IND:IND-GEODIS WHSE IND US,PAC00-14231,1-Jun-24,
GENERAL PET SUPPLY (CLOSED),PRD:IND:IND-GEODIS WHSE IND US,PAC00-14231,1-Jul-24,6
GENERAL PET SUPPLY (CLOSED),PRD:IND:IND-GEODIS WHSE IND US,PAC00-14231,1-Aug-24,
GENERAL PET SUPPLY (CLOSED),PRD:IND:IND-GEODIS WHSE IND US,PAC00-14231,1-Sep-24,
GENERAL PET SUPPLY (CLOSED),PRD:IND:IND-GEODIS WHSE IND US,PAC00-14231,1-Oct-24,
GENERAL PET SUPPLY (CLOSED),PRD:IND:IND-GEODIS WHSE IND US,PAC00-14231,1-Nov-24,
GENERAL PET SUPPLY (CLOSED),PRD:IND:IND-GEODIS WHSE IND US,PAC00-14231,1-Dec-24,
GENERAL PET SUPPLY (CLOSED),PRD:IND:IND-GEODIS WHSE IND US,PAC00-14231,1-Jan-25,6
GENERAL PET SUPPLY (CLOSED),PRD:IND:IND-GEODIS WHSE IND US,PAC00-14231,1-Feb-25,
GENERAL PET SUPPLY (CLOSED),PRD:IND:IND-GEODIS WHSE IND US,PAC00-14231,1-Mar-25,6
GENERAL PET SUPPLY (CLOSED),PRD:IND:IND-GEODIS WHSE IND US,PAC00-14231,1-Apr-25,
GENERAL PET SUPPLY (CLOSED),PRD:IND:IND-GEODIS WHSE IND US,PAC00-14231,1-May-25,
GENERAL PET SUPPLY (CLOSED),PRD:IND:IND-GEODIS WHSE IND US,PAC00-14231,1-Jun-25,
GENERAL PET SUPPLY (CLOSED),PRD:IND:IND-GEODIS WHSE IND US,PAC00-14231,1-Jul-25,
GENERAL PET SUPPLY (CLOSED),PRD:IND:IND-GEODIS WHSE IND US,PAC00-14231,1-Aug-25,
GENERAL PET SUPPLY (CLOSED),PRD:IND:IND-GEODIS WHSE IND US,PAC00-14231,1-Sep-25,
GENERAL PET SUPPLY (CLOSED),PRD:IND:IND-GEODIS WHSE IND US,PAC00-14231,1-Oct-25,
GENERAL PET SUPPLY (CLOSED),PRD:IND:IND-GEODIS WHSE IND US,PAC00-14231,1-Nov-25,
GENERAL PET SUPPLY (CLOSED),PRD:IND:IND-GEODIS WHSE IND US,PAC00-14231,1-Dec-25,
GENERAL PET SUPPLY (CLOSED),PRD:IND:IND-GEODIS WHSE IND US,PAC00-14231,1-Jan-26,
GENERAL PET SUPPLY (CLOSED),PRD:IND:IND-GEODIS WHSE IND US,PAC00-14231,1-Feb-26,
GENERAL PET SUPPLY (CLOSED),PRD:IND:IND-GEODIS WHSE IND US,PAC00-14231,1-Mar-26,
GENERAL PET SUPPLY (CLOSED),PRD:IND:IND-GEODIS WHSE IND US,PAC00-14231,1-Apr-26,
GENERAL PET SUPPLY (CLOSED),PRD:IND:IND-GEODIS WHSE IND US,PBC-1000,1-May-23,
GENERAL PET SUPPLY (CLOSED),PRD:IND:IND-GEODIS WHSE IND US,PBC-1000,1-Jun-23,6
GENERAL PET SUPPLY (CLOSED),PRD:IND:IND-GEODIS WHSE IND US,PBC-1000,1-Jul-23,
GENERAL PET SUPPLY (CLOSED),PRD:IND:IND-GEODIS WHSE IND US,PBC-1000,1-Aug-23,
GENERAL PET SUPPLY (CLOSED),PRD:IND:IND-GEODIS WHSE IND US,PBC-1000,1-Sep-23,
GENERAL PET SUPPLY (CLOSED),PRD:IND:IND-GEODIS WHSE IND US,PBC-1000,1-Oct-23,
GENERAL PET SUPPLY (CLOSED),PRD:IND:IND-GEODIS WHSE IND US,PBC-1000,1-Nov-23,
GENERAL PET SUPPLY (CLOSED),PRD:IND:IND-GEODIS WHSE IND US,PBC-1000,1-Dec-23,
GENERAL PET SUPPLY (CLOSED),PRD:IND:IND-GEODIS WHSE IND US,PBC-1000,1-Jan-24,
GENERAL PET SUPPLY (CLOSED),PRD:IND:IND-GEODIS WHSE IND US,PBC-1000,1-Feb-24,
GENERAL PET SUPPLY (CLOSED),PRD:IND:IND-GEODIS WHSE IND US,PBC-1000,1-Mar-24,3
GENERAL PET SUPPLY (CLOSED),PRD:IND:IND-GEODIS WHSE IND US,PBC-1000,1-Apr-24,
GENERAL PET SUPPLY (CLOSED),PRD:IND:IND-GEODIS WHSE IND US,PBC-1000,1-May-24,4
GENERAL PET SUPPLY (CLOSED),PRD:IND:IND-GEODIS WHSE IND US,PBC-1000,1-Jun-24,
GENERAL PET SUPPLY (CLOSED),PRD:IND:IND-GEODIS WHSE IND US,PBC-1000,1-Jul-24,6
GENERAL PET SUPPLY (CLOSED),PRD:IND:IND-GEODIS WHSE IND US,PBC-1000,1-Aug-24,
GENERAL PET SUPPLY (CLOSED),PRD:IND:IND-GEODIS WHSE IND US,PBC-1000,1-Sep-24,
GENERAL PET SUPPLY (CLOSED),PRD:IND:IND-GEODIS WHSE IND US,PBC-1000,1-Oct-24,
GENERAL PET SUPPLY (CLOSED),PRD:IND:IND-GEODIS WHSE IND US,PBC-1000,1-Nov-24,
GENERAL PET SUPPLY (CLOSED),PRD:IND:IND-GEODIS WHSE IND US,PBC-1000,1-Dec-24,
GENERAL PET SUPPLY (CLOSED),PRD:IND:IND-GEODIS WHSE IND US,PBC-1000,1-Jan-25,
GENERAL PET SUPPLY (CLOSED),PRD:IND:IND-GEODIS WHSE IND US,PBC-1000,1-Feb-25,
GENERAL PET SUPPLY (CLOSED),PRD:IND:IND-GEODIS WHSE IND US,PBC-1000,1-Mar-25,10
GENERAL PET SUPPLY (CLOSED),PRD:IND:IND-GEODIS WHSE IND US,PBC-1000,1-Apr-25,
GENERAL PET SUPPLY (CLOSED),PRD:IND:IND-GEODIS WHSE IND US,PBC-1000,1-May-25,
GENERAL PET SUPPLY (CLOSED),PRD:IND:IND-GEODIS WHSE IND US,PBC-1000,1-Jun-25,
GENERAL PET SUPPLY (CLOSED),PRD:IND:IND-GEODIS WHSE IND US,PBC-1000,1-Jul-25,
GENERAL PET SUPPLY (CLOSED),PRD:IND:IND-GEODIS WHSE IND US,PBC-1000,1-Aug-25,
GENERAL PET SUPPLY (CLOSED),PRD:IND:IND-GEODIS WHSE IND US,PBC-1000,1-Sep-25,
GENERAL PET SUPPLY (CLOSED),PRD:IND:IND-GEODIS WHSE IND US,PBC-1000,1-Oct-25,
GENERAL PET SUPPLY (CLOSED),PRD:IND:IND-GEODIS WHSE IND US,PBC-1000,1-Nov-25,
GENERAL PET SUPPLY (CLOSED),PRD:IND:IND-GEODIS WHSE IND US,PBC-1000,1-Dec-25,
GENERAL PET SUPPLY (CLOSED),PRD:IND:IND-GEODIS WHSE IND US,PBC-1000,1-Jan-26,
GENERAL PET SUPPLY (CLOSED),PRD:IND:IND-GEODIS WHSE IND US,PBC-1000,1-Feb-26,
GENERAL PET SUPPLY (CLOSED),PRD:IND:IND-GEODIS WHSE IND US,PBC-1000,1-Mar-26,
GENERAL PET SUPPLY (CLOSED),PRD:IND:IND-GEODIS WHSE IND US,PBC-1000,1-Apr-26,
GRABERS HUNTING SUPPLY,PRD:IND:IND-GEODIS WHSE IND US,PBC-1000,1-May-23,
GRABERS HUNTING SUPPLY,PRD:IND:IND-GEODIS WHSE IND US,PBC-1000,1-Jun-23,
GRABERS HUNTING SUPPLY,PRD:IND:IND-GEODIS WHSE IND US,PBC-1000,1-Jul-23,4
GRABERS HUNTING SUPPLY,PRD:IND:IND-GEODIS WHSE IND US,PBC-1000,1-Aug-23,
GRABERS HUNTING SUPPLY,PRD:IND:IND-GEODIS WHSE IND US,PBC-1000,1-Sep-23,
GRABERS HUNTING SUPPLY,PRD:IND:IND-GEODIS WHSE IND US,PBC-1000,1-Oct-23,
GRABERS HUNTING SUPPLY,PRD:IND:IND-GEODIS WHSE IND US,PBC-1000,1-Nov-23,
GRABERS HUNTING SUPPLY,PRD:IND:IND-GEODIS WHSE IND US,PBC-1000,1-Dec-23,
GRABERS HUNTING SUPPLY,PRD:IND:IND-GEODIS WHSE IND US,PBC-1000,1-Jan-24,
GRABERS HUNTING SUPPLY,PRD:IND:IND-GEODIS WHSE IND US,PBC-1000,1-Feb-24,
GRABERS HUNTING SUPPLY,PRD:IND:IND-GEODIS WHSE IND US,PBC-1000,1-Mar-24,4
GRABERS HUNTING SUPPLY,PRD:IND:IND-GEODIS WHSE IND US,PBC-1000,1-Apr-24,
GRABERS HUNTING SUPPLY,PRD:IND:IND-GEODIS WHSE IND US,PBC-1000,1-May-24,
GRABERS HUNTING SUPPLY,PRD:IND:IND-GEODIS WHSE IND US,PBC-1000,1-Jun-24,
GRABERS HUNTING SUPPLY,PRD:IND:IND-GEODIS WHSE IND US,PBC-1000,1-Jul-24,
GRABERS HUNTING SUPPLY,PRD:IND:IND-GEODIS WHSE IND US,PBC-1000,1-Aug-24,
GRABERS HUNTING SUPPLY,PRD:IND:IND-GEODIS WHSE IND US,PBC-1000,1-Sep-24,4
GRABERS HUNTING SUPPLY,PRD:IND:IND-GEODIS WHSE IND US,PBC-1000,1-Oct-24,
GRABERS HUNTING SUPPLY,PRD:IND:IND-GEODIS WHSE IND US,PBC-1000,1-Nov-24,
GRABERS HUNTING SUPPLY,PRD:IND:IND-GEODIS WHSE IND US,PBC-1000,1-Dec-24,2
GRABERS HUNTING SUPPLY,PRD:IND:IND-GEODIS WHSE IND US,PBC-1000,1-Jan-25,
GRABERS HUNTING SUPPLY,PRD:IND:IND-GEODIS WHSE IND US,PBC-1000,1-Feb-25,
GRABERS HUNTING SUPPLY,PRD:IND:IND-GEODIS WHSE IND US,PBC-1000,1-Mar-25,
GRABERS HUNTING SUPPLY,PRD:IND:IND-GEODIS WHSE IND US,PBC-1000,1-Apr-25,
GRABERS HUNTING SUPPLY,PRD:IND:IND-GEODIS WHSE IND US,PBC-1000,1-May-25,
GRABERS HUNTING SUPPLY,PRD:IND:IND-GEODIS WHSE IND US,PBC-1000,1-Jun-25,
GRABERS HUNTING SUPPLY,PRD:IND:IND-GEODIS WHSE IND US,PBC-1000,1-Jul-25,
GRABERS HUNTING SUPPLY,PRD:IND:IND-GEODIS WHSE IND US,PBC-1000,1-Aug-25,
GRABERS HUNTING SUPPLY,PRD:IND:IND-GEODIS WHSE IND US,PBC-1000,1-Sep-25,
GRABERS HUNTING SUPPLY,PRD:IND:IND-GEODIS WHSE IND US,PBC-1000,1-Oct-25,
GRABERS HUNTING SUPPLY,PRD:IND:IND-GEODIS WHSE IND US,PBC-1000,1-Nov-25,
GRABERS HUNTING SUPPLY,PRD:IND:IND-GEODIS WHSE IND US,PBC-1000,1-Dec-25,
GRABERS HUNTING SUPPLY,PRD:IND:IND-GEODIS WHSE IND US,PBC-1000,1-Jan-26,
GRABERS HUNTING SUPPLY,PRD:IND:IND-GEODIS WHSE IND US,PBC-1000,1-Feb-26,
GRABERS HUNTING SUPPLY,PRD:IND:IND-GEODIS WHSE IND US,PBC-1000,1-Mar-26,
GRABERS HUNTING SUPPLY,PRD:IND:IND-GEODIS WHSE IND US,PBC-1000,1-Apr-26,
GRAIN VALLEY DOG SUPPLY,PRD:IND:IND-GEODIS WHSE IND US,PBC-1000,1-May-23,
GRAIN VALLEY DOG SUPPLY,PRD:IND:IND-GEODIS WHSE IND US,PBC-1000,1-Jun-23,
GRAIN VALLEY DOG SUPPLY,PRD:IND:IND-GEODIS WHSE IND US,PBC-1000,1-Jul-23,
GRAIN VALLEY DOG SUPPLY,PRD:IND:IND-GEODIS WHSE IND US,PBC-1000,1-Aug-23,
GRAIN VALLEY DOG SUPPLY,PRD:IND:IND-GEODIS WHSE IND US,PBC-1000,1-Sep-23,
GRAIN VALLEY DOG SUPPLY,PRD:IND:IND-GEODIS WHSE IND US,PBC-1000,1-Oct-23,
GRAIN VALLEY DOG SUPPLY,PRD:IND:IND-GEODIS WHSE IND US,PBC-1000,1-Nov-23,
GRAIN VALLEY DOG SUPPLY,PRD:IND:IND-GEODIS WHSE IND US,PBC-1000,1-Dec-23,
GRAIN VALLEY DOG SUPPLY,PRD:IND:IND-GEODIS WHSE IND US,PBC-1000,1-Jan-24,
GRAIN VALLEY DOG SUPPLY,PRD:IND:IND-GEODIS WHSE IND US,PBC-1000,1-Feb-24,
GRAIN VALLEY DOG SUPPLY,PRD:IND:IND-GEODIS WHSE IND US,PBC-1000,1-Mar-24,
GRAIN VALLEY DOG SUPPLY,PRD:IND:IND-GEODIS WHSE IND US,PBC-1000,1-Apr-24,6
GRAIN VALLEY DOG SUPPLY,PRD:IND:IND-GEODIS WHSE IND US,PBC-1000,1-May-24,
GRAIN VALLEY DOG SUPPLY,PRD:IND:IND-GEODIS WHSE IND US,PBC-1000,1-Jun-24,
GRAIN VALLEY DOG SUPPLY,PRD:IND:IND-GEODIS WHSE IND US,PBC-1000,1-Jul-24,6
GRAIN VALLEY DOG SUPPLY,PRD:IND:IND-GEODIS WHSE IND US,PBC-1000,1-Aug-24,
GRAIN VALLEY DOG SUPPLY,PRD:IND:IND-GEODIS WHSE IND US,PBC-1000,1-Sep-24,
GRAIN VALLEY DOG SUPPLY,PRD:IND:IND-GEODIS WHSE IND US,PBC-1000,1-Oct-24,
GRAIN VALLEY DOG SUPPLY,PRD:IND:IND-GEODIS WHSE IND US,PBC-1000,1-Nov-24,
GRAIN VALLEY DOG SUPPLY,PRD:IND:IND-GEODIS WHSE IND US,PBC-1000,1-Dec-24,
GRAIN VALLEY DOG SUPPLY,PRD:IND:IND-GEODIS WHSE IND US,PBC-1000,1-Jan-25,
GRAIN VALLEY DOG SUPPLY,PRD:IND:IND-GEODIS WHSE IND US,PBC-1000,1-Feb-25,
GRAIN VALLEY DOG SUPPLY,PRD:IND:IND-GEODIS WHSE IND US,PBC-1000,1-Mar-25,
GRAIN VALLEY DOG SUPPLY,PRD:IND:IND-GEODIS WHSE IND US,PBC-1000,1-Apr-25,
GRAIN VALLEY DOG SUPPLY,PRD:IND:IND-GEODIS WHSE IND US,PBC-1000,1-May-25,
GRAIN VALLEY DOG SUPPLY,PRD:IND:IND-GEODIS WHSE IND US,PBC-1000,1-Jun-25,
GRAIN VALLEY DOG SUPPLY,PRD:IND:IND-GEODIS WHSE IND US,PBC-1000,1-Jul-25,
GRAIN VALLEY DOG SUPPLY,PRD:IND:IND-GEODIS WHSE IND US,PBC-1000,1-Aug-25,
GRAIN VALLEY DOG SUPPLY,PRD:IND:IND-GEODIS WHSE IND US,PBC-1000,1-Sep-25,
GRAIN VALLEY DOG SUPPLY,PRD:IND:IND-GEODIS WHSE IND US,PBC-1000,1-Oct-25,
GRAIN VALLEY DOG SUPPLY,PRD:IND:IND-GEODIS WHSE IND US,PBC-1000,1-Nov-25,
GRAIN VALLEY DOG SUPPLY,PRD:IND:IND-GEODIS WHSE IND US,PBC-1000,1-Dec-25,
GRAIN VALLEY DOG SUPPLY,PRD:IND:IND-GEODIS WHSE IND US,PBC-1000,1-Jan-26,
GRAIN VALLEY DOG SUPPLY,PRD:IND:IND-GEODIS WHSE IND US,PBC-1000,1-Feb-26,
GRAIN VALLEY DOG SUPPLY,PRD:IND:IND-GEODIS WHSE IND US,PBC-1000,1-Mar-26,
GRAIN VALLEY DOG SUPPLY,PRD:IND:IND-GEODIS WHSE IND US,PBC-1000,1-Apr-26,
GROWERS FEED,PRD:IND:IND-GEODIS WHSE IND US,PBC-1000,1-May-23,
GROWERS FEED,PRD:IND:IND-GEODIS WHSE IND US,PBC-1000,1-Jun-23,
GROWERS FEED,PRD:IND:IND-GEODIS WHSE IND US,PBC-1000,1-Jul-23,
GROWERS FEED,PRD:IND:IND-GEODIS WHSE IND US,PBC-1000,1-Aug-23,
GROWERS FEED,PRD:IND:IND-GEODIS WHSE IND US,PBC-1000,1-Sep-23,
GROWERS FEED,PRD:IND:IND-GEODIS WHSE IND US,PBC-1000,1-Oct-23,
GROWERS FEED,PRD:IND:IND-GEODIS WHSE IND US,PBC-1000,1-Nov-23,
GROWERS FEED,PRD:IND:IND-GEODIS WHSE IND US,PBC-1000,1-Dec-23,
GROWERS FEED,PRD:IND:IND-GEODIS WHSE IND US,PBC-1000,1-Jan-24,
GROWERS FEED,PRD:IND:IND-GEODIS WHSE IND US,PBC-1000,1-Feb-24,
GROWERS FEED,PRD:IND:IND-GEODIS WHSE IND US,PBC-1000,1-Mar-24,
GROWERS FEED,PRD:IND:IND-GEODIS WHSE IND US,PBC-1000,1-Apr-24,
GROWERS FEED,PRD:IND:IND-GEODIS WHSE IND US,PBC-1000,1-May-24,
GROWERS FEED,PRD:IND:IND-GEODIS WHSE IND US,PBC-1000,1-Jun-24,
GROWERS FEED,PRD:IND:IND-GEODIS WHSE IND US,PBC-1000,1-Jul-24,
GROWERS FEED,PRD:IND:IND-GEODIS WHSE IND US,PBC-1000,1-Aug-24,
GROWERS FEED,PRD:IND:IND-GEODIS WHSE IND US,PBC-1000,1-Sep-24,
GROWERS FEED,PRD:IND:IND-GEODIS WHSE IND US,PBC-1000,1-Oct-24,
GROWERS FEED,PRD:IND:IND-GEODIS WHSE IND US,PBC-1000,1-Nov-24,
GROWERS FEED,PRD:IND:IND-GEODIS WHSE IND US,PBC-1000,1-Dec-24,
GROWERS FEED,PRD:IND:IND-GEODIS WHSE IND US,PBC-1000,1-Jan-25,
GROWERS FEED,PRD:IND:IND-GEODIS WHSE IND US,PBC-1000,1-Feb-25,
GROWERS FEED,PRD:IND:IND-GEODIS WHSE IND US,PBC-1000,1-Mar-25,
GROWERS FEED,PRD:IND:IND-GEODIS WHSE IND US,PBC-1000,1-Apr-25,
GROWERS FEED,PRD:IND:IND-GEODIS WHSE IND US,PBC-1000,1-May-25,
GROWERS FEED,PRD:IND:IND-GEODIS WHSE IND US,PBC-1000,1-Jun-25,
GROWERS FEED,PRD:IND:IND-GEODIS WHSE IND US,PBC-1000,1-Jul-25,
GROWERS FEED,PRD:IND:IND-GEODIS WHSE IND US,PBC-1000,1-Aug-25,
GROWERS FEED,PRD:IND:IND-GEODIS WHSE IND US,PBC-1000,1-Sep-25,
GROWERS FEED,PRD:IND:IND-GEODIS WHSE IND US,PBC-1000,1-Oct-25,
GROWERS FEED,PRD:IND:IND-GEODIS WHSE IND US,PBC-1000,1-Nov-25,
GROWERS FEED,PRD:IND:IND-GEODIS WHSE IND US,PBC-1000,1-Dec-25,1
GROWERS FEED,PRD:IND:IND-GEODIS WHSE IND US,PBC-1000,1-Jan-26,
GROWERS FEED,PRD:IND:IND-GEODIS WHSE IND US,PBC-1000,1-Feb-26,
GROWERS FEED,PRD:IND:IND-GEODIS WHSE IND US,PBC-1000,1-Mar-26,
GROWERS FEED,PRD:IND:IND-GEODIS WHSE IND US,PBC-1000,1-Apr-26,
GUN DOG SUPPLY,PRD:IND:IND-GEODIS WHSE IND US,PAC00-14231,1-May-23,105
GUN DOG SUPPLY,PRD:IND:IND-GEODIS WHSE IND US,PAC00-14231,1-Jun-23,
GUN DOG SUPPLY,PRD:IND:IND-GEODIS WHSE IND US,PAC00-14231,1-Jul-23,
GUN DOG SUPPLY,PRD:IND:IND-GEODIS WHSE IND US,PAC00-14231,1-Aug-23,
GUN DOG SUPPLY,PRD:IND:IND-GEODIS WHSE IND US,PAC00-14231,1-Sep-23,
GUN DOG SUPPLY,PRD:IND:IND-GEODIS WHSE IND US,PAC00-14231,1-Oct-23,
GUN DOG SUPPLY,PRD:IND:IND-GEODIS WHSE IND US,PAC00-14231,1-Nov-23,
GUN DOG SUPPLY,PRD:IND:IND-GEODIS WHSE IND US,PAC00-14231,1-Dec-23,
GUN DOG SUPPLY,PRD:IND:IND-GEODIS WHSE IND US,PAC00-14231,1-Jan-24,
GUN DOG SUPPLY,PRD:IND:IND-GEODIS WHSE IND US,PAC00-14231,1-Feb-24,
GUN DOG SUPPLY,PRD:IND:IND-GEODIS WHSE IND US,PAC00-14231,1-Mar-24,
GUN DOG SUPPLY,PRD:IND:IND-GEODIS WHSE IND US,PAC00-14231,1-Apr-24,
GUN DOG SUPPLY,PRD:IND:IND-GEODIS WHSE IND US,PAC00-14231,1-May-24,
GUN DOG SUPPLY,PRD:IND:IND-GEODIS WHSE IND US,PAC00-14231,1-Jun-24,
GUN DOG SUPPLY,PRD:IND:IND-GEODIS WHSE IND US,PAC00-14231,1-Jul-24,
GUN DOG SUPPLY,PRD:IND:IND-GEODIS WHSE IND US,PAC00-14231,1-Aug-24,
GUN DOG SUPPLY,PRD:IND:IND-GEODIS WHSE IND US,PAC00-14231,1-Sep-24,
GUN DOG SUPPLY,PRD:IND:IND-GEODIS WHSE IND US,PAC00-14231,1-Oct-24,
GUN DOG SUPPLY,PRD:IND:IND-GEODIS WHSE IND US,PAC00-14231,1-Nov-24,
GUN DOG SUPPLY,PRD:IND:IND-GEODIS WHSE IND US,PAC00-14231,1-Dec-24,
GUN DOG SUPPLY,PRD:IND:IND-GEODIS WHSE IND US,PAC00-14231,1-Jan-25,
GUN DOG SUPPLY,PRD:IND:IND-GEODIS WHSE IND US,PAC00-14231,1-Feb-25,
GUN DOG SUPPLY,PRD:IND:IND-GEODIS WHSE IND US,PAC00-14231,1-Mar-25,
GUN DOG SUPPLY,PRD:IND:IND-GEODIS WHSE IND US,PAC00-14231,1-Apr-25,
GUN DOG SUPPLY,PRD:IND:IND-GEODIS WHSE IND US,PAC00-14231,1-May-25,
GUN DOG SUPPLY,PRD:IND:IND-GEODIS WHSE IND US,PAC00-14231,1-Jun-25,
GUN DOG SUPPLY,PRD:IND:IND-GEODIS WHSE IND US,PAC00-14231,1-Jul-25,
GUN DOG SUPPLY,PRD:IND:IND-GEODIS WHSE IND US,PAC00-14231,1-Aug-25,
GUN DOG SUPPLY,PRD:IND:IND-GEODIS WHSE IND US,PAC00-14231,1-Sep-25,
GUN DOG SUPPLY,PRD:IND:IND-GEODIS WHSE IND US,PAC00-14231,1-Oct-25,
GUN DOG SUPPLY,PRD:IND:IND-GEODIS WHSE IND US,PAC00-14231,1-Nov-25,
GUN DOG SUPPLY,PRD:IND:IND-GEODIS WHSE IND US,PAC00-14231,1-Dec-25,
GUN DOG SUPPLY,PRD:IND:IND-GEODIS WHSE IND US,PAC00-14231,1-Jan-26,
GUN DOG SUPPLY,PRD:IND:IND-GEODIS WHSE IND US,PAC00-14231,1-Feb-26,
GUN DOG SUPPLY,PRD:IND:IND-GEODIS WHSE IND US,PAC00-14231,1-Mar-26,
GUN DOG SUPPLY,PRD:IND:IND-GEODIS WHSE IND US,PAC00-14231,1-Apr-26,
H AND S FEED,PRD:IND:IND-GEODIS WHSE IND US,PBC-1000,1-May-23,
H AND S FEED,PRD:IND:IND-GEODIS WHSE IND US,PBC-1000,1-Jun-23,
H AND S FEED,PRD:IND:IND-GEODIS WHSE IND US,PBC-1000,1-Jul-23,
H AND S FEED,PRD:IND:IND-GEODIS WHSE IND US,PBC-1000,1-Aug-23,
H AND S FEED,PRD:IND:IND-GEODIS WHSE IND US,PBC-1000,1-Sep-23,
H AND S FEED,PRD:IND:IND-GEODIS WHSE IND US,PBC-1000,1-Oct-23,
H AND S FEED,PRD:IND:IND-GEODIS WHSE IND US,PBC-1000,1-Nov-23,
H AND S FEED,PRD:IND:IND-GEODIS WHSE IND US,PBC-1000,1-Dec-23,
H AND S FEED,PRD:IND:IND-GEODIS WHSE IND US,PBC-1000,1-Jan-24,
H AND S FEED,PRD:IND:IND-GEODIS WHSE IND US,PBC-1000,1-Feb-24,
H AND S FEED,PRD:IND:IND-GEODIS WHSE IND US,PBC-1000,1-Mar-24,
H AND S FEED,PRD:IND:IND-GEODIS WHSE IND US,PBC-1000,1-Apr-24,
H AND S FEED,PRD:IND:IND-GEODIS WHSE IND US,PBC-1000,1-May-24,
H AND S FEED,PRD:IND:IND-GEODIS WHSE IND US,PBC-1000,1-Jun-24,
H AND S FEED,PRD:IND:IND-GEODIS WHSE IND US,PBC-1000,1-Jul-24,
H AND S FEED,PRD:IND:IND-GEODIS WHSE IND US,PBC-1000,1-Aug-24,
H AND S FEED,PRD:IND:IND-GEODIS WHSE IND US,PBC-1000,1-Sep-24,
H AND S FEED,PRD:IND:IND-GEODIS WHSE IND US,PBC-1000,1-Oct-24,
H AND S FEED,PRD:IND:IND-GEODIS WHSE IND US,PBC-1000,1-Nov-24,
H AND S FEED,PRD:IND:IND-GEODIS WHSE IND US,PBC-1000,1-Dec-24,
H AND S FEED,PRD:IND:IND-GEODIS WHSE IND US,PBC-1000,1-Jan-25,
H AND S FEED,PRD:IND:IND-GEODIS WHSE IND US,PBC-1000,1-Feb-25,
H AND S FEED,PRD:IND:IND-GEODIS WHSE IND US,PBC-1000,1-Mar-25,
H AND S FEED,PRD:IND:IND-GEODIS WHSE IND US,PBC-1000,1-Apr-25,
H AND S FEED,PRD:IND:IND-GEODIS WHSE IND US,PBC-1000,1-May-25,
H AND S FEED,PRD:IND:IND-GEODIS WHSE IND US,PBC-1000,1-Jun-25,
H AND S FEED,PRD:IND:IND-GEODIS WHSE IND US,PBC-1000,1-Jul-25,
H AND S FEED,PRD:IND:IND-GEODIS WHSE IND US,PBC-1000,1-Aug-25,
H AND S FEED,PRD:IND:IND-GEODIS WHSE IND US,PBC-1000,1-Sep-25,
H AND S FEED,PRD:IND:IND-GEODIS WHSE IND US,PBC-1000,1-Oct-25,
H AND S FEED,PRD:IND:IND-GEODIS WHSE IND US,PBC-1000,1-Nov-25,
H AND S FEED,PRD:IND:IND-GEODIS WHSE IND US,PBC-1000,1-Dec-25,
H AND S FEED,PRD:IND:IND-GEODIS WHSE IND US,PBC-1000,1-Jan-26,
H AND S FEED,PRD:IND:IND-GEODIS WHSE IND US,PBC-1000,1-Feb-26,1
H AND S FEED,PRD:IND:IND-GEODIS WHSE IND US,PBC-1000,1-Mar-26,
H AND S FEED,PRD:IND:IND-GEODIS WHSE IND US,PBC-1000,1-Apr-26,
HALLMARK SA,PRD:IND:IND-GEODIS WHSE IND US,PBC-1000,1-May-23,
HALLMARK SA,PRD:IND:IND-GEODIS WHSE IND US,PBC-1000,1-Jun-23,
HALLMARK SA,PRD:IND:IND-GEODIS WHSE IND US,PBC-1000,1-Jul-23,
HALLMARK SA,PRD:IND:IND-GEODIS WHSE IND US,PBC-1000,1-Aug-23,
HALLMARK SA,PRD:IND:IND-GEODIS WHSE IND US,PBC-1000,1-Sep-23,
HALLMARK SA,PRD:IND:IND-GEODIS WHSE IND US,PBC-1000,1-Oct-23,
HALLMARK SA,PRD:IND:IND-GEODIS WHSE IND US,PBC-1000,1-Nov-23,
HALLMARK SA,PRD:IND:IND-GEODIS WHSE IND US,PBC-1000,1-Dec-23,
HALLMARK SA,PRD:IND:IND-GEODIS WHSE IND US,PBC-1000,1-Jan-24,
HALLMARK SA,PRD:IND:IND-GEODIS WHSE IND US,PBC-1000,1-Feb-24,
HALLMARK SA,PRD:IND:IND-GEODIS WHSE IND US,PBC-1000,1-Mar-24,
HALLMARK SA,PRD:IND:IND-GEODIS WHSE IND US,PBC-1000,1-Apr-24,
HALLMARK SA,PRD:IND:IND-GEODIS WHSE IND US,PBC-1000,1-May-24,
HALLMARK SA,PRD:IND:IND-GEODIS WHSE IND US,PBC-1000,1-Jun-24,
HALLMARK SA,PRD:IND:IND-GEODIS WHSE IND US,PBC-1000,1-Jul-24,
HALLMARK SA,PRD:IND:IND-GEODIS WHSE IND US,PBC-1000,1-Aug-24,
HALLMARK SA,PRD:IND:IND-GEODIS WHSE IND US,PBC-1000,1-Sep-24,
HALLMARK SA,PRD:IND:IND-GEODIS WHSE IND US,PBC-1000,1-Oct-24,
HALLMARK SA,PRD:IND:IND-GEODIS WHSE IND US,PBC-1000,1-Nov-24,
HALLMARK SA,PRD:IND:IND-GEODIS WHSE IND US,PBC-1000,1-Dec-24,
HALLMARK SA,PRD:IND:IND-GEODIS WHSE IND US,PBC-1000,1-Jan-25,
HALLMARK SA,PRD:IND:IND-GEODIS WHSE IND US,PBC-1000,1-Feb-25,
HALLMARK SA,PRD:IND:IND-GEODIS WHSE IND US,PBC-1000,1-Mar-25,
HALLMARK SA,PRD:IND:IND-GEODIS WHSE IND US,PBC-1000,1-Apr-25,12
HALLMARK SA,PRD:IND:IND-GEODIS WHSE IND US,PBC-1000,1-May-25,
HALLMARK SA,PRD:IND:IND-GEODIS WHSE IND US,PBC-1000,1-Jun-25,
HALLMARK SA,PRD:IND:IND-GEODIS WHSE IND US,PBC-1000,1-Jul-25,
HALLMARK SA,PRD:IND:IND-GEODIS WHSE IND US,PBC-1000,1-Aug-25,
HALLMARK SA,PRD:IND:IND-GEODIS WHSE IND US,PBC-1000,1-Sep-25,
HALLMARK SA,PRD:IND:IND-GEODIS WHSE IND US,PBC-1000,1-Oct-25,
HALLMARK SA,PRD:IND:IND-GEODIS WHSE IND US,PBC-1000,1-Nov-25,
HALLMARK SA,PRD:IND:IND-GEODIS WHSE IND US,PBC-1000,1-Dec-25,
HALLMARK SA,PRD:IND:IND-GEODIS WHSE IND US,PBC-1000,1-Jan-26,
HALLMARK SA,PRD:IND:IND-GEODIS WHSE IND US,PBC-1000,1-Feb-26,
HALLMARK SA,PRD:IND:IND-GEODIS WHSE IND US,PBC-1000,1-Mar-26,
HALLMARK SA,PRD:IND:IND-GEODIS WHSE IND US,PBC-1000,1-Apr-26,
HARBOR PET STORE,PRD:IND:IND-GEODIS WHSE IND US,PBC-1000,1-May-23,
HARBOR PET STORE,PRD:IND:IND-GEODIS WHSE IND US,PBC-1000,1-Jun-23,
HARBOR PET STORE,PRD:IND:IND-GEODIS WHSE IND US,PBC-1000,1-Jul-23,
HARBOR PET STORE,PRD:IND:IND-GEODIS WHSE IND US,PBC-1000,1-Aug-23,
HARBOR PET STORE,PRD:IND:IND-GEODIS WHSE IND US,PBC-1000,1-Sep-23,
HARBOR PET STORE,PRD:IND:IND-GEODIS WHSE IND US,PBC-1000,1-Oct-23,
HARBOR PET STORE,PRD:IND:IND-GEODIS WHSE IND US,PBC-1000,1-Nov-23,1
HARBOR PET STORE,PRD:IND:IND-GEODIS WHSE IND US,PBC-1000,1-Dec-23,
HARBOR PET STORE,PRD:IND:IND-GEODIS WHSE IND US,PBC-1000,1-Jan-24,
HARBOR PET STORE,PRD:IND:IND-GEODIS WHSE IND US,PBC-1000,1-Feb-24,
HARBOR PET STORE,PRD:IND:IND-GEODIS WHSE IND US,PBC-1000,1-Mar-24,
HARBOR PET STORE,PRD:IND:IND-GEODIS WHSE IND US,PBC-1000,1-Apr-24,
HARBOR PET STORE,PRD:IND:IND-GEODIS WHSE IND US,PBC-1000,1-May-24,
HARBOR PET STORE,PRD:IND:IND-GEODIS WHSE IND US,PBC-1000,1-Jun-24,
HARBOR PET STORE,PRD:IND:IND-GEODIS WHSE IND US,PBC-1000,1-Jul-24,
HARBOR PET STORE,PRD:IND:IND-GEODIS WHSE IND US,PBC-1000,1-Aug-24,
HARBOR PET STORE,PRD:IND:IND-GEODIS WHSE IND US,PBC-1000,1-Sep-24,
HARBOR PET STORE,PRD:IND:IND-GEODIS WHSE IND US,PBC-1000,1-Oct-24,
HARBOR PET STORE,PRD:IND:IND-GEODIS WHSE IND US,PBC-1000,1-Nov-24,
HARBOR PET STORE,PRD:IND:IND-GEODIS WHSE IND US,PBC-1000,1-Dec-24,
HARBOR PET STORE,PRD:IND:IND-GEODIS WHSE IND US,PBC-1000,1-Jan-25,
HARBOR PET STORE,PRD:IND:IND-GEODIS WHSE IND US,PBC-1000,1-Feb-25,
HARBOR PET STORE,PRD:IND:IND-GEODIS WHSE IND US,PBC-1000,1-Mar-25,
HARBOR PET STORE,PRD:IND:IND-GEODIS WHSE IND US,PBC-1000,1-Apr-25,
HARBOR PET STORE,PRD:IND:IND-GEODIS WHSE IND US,PBC-1000,1-May-25,
HARBOR PET STORE,PRD:IND:IND-GEODIS WHSE IND US,PBC-1000,1-Jun-25,
HARBOR PET STORE,PRD:IND:IND-GEODIS WHSE IND US,PBC-1000,1-Jul-25,
HARBOR PET STORE,PRD:IND:IND-GEODIS WHSE IND US,PBC-1000,1-Aug-25,
HARBOR PET STORE,PRD:IND:IND-GEODIS WHSE IND US,PBC-1000,1-Sep-25,
HARBOR PET STORE,PRD:IND:IND-GEODIS WHSE IND US,PBC-1000,1-Oct-25,
HARBOR PET STORE,PRD:IND:IND-GEODIS WHSE IND US,PBC-1000,1-Nov-25,
HARBOR PET STORE,PRD:IND:IND-GEODIS WHSE IND US,PBC-1000,1-Dec-25,
HARBOR PET STORE,PRD:IND:IND-GEODIS WHSE IND US,PBC-1000,1-Jan-26,
HARBOR PET STORE,PRD:IND:IND-GEODIS WHSE IND US,PBC-1000,1-Feb-26,
HARBOR PET STORE,PRD:IND:IND-GEODIS WHSE IND US,PBC-1000,1-Mar-26,
HARBOR PET STORE,PRD:IND:IND-GEODIS WHSE IND US,PBC-1000,1-Apr-26,
HARDWARE AND BUILDING TRADERS PTY LIMITED: THE GRI,PRD:AU1:AU1-AUSTRALIA B2B B2C INV ORG,PAC00-14231,1-May-23,
HARDWARE AND BUILDING TRADERS PTY LIMITED: THE GRI,PRD:AU1:AU1-AUSTRALIA B2B B2C INV ORG,PAC00-14231,1-Jun-23,
HARDWARE AND BUILDING TRADERS PTY LIMITED: THE GRI,PRD:AU1:AU1-AUSTRALIA B2B B2C INV ORG,PAC00-14231,1-Jul-23,
HARDWARE AND BUILDING TRADERS PTY LIMITED: THE GRI,PRD:AU1:AU1-AUSTRALIA B2B B2C INV ORG,PAC00-14231,1-Aug-23,
HARDWARE AND BUILDING TRADERS PTY LIMITED: THE GRI,PRD:AU1:AU1-AUSTRALIA B2B B2C INV ORG,PAC00-14231,1-Sep-23,
HARDWARE AND BUILDING TRADERS PTY LIMITED: THE GRI,PRD:AU1:AU1-AUSTRALIA B2B B2C INV ORG,PAC00-14231,1-Oct-23,
HARDWARE AND BUILDING TRADERS PTY LIMITED: THE GRI,PRD:AU1:AU1-AUSTRALIA B2B B2C INV ORG,PAC00-14231,1-Nov-23,
HARDWARE AND BUILDING TRADERS PTY LIMITED: THE GRI,PRD:AU1:AU1-AUSTRALIA B2B B2C INV ORG,PAC00-14231,1-Dec-23,
HARDWARE AND BUILDING TRADERS PTY LIMITED: THE GRI,PRD:AU1:AU1-AUSTRALIA B2B B2C INV ORG,PAC00-14231,1-Jan-24,
HARDWARE AND BUILDING TRADERS PTY LIMITED: THE GRI,PRD:AU1:AU1-AUSTRALIA B2B B2C INV ORG,PAC00-14231,1-Feb-24,
HARDWARE AND BUILDING TRADERS PTY LIMITED: THE GRI,PRD:AU1:AU1-AUSTRALIA B2B B2C INV ORG,PAC00-14231,1-Mar-24,
HARDWARE AND BUILDING TRADERS PTY LIMITED: THE GRI,PRD:AU1:AU1-AUSTRALIA B2B B2C INV ORG,PAC00-14231,1-Apr-24,
HARDWARE AND BUILDING TRADERS PTY LIMITED: THE GRI,PRD:AU1:AU1-AUSTRALIA B2B B2C INV ORG,PAC00-14231,1-May-24,
HARDWARE AND BUILDING TRADERS PTY LIMITED: THE GRI,PRD:AU1:AU1-AUSTRALIA B2B B2C INV ORG,PAC00-14231,1-Jun-24,
HARDWARE AND BUILDING TRADERS PTY LIMITED: THE GRI,PRD:AU1:AU1-AUSTRALIA B2B B2C INV ORG,PAC00-14231,1-Jul-24,
HARDWARE AND BUILDING TRADERS PTY LIMITED: THE GRI,PRD:AU1:AU1-AUSTRALIA B2B B2C INV ORG,PAC00-14231,1-Aug-24,
HARDWARE AND BUILDING TRADERS PTY LIMITED: THE GRI,PRD:AU1:AU1-AUSTRALIA B2B B2C INV ORG,PAC00-14231,1-Sep-24,
HARDWARE AND BUILDING TRADERS PTY LIMITED: THE GRI,PRD:AU1:AU1-AUSTRALIA B2B B2C INV ORG,PAC00-14231,1-Oct-24,
HARDWARE AND BUILDING TRADERS PTY LIMITED: THE GRI,PRD:AU1:AU1-AUSTRALIA B2B B2C INV ORG,PAC00-14231,1-Nov-24,
HARDWARE AND BUILDING TRADERS PTY LIMITED: THE GRI,PRD:AU1:AU1-AUSTRALIA B2B B2C INV ORG,PAC00-14231,1-Dec-24,
HARDWARE AND BUILDING TRADERS PTY LIMITED: THE GRI,PRD:AU1:AU1-AUSTRALIA B2B B2C INV ORG,PAC00-14231,1-Jan-25,
HARDWARE AND BUILDING TRADERS PTY LIMITED: THE GRI,PRD:AU1:AU1-AUSTRALIA B2B B2C INV ORG,PAC00-14231,1-Feb-25,
HARDWARE AND BUILDING TRADERS PTY LIMITED: THE GRI,PRD:AU1:AU1-AUSTRALIA B2B B2C INV ORG,PAC00-14231,1-Mar-25,
HARDWARE AND BUILDING TRADERS PTY LIMITED: THE GRI,PRD:AU1:AU1-AUSTRALIA B2B B2C INV ORG,PAC00-14231,1-Apr-25,2
HARDWARE AND BUILDING TRADERS PTY LIMITED: THE GRI,PRD:AU1:AU1-AUSTRALIA B2B B2C INV ORG,PAC00-14231,1-May-25,6
HARDWARE AND BUILDING TRADERS PTY LIMITED: THE GRI,PRD:AU1:AU1-AUSTRALIA B2B B2C INV ORG,PAC00-14231,1-Jun-25,8
HARDWARE AND BUILDING TRADERS PTY LIMITED: THE GRI,PRD:AU1:AU1-AUSTRALIA B2B B2C INV ORG,PAC00-14231,1-Jul-25,20
HARDWARE AND BUILDING TRADERS PTY LIMITED: THE GRI,PRD:AU1:AU1-AUSTRALIA B2B B2C INV ORG,PAC00-14231,1-Aug-25,10
HARDWARE AND BUILDING TRADERS PTY LIMITED: THE GRI,PRD:AU1:AU1-AUSTRALIA B2B B2C INV ORG,PAC00-14231,1-Sep-25,10
HARDWARE AND BUILDING TRADERS PTY LIMITED: THE GRI,PRD:AU1:AU1-AUSTRALIA B2B B2C INV ORG,PAC00-14231,1-Oct-25,
HARDWARE AND BUILDING TRADERS PTY LIMITED: THE GRI,PRD:AU1:AU1-AUSTRALIA B2B B2C INV ORG,PAC00-14231,1-Nov-25,12
HARDWARE AND BUILDING TRADERS PTY LIMITED: THE GRI,PRD:AU1:AU1-AUSTRALIA B2B B2C INV ORG,PAC00-14231,1-Dec-25,12
HARDWARE AND BUILDING TRADERS PTY LIMITED: THE GRI,PRD:AU1:AU1-AUSTRALIA B2B B2C INV ORG,PAC00-14231,1-Jan-26,
HARDWARE AND BUILDING TRADERS PTY LIMITED: THE GRI,PRD:AU1:AU1-AUSTRALIA B2B B2C INV ORG,PAC00-14231,1-Feb-26,12
HARDWARE AND BUILDING TRADERS PTY LIMITED: THE GRI,PRD:AU1:AU1-AUSTRALIA B2B B2C INV ORG,PAC00-14231,1-Mar-26,
HARDWARE AND BUILDING TRADERS PTY LIMITED: THE GRI,PRD:AU1:AU1-AUSTRALIA B2B B2C INV ORG,PAC00-14231,1-Apr-26,
HEALTHY PET  TEXAS,PRD:IND:IND-GEODIS WHSE IND US,PBC-1000,1-May-23,2
HEALTHY PET  TEXAS,PRD:IND:IND-GEODIS WHSE IND US,PBC-1000,1-Jun-23,3
HEALTHY PET  TEXAS,PRD:IND:IND-GEODIS WHSE IND US,PBC-1000,1-Jul-23,1
HEALTHY PET  TEXAS,PRD:IND:IND-GEODIS WHSE IND US,PBC-1000,1-Aug-23,1
HEALTHY PET  TEXAS,PRD:IND:IND-GEODIS WHSE IND US,PBC-1000,1-Sep-23,2
HEALTHY PET  TEXAS,PRD:IND:IND-GEODIS WHSE IND US,PBC-1000,1-Oct-23,1
HEALTHY PET  TEXAS,PRD:IND:IND-GEODIS WHSE IND US,PBC-1000,1-Nov-23,
HEALTHY PET  TEXAS,PRD:IND:IND-GEODIS WHSE IND US,PBC-1000,1-Dec-23,
HEALTHY PET  TEXAS,PRD:IND:IND-GEODIS WHSE IND US,PBC-1000,1-Jan-24,1
HEALTHY PET  TEXAS,PRD:IND:IND-GEODIS WHSE IND US,PBC-1000,1-Feb-24,2
HEALTHY PET  TEXAS,PRD:IND:IND-GEODIS WHSE IND US,PBC-1000,1-Mar-24,
HEALTHY PET  TEXAS,PRD:IND:IND-GEODIS WHSE IND US,PBC-1000,1-Apr-24,1
HEALTHY PET  TEXAS,PRD:IND:IND-GEODIS WHSE IND US,PBC-1000,1-May-24,
HEALTHY PET  TEXAS,PRD:IND:IND-GEODIS WHSE IND US,PBC-1000,1-Jun-24,
HEALTHY PET  TEXAS,PRD:IND:IND-GEODIS WHSE IND US,PBC-1000,1-Jul-24,2
HEALTHY PET  TEXAS,PRD:IND:IND-GEODIS WHSE IND US,PBC-1000,1-Aug-24,2
HEALTHY PET  TEXAS,PRD:IND:IND-GEODIS WHSE IND US,PBC-1000,1-Sep-24,
HEALTHY PET  TEXAS,PRD:IND:IND-GEODIS WHSE IND US,PBC-1000,1-Oct-24,
HEALTHY PET  TEXAS,PRD:IND:IND-GEODIS WHSE IND US,PBC-1000,1-Nov-24,
HEALTHY PET  TEXAS,PRD:IND:IND-GEODIS WHSE IND US,PBC-1000,1-Dec-24,
HEALTHY PET  TEXAS,PRD:IND:IND-GEODIS WHSE IND US,PBC-1000,1-Jan-25,
HEALTHY PET  TEXAS,PRD:IND:IND-GEODIS WHSE IND US,PBC-1000,1-Feb-25,
HEALTHY PET  TEXAS,PRD:IND:IND-GEODIS WHSE IND US,PBC-1000,1-Mar-25,5
HEALTHY PET  TEXAS,PRD:IND:IND-GEODIS WHSE IND US,PBC-1000,1-Apr-25,
HEALTHY PET  TEXAS,PRD:IND:IND-GEODIS WHSE IND US,PBC-1000,1-May-25,
HEALTHY PET  TEXAS,PRD:IND:IND-GEODIS WHSE IND US,PBC-1000,1-Jun-25,1
HEALTHY PET  TEXAS,PRD:IND:IND-GEODIS WHSE IND US,PBC-1000,1-Jul-25,
HEALTHY PET  TEXAS,PRD:IND:IND-GEODIS WHSE IND US,PBC-1000,1-Aug-25,1
HEALTHY PET  TEXAS,PRD:IND:IND-GEODIS WHSE IND US,PBC-1000,1-Sep-25,
HEALTHY PET  TEXAS,PRD:IND:IND-GEODIS WHSE IND US,PBC-1000,1-Oct-25,
HEALTHY PET  TEXAS,PRD:IND:IND-GEODIS WHSE IND US,PBC-1000,1-Nov-25,
HEALTHY PET  TEXAS,PRD:IND:IND-GEODIS WHSE IND US,PBC-1000,1-Dec-25,1
HEALTHY PET  TEXAS,PRD:IND:IND-GEODIS WHSE IND US,PBC-1000,1-Jan-26,
HEALTHY PET  TEXAS,PRD:IND:IND-GEODIS WHSE IND US,PBC-1000,1-Feb-26,
HEALTHY PET  TEXAS,PRD:IND:IND-GEODIS WHSE IND US,PBC-1000,1-Mar-26,
HEALTHY PET  TEXAS,PRD:IND:IND-GEODIS WHSE IND US,PBC-1000,1-Apr-26,1
HENNY PENNY PET CORNER,PRD:IND:IND-GEODIS WHSE IND US,PAC00-14231,1-May-23,
HENNY PENNY PET CORNER,PRD:IND:IND-GEODIS WHSE IND US,PAC00-14231,1-Jun-23,
HENNY PENNY PET CORNER,PRD:IND:IND-GEODIS WHSE IND US,PAC00-14231,1-Jul-23,
HENNY PENNY PET CORNER,PRD:IND:IND-GEODIS WHSE IND US,PAC00-14231,1-Aug-23,
HENNY PENNY PET CORNER,PRD:IND:IND-GEODIS WHSE IND US,PAC00-14231,1-Sep-23,
HENNY PENNY PET CORNER,PRD:IND:IND-GEODIS WHSE IND US,PAC00-14231,1-Oct-23,
HENNY PENNY PET CORNER,PRD:IND:IND-GEODIS WHSE IND US,PAC00-14231,1-Nov-23,
HENNY PENNY PET CORNER,PRD:IND:IND-GEODIS WHSE IND US,PAC00-14231,1-Dec-23,
HENNY PENNY PET CORNER,PRD:IND:IND-GEODIS WHSE IND US,PAC00-14231,1-Jan-24,
HENNY PENNY PET CORNER,PRD:IND:IND-GEODIS WHSE IND US,PAC00-14231,1-Feb-24,
HENNY PENNY PET CORNER,PRD:IND:IND-GEODIS WHSE IND US,PAC00-14231,1-Mar-24,
HENNY PENNY PET CORNER,PRD:IND:IND-GEODIS WHSE IND US,PAC00-14231,1-Apr-24,
HENNY PENNY PET CORNER,PRD:IND:IND-GEODIS WHSE IND US,PAC00-14231,1-May-24,
HENNY PENNY PET CORNER,PRD:IND:IND-GEODIS WHSE IND US,PAC00-14231,1-Jun-24,
HENNY PENNY PET CORNER,PRD:IND:IND-GEODIS WHSE IND US,PAC00-14231,1-Jul-24,
HENNY PENNY PET CORNER,PRD:IND:IND-GEODIS WHSE IND US,PAC00-14231,1-Aug-24,
HENNY PENNY PET CORNER,PRD:IND:IND-GEODIS WHSE IND US,PAC00-14231,1-Sep-24,
HENNY PENNY PET CORNER,PRD:IND:IND-GEODIS WHSE IND US,PAC00-14231,1-Oct-24,
HENNY PENNY PET CORNER,PRD:IND:IND-GEODIS WHSE IND US,PAC00-14231,1-Nov-24,
HENNY PENNY PET CORNER,PRD:IND:IND-GEODIS WHSE IND US,PAC00-14231,1-Dec-24,
HENNY PENNY PET CORNER,PRD:IND:IND-GEODIS WHSE IND US,PAC00-14231,1-Jan-25,
HENNY PENNY PET CORNER,PRD:IND:IND-GEODIS WHSE IND US,PAC00-14231,1-Feb-25,
HENNY PENNY PET CORNER,PRD:IND:IND-GEODIS WHSE IND US,PAC00-14231,1-Mar-25,
HENNY PENNY PET CORNER,PRD:IND:IND-GEODIS WHSE IND US,PAC00-14231,1-Apr-25,
HENNY PENNY PET CORNER,PRD:IND:IND-GEODIS WHSE IND US,PAC00-14231,1-May-25,
HENNY PENNY PET CORNER,PRD:IND:IND-GEODIS WHSE IND US,PAC00-14231,1-Jun-25,
HENNY PENNY PET CORNER,PRD:IND:IND-GEODIS WHSE IND US,PAC00-14231,1-Jul-25,
HENNY PENNY PET CORNER,PRD:IND:IND-GEODIS WHSE IND US,PAC00-14231,1-Aug-25,3
HENNY PENNY PET CORNER,PRD:IND:IND-GEODIS WHSE IND US,PAC00-14231,1-Sep-25,
HENNY PENNY PET CORNER,PRD:IND:IND-GEODIS WHSE IND US,PAC00-14231,1-Oct-25,
HENNY PENNY PET CORNER,PRD:IND:IND-GEODIS WHSE IND US,PAC00-14231,1-Nov-25,
HENNY PENNY PET CORNER,PRD:IND:IND-GEODIS WHSE IND US,PAC00-14231,1-Dec-25,
HENNY PENNY PET CORNER,PRD:IND:IND-GEODIS WHSE IND US,PAC00-14231,1-Jan-26,
HENNY PENNY PET CORNER,PRD:IND:IND-GEODIS WHSE IND US,PAC00-14231,1-Feb-26,
HENNY PENNY PET CORNER,PRD:IND:IND-GEODIS WHSE IND US,PAC00-14231,1-Mar-26,
HENNY PENNY PET CORNER,PRD:IND:IND-GEODIS WHSE IND US,PAC00-14231,1-Apr-26,
HOLLYWOOD FEED,PRD:IND:IND-GEODIS WHSE IND US,PAC00-14231,1-May-23,400
HOLLYWOOD FEED,PRD:IND:IND-GEODIS WHSE IND US,PAC00-14231,1-Jun-23,500
HOLLYWOOD FEED,PRD:IND:IND-GEODIS WHSE IND US,PAC00-14231,1-Jul-23,600
HOLLYWOOD FEED,PRD:IND:IND-GEODIS WHSE IND US,PAC00-14231,1-Aug-23,400
HOLLYWOOD FEED,PRD:IND:IND-GEODIS WHSE IND US,PAC00-14231,1-Sep-23,350
HOLLYWOOD FEED,PRD:IND:IND-GEODIS WHSE IND US,PAC00-14231,1-Oct-23,550
HOLLYWOOD FEED,PRD:IND:IND-GEODIS WHSE IND US,PAC00-14231,1-Nov-23,1000
HOLLYWOOD FEED,PRD:IND:IND-GEODIS WHSE IND US,PAC00-14231,1-Dec-23,500
HOLLYWOOD FEED,PRD:IND:IND-GEODIS WHSE IND US,PAC00-14231,1-Jan-24,250
HOLLYWOOD FEED,PRD:IND:IND-GEODIS WHSE IND US,PAC00-14231,1-Feb-24,400
HOLLYWOOD FEED,PRD:IND:IND-GEODIS WHSE IND US,PAC00-14231,1-Mar-24,150
HOLLYWOOD FEED,PRD:IND:IND-GEODIS WHSE IND US,PAC00-14231,1-Apr-24,400
HOLLYWOOD FEED,PRD:IND:IND-GEODIS WHSE IND US,PAC00-14231,1-May-24,400
HOLLYWOOD FEED,PRD:IND:IND-GEODIS WHSE IND US,PAC00-14231,1-Jun-24,150
HOLLYWOOD FEED,PRD:IND:IND-GEODIS WHSE IND US,PAC00-14231,1-Jul-24,700
HOLLYWOOD FEED,PRD:IND:IND-GEODIS WHSE IND US,PAC00-14231,1-Aug-24,600
HOLLYWOOD FEED,PRD:IND:IND-GEODIS WHSE IND US,PAC00-14231,1-Sep-24,250
HOLLYWOOD FEED,PRD:IND:IND-GEODIS WHSE IND US,PAC00-14231,1-Oct-24,400
HOLLYWOOD FEED,PRD:IND:IND-GEODIS WHSE IND US,PAC00-14231,1-Nov-24,600
HOLLYWOOD FEED,PRD:IND:IND-GEODIS WHSE IND US,PAC00-14231,1-Dec-24,100
HOLLYWOOD FEED,PRD:IND:IND-GEODIS WHSE IND US,PAC00-14231,1-Jan-25,450
HOLLYWOOD FEED,PRD:IND:IND-GEODIS WHSE IND US,PAC00-14231,1-Feb-25,250
HOLLYWOOD FEED,PRD:IND:IND-GEODIS WHSE IND US,PAC00-14231,1-Mar-25,550
HOLLYWOOD FEED,PRD:IND:IND-GEODIS WHSE IND US,PAC00-14231,1-Apr-25,100
HOLLYWOOD FEED,PRD:IND:IND-GEODIS WHSE IND US,PAC00-14231,1-May-25,350
HOLLYWOOD FEED,PRD:IND:IND-GEODIS WHSE IND US,PAC00-14231,1-Jun-25,400
HOLLYWOOD FEED,PRD:IND:IND-GEODIS WHSE IND US,PAC00-14231,1-Jul-25,250
HOLLYWOOD FEED,PRD:IND:IND-GEODIS WHSE IND US,PAC00-14231,1-Aug-25,400
HOLLYWOOD FEED,PRD:IND:IND-GEODIS WHSE IND US,PAC00-14231,1-Sep-25,
HOLLYWOOD FEED,PRD:IND:IND-GEODIS WHSE IND US,PAC00-14231,1-Oct-25,200
HOLLYWOOD FEED,PRD:IND:IND-GEODIS WHSE IND US,PAC00-14231,1-Nov-25,400
HOLLYWOOD FEED,PRD:IND:IND-GEODIS WHSE IND US,PAC00-14231,1-Dec-25,300
HOLLYWOOD FEED,PRD:IND:IND-GEODIS WHSE IND US,PAC00-14231,1-Jan-26,400
HOLLYWOOD FEED,PRD:IND:IND-GEODIS WHSE IND US,PAC00-14231,1-Feb-26,200
HOLLYWOOD FEED,PRD:IND:IND-GEODIS WHSE IND US,PAC00-14231,1-Mar-26,400
HOLLYWOOD FEED,PRD:IND:IND-GEODIS WHSE IND US,PAC00-14231,1-Apr-26,200
HOME DEPOT DROPSHIP,PRD:IND:IND-GEODIS WHSE IND US,PBC-1000,1-May-23,
HOME DEPOT DROPSHIP,PRD:IND:IND-GEODIS WHSE IND US,PBC-1000,1-Jun-23,
HOME DEPOT DROPSHIP,PRD:IND:IND-GEODIS WHSE IND US,PBC-1000,1-Jul-23,
HOME DEPOT DROPSHIP,PRD:IND:IND-GEODIS WHSE IND US,PBC-1000,1-Aug-23,
HOME DEPOT DROPSHIP,PRD:IND:IND-GEODIS WHSE IND US,PBC-1000,1-Sep-23,
HOME DEPOT DROPSHIP,PRD:IND:IND-GEODIS WHSE IND US,PBC-1000,1-Oct-23,
HOME DEPOT DROPSHIP,PRD:IND:IND-GEODIS WHSE IND US,PBC-1000,1-Nov-23,
HOME DEPOT DROPSHIP,PRD:IND:IND-GEODIS WHSE IND US,PBC-1000,1-Dec-23,
HOME DEPOT DROPSHIP,PRD:IND:IND-GEODIS WHSE IND US,PBC-1000,1-Jan-24,
HOME DEPOT DROPSHIP,PRD:IND:IND-GEODIS WHSE IND US,PBC-1000,1-Feb-24,
HOME DEPOT DROPSHIP,PRD:IND:IND-GEODIS WHSE IND US,PBC-1000,1-Mar-24,
HOME DEPOT DROPSHIP,PRD:IND:IND-GEODIS WHSE IND US,PBC-1000,1-Apr-24,
HOME DEPOT DROPSHIP,PRD:IND:IND-GEODIS WHSE IND US,PBC-1000,1-May-24,
HOME DEPOT DROPSHIP,PRD:IND:IND-GEODIS WHSE IND US,PBC-1000,1-Jun-24,
HOME DEPOT DROPSHIP,PRD:IND:IND-GEODIS WHSE IND US,PBC-1000,1-Jul-24,
HOME DEPOT DROPSHIP,PRD:IND:IND-GEODIS WHSE IND US,PBC-1000,1-Aug-24,
HOME DEPOT DROPSHIP,PRD:IND:IND-GEODIS WHSE IND US,PBC-1000,1-Sep-24,
HOME DEPOT DROPSHIP,PRD:IND:IND-GEODIS WHSE IND US,PBC-1000,1-Oct-24,
HOME DEPOT DROPSHIP,PRD:IND:IND-GEODIS WHSE IND US,PBC-1000,1-Nov-24,
HOME DEPOT DROPSHIP,PRD:IND:IND-GEODIS WHSE IND US,PBC-1000,1-Dec-24,
HOME DEPOT DROPSHIP,PRD:IND:IND-GEODIS WHSE IND US,PBC-1000,1-Jan-25,
HOME DEPOT DROPSHIP,PRD:IND:IND-GEODIS WHSE IND US,PBC-1000,1-Feb-25,
HOME DEPOT DROPSHIP,PRD:IND:IND-GEODIS WHSE IND US,PBC-1000,1-Mar-25,
HOME DEPOT DROPSHIP,PRD:IND:IND-GEODIS WHSE IND US,PBC-1000,1-Apr-25,
HOME DEPOT DROPSHIP,PRD:IND:IND-GEODIS WHSE IND US,PBC-1000,1-May-25,
HOME DEPOT DROPSHIP,PRD:IND:IND-GEODIS WHSE IND US,PBC-1000,1-Jun-25,
HOME DEPOT DROPSHIP,PRD:IND:IND-GEODIS WHSE IND US,PBC-1000,1-Jul-25,
HOME DEPOT DROPSHIP,PRD:IND:IND-GEODIS WHSE IND US,PBC-1000,1-Aug-25,
HOME DEPOT DROPSHIP,PRD:IND:IND-GEODIS WHSE IND US,PBC-1000,1-Sep-25,
HOME DEPOT DROPSHIP,PRD:IND:IND-GEODIS WHSE IND US,PBC-1000,1-Oct-25,
HOME DEPOT DROPSHIP,PRD:IND:IND-GEODIS WHSE IND US,PBC-1000,1-Nov-25,
HOME DEPOT DROPSHIP,PRD:IND:IND-GEODIS WHSE IND US,PBC-1000,1-Dec-25,
HOME DEPOT DROPSHIP,PRD:IND:IND-GEODIS WHSE IND US,PBC-1000,1-Jan-26,4
HOME DEPOT DROPSHIP,PRD:IND:IND-GEODIS WHSE IND US,PBC-1000,1-Feb-26,3
HOME DEPOT DROPSHIP,PRD:IND:IND-GEODIS WHSE IND US,PBC-1000,1-Mar-26,7
HOME DEPOT DROPSHIP,PRD:IND:IND-GEODIS WHSE IND US,PBC-1000,1-Apr-26,12
HOUNDS TOWN  WESTERVILLE,PRD:IND:IND-GEODIS WHSE IND US,PBC-1000,1-May-23,
HOUNDS TOWN  WESTERVILLE,PRD:IND:IND-GEODIS WHSE IND US,PBC-1000,1-Jun-23,
HOUNDS TOWN  WESTERVILLE,PRD:IND:IND-GEODIS WHSE IND US,PBC-1000,1-Jul-23,
HOUNDS TOWN  WESTERVILLE,PRD:IND:IND-GEODIS WHSE IND US,PBC-1000,1-Aug-23,
HOUNDS TOWN  WESTERVILLE,PRD:IND:IND-GEODIS WHSE IND US,PBC-1000,1-Sep-23,
HOUNDS TOWN  WESTERVILLE,PRD:IND:IND-GEODIS WHSE IND US,PBC-1000,1-Oct-23,
HOUNDS TOWN  WESTERVILLE,PRD:IND:IND-GEODIS WHSE IND US,PBC-1000,1-Nov-23,
HOUNDS TOWN  WESTERVILLE,PRD:IND:IND-GEODIS WHSE IND US,PBC-1000,1-Dec-23,
HOUNDS TOWN  WESTERVILLE,PRD:IND:IND-GEODIS WHSE IND US,PBC-1000,1-Jan-24,
HOUNDS TOWN  WESTERVILLE,PRD:IND:IND-GEODIS WHSE IND US,PBC-1000,1-Feb-24,
HOUNDS TOWN  WESTERVILLE,PRD:IND:IND-GEODIS WHSE IND US,PBC-1000,1-Mar-24,
HOUNDS TOWN  WESTERVILLE,PRD:IND:IND-GEODIS WHSE IND US,PBC-1000,1-Apr-24,
HOUNDS TOWN  WESTERVILLE,PRD:IND:IND-GEODIS WHSE IND US,PBC-1000,1-May-24,
HOUNDS TOWN  WESTERVILLE,PRD:IND:IND-GEODIS WHSE IND US,PBC-1000,1-Jun-24,
HOUNDS TOWN  WESTERVILLE,PRD:IND:IND-GEODIS WHSE IND US,PBC-1000,1-Jul-24,
HOUNDS TOWN  WESTERVILLE,PRD:IND:IND-GEODIS WHSE IND US,PBC-1000,1-Aug-24,
HOUNDS TOWN  WESTERVILLE,PRD:IND:IND-GEODIS WHSE IND US,PBC-1000,1-Sep-24,
HOUNDS TOWN  WESTERVILLE,PRD:IND:IND-GEODIS WHSE IND US,PBC-1000,1-Oct-24,
HOUNDS TOWN  WESTERVILLE,PRD:IND:IND-GEODIS WHSE IND US,PBC-1000,1-Nov-24,
HOUNDS TOWN  WESTERVILLE,PRD:IND:IND-GEODIS WHSE IND US,PBC-1000,1-Dec-24,
HOUNDS TOWN  WESTERVILLE,PRD:IND:IND-GEODIS WHSE IND US,PBC-1000,1-Jan-25,
HOUNDS TOWN  WESTERVILLE,PRD:IND:IND-GEODIS WHSE IND US,PBC-1000,1-Feb-25,
HOUNDS TOWN  WESTERVILLE,PRD:IND:IND-GEODIS WHSE IND US,PBC-1000,1-Mar-25,
HOUNDS TOWN  WESTERVILLE,PRD:IND:IND-GEODIS WHSE IND US,PBC-1000,1-Apr-25,1
HOUNDS TOWN  WESTERVILLE,PRD:IND:IND-GEODIS WHSE IND US,PBC-1000,1-May-25,
HOUNDS TOWN  WESTERVILLE,PRD:IND:IND-GEODIS WHSE IND US,PBC-1000,1-Jun-25,
HOUNDS TOWN  WESTERVILLE,PRD:IND:IND-GEODIS WHSE IND US,PBC-1000,1-Jul-25,
HOUNDS TOWN  WESTERVILLE,PRD:IND:IND-GEODIS WHSE IND US,PBC-1000,1-Aug-25,
HOUNDS TOWN  WESTERVILLE,PRD:IND:IND-GEODIS WHSE IND US,PBC-1000,1-Sep-25,
HOUNDS TOWN  WESTERVILLE,PRD:IND:IND-GEODIS WHSE IND US,PBC-1000,1-Oct-25,
HOUNDS TOWN  WESTERVILLE,PRD:IND:IND-GEODIS WHSE IND US,PBC-1000,1-Nov-25,
HOUNDS TOWN  WESTERVILLE,PRD:IND:IND-GEODIS WHSE IND US,PBC-1000,1-Dec-25,
HOUNDS TOWN  WESTERVILLE,PRD:IND:IND-GEODIS WHSE IND US,PBC-1000,1-Jan-26,
HOUNDS TOWN  WESTERVILLE,PRD:IND:IND-GEODIS WHSE IND US,PBC-1000,1-Feb-26,
HOUNDS TOWN  WESTERVILLE,PRD:IND:IND-GEODIS WHSE IND US,PBC-1000,1-Mar-26,
HOUNDS TOWN  WESTERVILLE,PRD:IND:IND-GEODIS WHSE IND US,PBC-1000,1-Apr-26,
I.F. HEART OF AMERICA,PRD:IND:IND-GEODIS WHSE IND US,PBC-1000,1-May-23,
I.F. HEART OF AMERICA,PRD:IND:IND-GEODIS WHSE IND US,PBC-1000,1-Jun-23,
I.F. HEART OF AMERICA,PRD:IND:IND-GEODIS WHSE IND US,PBC-1000,1-Jul-23,
I.F. HEART OF AMERICA,PRD:IND:IND-GEODIS WHSE IND US,PBC-1000,1-Aug-23,
I.F. HEART OF AMERICA,PRD:IND:IND-GEODIS WHSE IND US,PBC-1000,1-Sep-23,
I.F. HEART OF AMERICA,PRD:IND:IND-GEODIS WHSE IND US,PBC-1000,1-Oct-23,
I.F. HEART OF AMERICA,PRD:IND:IND-GEODIS WHSE IND US,PBC-1000,1-Nov-23,
I.F. HEART OF AMERICA,PRD:IND:IND-GEODIS WHSE IND US,PBC-1000,1-Dec-23,
I.F. HEART OF AMERICA,PRD:IND:IND-GEODIS WHSE IND US,PBC-1000,1-Jan-24,1
I.F. HEART OF AMERICA,PRD:IND:IND-GEODIS WHSE IND US,PBC-1000,1-Feb-24,
I.F. HEART OF AMERICA,PRD:IND:IND-GEODIS WHSE IND US,PBC-1000,1-Mar-24,
I.F. HEART OF AMERICA,PRD:IND:IND-GEODIS WHSE IND US,PBC-1000,1-Apr-24,
I.F. HEART OF AMERICA,PRD:IND:IND-GEODIS WHSE IND US,PBC-1000,1-May-24,
I.F. HEART OF AMERICA,PRD:IND:IND-GEODIS WHSE IND US,PBC-1000,1-Jun-24,
I.F. HEART OF AMERICA,PRD:IND:IND-GEODIS WHSE IND US,PBC-1000,1-Jul-24,
I.F. HEART OF AMERICA,PRD:IND:IND-GEODIS WHSE IND US,PBC-1000,1-Aug-24,
I.F. HEART OF AMERICA,PRD:IND:IND-GEODIS WHSE IND US,PBC-1000,1-Sep-24,
I.F. HEART OF AMERICA,PRD:IND:IND-GEODIS WHSE IND US,PBC-1000,1-Oct-24,
I.F. HEART OF AMERICA,PRD:IND:IND-GEODIS WHSE IND US,PBC-1000,1-Nov-24,
I.F. HEART OF AMERICA,PRD:IND:IND-GEODIS WHSE IND US,PBC-1000,1-Dec-24,
I.F. HEART OF AMERICA,PRD:IND:IND-GEODIS WHSE IND US,PBC-1000,1-Jan-25,
I.F. HEART OF AMERICA,PRD:IND:IND-GEODIS WHSE IND US,PBC-1000,1-Feb-25,
I.F. HEART OF AMERICA,PRD:IND:IND-GEODIS WHSE IND US,PBC-1000,1-Mar-25,
I.F. HEART OF AMERICA,PRD:IND:IND-GEODIS WHSE IND US,PBC-1000,1-Apr-25,
I.F. HEART OF AMERICA,PRD:IND:IND-GEODIS WHSE IND US,PBC-1000,1-May-25,
I.F. HEART OF AMERICA,PRD:IND:IND-GEODIS WHSE IND US,PBC-1000,1-Jun-25,
I.F. HEART OF AMERICA,PRD:IND:IND-GEODIS WHSE IND US,PBC-1000,1-Jul-25,
I.F. HEART OF AMERICA,PRD:IND:IND-GEODIS WHSE IND US,PBC-1000,1-Aug-25,
I.F. HEART OF AMERICA,PRD:IND:IND-GEODIS WHSE IND US,PBC-1000,1-Sep-25,
I.F. HEART OF AMERICA,PRD:IND:IND-GEODIS WHSE IND US,PBC-1000,1-Oct-25,
I.F. HEART OF AMERICA,PRD:IND:IND-GEODIS WHSE IND US,PBC-1000,1-Nov-25,
I.F. HEART OF AMERICA,PRD:IND:IND-GEODIS WHSE IND US,PBC-1000,1-Dec-25,
I.F. HEART OF AMERICA,PRD:IND:IND-GEODIS WHSE IND US,PBC-1000,1-Jan-26,
I.F. HEART OF AMERICA,PRD:IND:IND-GEODIS WHSE IND US,PBC-1000,1-Feb-26,
I.F. HEART OF AMERICA,PRD:IND:IND-GEODIS WHSE IND US,PBC-1000,1-Mar-26,
I.F. HEART OF AMERICA,PRD:IND:IND-GEODIS WHSE IND US,PBC-1000,1-Apr-26,
I.F. OF CENTRAL KANSAS,PRD:IND:IND-GEODIS WHSE IND US,PAC00-14231,1-May-23,
I.F. OF CENTRAL KANSAS,PRD:IND:IND-GEODIS WHSE IND US,PAC00-14231,1-Jun-23,
I.F. OF CENTRAL KANSAS,PRD:IND:IND-GEODIS WHSE IND US,PAC00-14231,1-Jul-23,
I.F. OF CENTRAL KANSAS,PRD:IND:IND-GEODIS WHSE IND US,PAC00-14231,1-Aug-23,
I.F. OF CENTRAL KANSAS,PRD:IND:IND-GEODIS WHSE IND US,PAC00-14231,1-Sep-23,
I.F. OF CENTRAL KANSAS,PRD:IND:IND-GEODIS WHSE IND US,PAC00-14231,1-Oct-23,
I.F. OF CENTRAL KANSAS,PRD:IND:IND-GEODIS WHSE IND US,PAC00-14231,1-Nov-23,
I.F. OF CENTRAL KANSAS,PRD:IND:IND-GEODIS WHSE IND US,PAC00-14231,1-Dec-23,1
I.F. OF CENTRAL KANSAS,PRD:IND:IND-GEODIS WHSE IND US,PAC00-14231,1-Jan-24,
I.F. OF CENTRAL KANSAS,PRD:IND:IND-GEODIS WHSE IND US,PAC00-14231,1-Feb-24,
I.F. OF CENTRAL KANSAS,PRD:IND:IND-GEODIS WHSE IND US,PAC00-14231,1-Mar-24,1
I.F. OF CENTRAL KANSAS,PRD:IND:IND-GEODIS WHSE IND US,PAC00-14231,1-Apr-24,3
I.F. OF CENTRAL KANSAS,PRD:IND:IND-GEODIS WHSE IND US,PAC00-14231,1-May-24,1
I.F. OF CENTRAL KANSAS,PRD:IND:IND-GEODIS WHSE IND US,PAC00-14231,1-Jun-24,
I.F. OF CENTRAL KANSAS,PRD:IND:IND-GEODIS WHSE IND US,PAC00-14231,1-Jul-24,1
I.F. OF CENTRAL KANSAS,PRD:IND:IND-GEODIS WHSE IND US,PAC00-14231,1-Aug-24,
I.F. OF CENTRAL KANSAS,PRD:IND:IND-GEODIS WHSE IND US,PAC00-14231,1-Sep-24,
I.F. OF CENTRAL KANSAS,PRD:IND:IND-GEODIS WHSE IND US,PAC00-14231,1-Oct-24,
I.F. OF CENTRAL KANSAS,PRD:IND:IND-GEODIS WHSE IND US,PAC00-14231,1-Nov-24,
I.F. OF CENTRAL KANSAS,PRD:IND:IND-GEODIS WHSE IND US,PAC00-14231,1-Dec-24,
I.F. OF CENTRAL KANSAS,PRD:IND:IND-GEODIS WHSE IND US,PAC00-14231,1-Jan-25,
I.F. OF CENTRAL KANSAS,PRD:IND:IND-GEODIS WHSE IND US,PAC00-14231,1-Feb-25,
I.F. OF CENTRAL KANSAS,PRD:IND:IND-GEODIS WHSE IND US,PAC00-14231,1-Mar-25,4
I.F. OF CENTRAL KANSAS,PRD:IND:IND-GEODIS WHSE IND US,PAC00-14231,1-Apr-25,
I.F. OF CENTRAL KANSAS,PRD:IND:IND-GEODIS WHSE IND US,PAC00-14231,1-May-25,
I.F. OF CENTRAL KANSAS,PRD:IND:IND-GEODIS WHSE IND US,PAC00-14231,1-Jun-25,
I.F. OF CENTRAL KANSAS,PRD:IND:IND-GEODIS WHSE IND US,PAC00-14231,1-Jul-25,
I.F. OF CENTRAL KANSAS,PRD:IND:IND-GEODIS WHSE IND US,PAC00-14231,1-Aug-25,1
I.F. OF CENTRAL KANSAS,PRD:IND:IND-GEODIS WHSE IND US,PAC00-14231,1-Sep-25,
I.F. OF CENTRAL KANSAS,PRD:IND:IND-GEODIS WHSE IND US,PAC00-14231,1-Oct-25,2
I.F. OF CENTRAL KANSAS,PRD:IND:IND-GEODIS WHSE IND US,PAC00-14231,1-Nov-25,
I.F. OF CENTRAL KANSAS,PRD:IND:IND-GEODIS WHSE IND US,PAC00-14231,1-Dec-25,
I.F. OF CENTRAL KANSAS,PRD:IND:IND-GEODIS WHSE IND US,PAC00-14231,1-Jan-26,
I.F. OF CENTRAL KANSAS,PRD:IND:IND-GEODIS WHSE IND US,PAC00-14231,1-Feb-26,
I.F. OF CENTRAL KANSAS,PRD:IND:IND-GEODIS WHSE IND US,PAC00-14231,1-Mar-26,1
I.F. OF CENTRAL KANSAS,PRD:IND:IND-GEODIS WHSE IND US,PAC00-14231,1-Apr-26,
I.F. OF THE TRI-STATES,PRD:IND:IND-GEODIS WHSE IND US,PAC00-14231,1-May-23,
I.F. OF THE TRI-STATES,PRD:IND:IND-GEODIS WHSE IND US,PAC00-14231,1-Jun-23,
I.F. OF THE TRI-STATES,PRD:IND:IND-GEODIS WHSE IND US,PAC00-14231,1-Jul-23,4
I.F. OF THE TRI-STATES,PRD:IND:IND-GEODIS WHSE IND US,PAC00-14231,1-Aug-23,
I.F. OF THE TRI-STATES,PRD:IND:IND-GEODIS WHSE IND US,PAC00-14231,1-Sep-23,
I.F. OF THE TRI-STATES,PRD:IND:IND-GEODIS WHSE IND US,PAC00-14231,1-Oct-23,3
I.F. OF THE TRI-STATES,PRD:IND:IND-GEODIS WHSE IND US,PAC00-14231,1-Nov-23,
I.F. OF THE TRI-STATES,PRD:IND:IND-GEODIS WHSE IND US,PAC00-14231,1-Dec-23,1
I.F. OF THE TRI-STATES,PRD:IND:IND-GEODIS WHSE IND US,PAC00-14231,1-Jan-24,
I.F. OF THE TRI-STATES,PRD:IND:IND-GEODIS WHSE IND US,PAC00-14231,1-Feb-24,2
I.F. OF THE TRI-STATES,PRD:IND:IND-GEODIS WHSE IND US,PAC00-14231,1-Mar-24,
I.F. OF THE TRI-STATES,PRD:IND:IND-GEODIS WHSE IND US,PAC00-14231,1-Apr-24,
I.F. OF THE TRI-STATES,PRD:IND:IND-GEODIS WHSE IND US,PAC00-14231,1-May-24,2
I.F. OF THE TRI-STATES,PRD:IND:IND-GEODIS WHSE IND US,PAC00-14231,1-Jun-24,1
I.F. OF THE TRI-STATES,PRD:IND:IND-GEODIS WHSE IND US,PAC00-14231,1-Jul-24,
I.F. OF THE TRI-STATES,PRD:IND:IND-GEODIS WHSE IND US,PAC00-14231,1-Aug-24,1
I.F. OF THE TRI-STATES,PRD:IND:IND-GEODIS WHSE IND US,PAC00-14231,1-Sep-24,1
I.F. OF THE TRI-STATES,PRD:IND:IND-GEODIS WHSE IND US,PAC00-14231,1-Oct-24,1
I.F. OF THE TRI-STATES,PRD:IND:IND-GEODIS WHSE IND US,PAC00-14231,1-Nov-24,
I.F. OF THE TRI-STATES,PRD:IND:IND-GEODIS WHSE IND US,PAC00-14231,1-Dec-24,
I.F. OF THE TRI-STATES,PRD:IND:IND-GEODIS WHSE IND US,PAC00-14231,1-Jan-25,
I.F. OF THE TRI-STATES,PRD:IND:IND-GEODIS WHSE IND US,PAC00-14231,1-Feb-25,
I.F. OF THE TRI-STATES,PRD:IND:IND-GEODIS WHSE IND US,PAC00-14231,1-Mar-25,
I.F. OF THE TRI-STATES,PRD:IND:IND-GEODIS WHSE IND US,PAC00-14231,1-Apr-25,
I.F. OF THE TRI-STATES,PRD:IND:IND-GEODIS WHSE IND US,PAC00-14231,1-May-25,
I.F. OF THE TRI-STATES,PRD:IND:IND-GEODIS WHSE IND US,PAC00-14231,1-Jun-25,
I.F. OF THE TRI-STATES,PRD:IND:IND-GEODIS WHSE IND US,PAC00-14231,1-Jul-25,
I.F. OF THE TRI-STATES,PRD:IND:IND-GEODIS WHSE IND US,PAC00-14231,1-Aug-25,
I.F. OF THE TRI-STATES,PRD:IND:IND-GEODIS WHSE IND US,PAC00-14231,1-Sep-25,
I.F. OF THE TRI-STATES,PRD:IND:IND-GEODIS WHSE IND US,PAC00-14231,1-Oct-25,
I.F. OF THE TRI-STATES,PRD:IND:IND-GEODIS WHSE IND US,PAC00-14231,1-Nov-25,
I.F. OF THE TRI-STATES,PRD:IND:IND-GEODIS WHSE IND US,PAC00-14231,1-Dec-25,
I.F. OF THE TRI-STATES,PRD:IND:IND-GEODIS WHSE IND US,PAC00-14231,1-Jan-26,
I.F. OF THE TRI-STATES,PRD:IND:IND-GEODIS WHSE IND US,PAC00-14231,1-Feb-26,
I.F. OF THE TRI-STATES,PRD:IND:IND-GEODIS WHSE IND US,PAC00-14231,1-Mar-26,
I.F. OF THE TRI-STATES,PRD:IND:IND-GEODIS WHSE IND US,PAC00-14231,1-Apr-26,
IBUYS ONLINE,PRD:AU1:AU1-AUSTRALIA B2B B2C INV ORG,PAC00-14231,1-May-23,
IBUYS ONLINE,PRD:AU1:AU1-AUSTRALIA B2B B2C INV ORG,PAC00-14231,1-Jun-23,
IBUYS ONLINE,PRD:AU1:AU1-AUSTRALIA B2B B2C INV ORG,PAC00-14231,1-Jul-23,
IBUYS ONLINE,PRD:AU1:AU1-AUSTRALIA B2B B2C INV ORG,PAC00-14231,1-Aug-23,
IBUYS ONLINE,PRD:AU1:AU1-AUSTRALIA B2B B2C INV ORG,PAC00-14231,1-Sep-23,
IBUYS ONLINE,PRD:AU1:AU1-AUSTRALIA B2B B2C INV ORG,PAC00-14231,1-Oct-23,
IBUYS ONLINE,PRD:AU1:AU1-AUSTRALIA B2B B2C INV ORG,PAC00-14231,1-Nov-23,
IBUYS ONLINE,PRD:AU1:AU1-AUSTRALIA B2B B2C INV ORG,PAC00-14231,1-Dec-23,
IBUYS ONLINE,PRD:AU1:AU1-AUSTRALIA B2B B2C INV ORG,PAC00-14231,1-Jan-24,
IBUYS ONLINE,PRD:AU1:AU1-AUSTRALIA B2B B2C INV ORG,PAC00-14231,1-Feb-24,
IBUYS ONLINE,PRD:AU1:AU1-AUSTRALIA B2B B2C INV ORG,PAC00-14231,1-Mar-24,
IBUYS ONLINE,PRD:AU1:AU1-AUSTRALIA B2B B2C INV ORG,PAC00-14231,1-Apr-24,
IBUYS ONLINE,PRD:AU1:AU1-AUSTRALIA B2B B2C INV ORG,PAC00-14231,1-May-24,
IBUYS ONLINE,PRD:AU1:AU1-AUSTRALIA B2B B2C INV ORG,PAC00-14231,1-Jun-24,
IBUYS ONLINE,PRD:AU1:AU1-AUSTRALIA B2B B2C INV ORG,PAC00-14231,1-Jul-24,
IBUYS ONLINE,PRD:AU1:AU1-AUSTRALIA B2B B2C INV ORG,PAC00-14231,1-Aug-24,
IBUYS ONLINE,PRD:AU1:AU1-AUSTRALIA B2B B2C INV ORG,PAC00-14231,1-Sep-24,
IBUYS ONLINE,PRD:AU1:AU1-AUSTRALIA B2B B2C INV ORG,PAC00-14231,1-Oct-24,
IBUYS ONLINE,PRD:AU1:AU1-AUSTRALIA B2B B2C INV ORG,PAC00-14231,1-Nov-24,
IBUYS ONLINE,PRD:AU1:AU1-AUSTRALIA B2B B2C INV ORG,PAC00-14231,1-Dec-24,
IBUYS ONLINE,PRD:AU1:AU1-AUSTRALIA B2B B2C INV ORG,PAC00-14231,1-Jan-25,
IBUYS ONLINE,PRD:AU1:AU1-AUSTRALIA B2B B2C INV ORG,PAC00-14231,1-Feb-25,
IBUYS ONLINE,PRD:AU1:AU1-AUSTRALIA B2B B2C INV ORG,PAC00-14231,1-Mar-25,4
IBUYS ONLINE,PRD:AU1:AU1-AUSTRALIA B2B B2C INV ORG,PAC00-14231,1-Apr-25,
IBUYS ONLINE,PRD:AU1:AU1-AUSTRALIA B2B B2C INV ORG,PAC00-14231,1-May-25,
IBUYS ONLINE,PRD:AU1:AU1-AUSTRALIA B2B B2C INV ORG,PAC00-14231,1-Jun-25,
IBUYS ONLINE,PRD:AU1:AU1-AUSTRALIA B2B B2C INV ORG,PAC00-14231,1-Jul-25,
IBUYS ONLINE,PRD:AU1:AU1-AUSTRALIA B2B B2C INV ORG,PAC00-14231,1-Aug-25,
IBUYS ONLINE,PRD:AU1:AU1-AUSTRALIA B2B B2C INV ORG,PAC00-14231,1-Sep-25,
IBUYS ONLINE,PRD:AU1:AU1-AUSTRALIA B2B B2C INV ORG,PAC00-14231,1-Oct-25,
IBUYS ONLINE,PRD:AU1:AU1-AUSTRALIA B2B B2C INV ORG,PAC00-14231,1-Nov-25,
IBUYS ONLINE,PRD:AU1:AU1-AUSTRALIA B2B B2C INV ORG,PAC00-14231,1-Dec-25,3
IBUYS ONLINE,PRD:AU1:AU1-AUSTRALIA B2B B2C INV ORG,PAC00-14231,1-Jan-26,6
IBUYS ONLINE,PRD:AU1:AU1-AUSTRALIA B2B B2C INV ORG,PAC00-14231,1-Feb-26,4
IBUYS ONLINE,PRD:AU1:AU1-AUSTRALIA B2B B2C INV ORG,PAC00-14231,1-Mar-26,2
IBUYS ONLINE,PRD:AU1:AU1-AUSTRALIA B2B B2C INV ORG,PAC00-14231,1-Apr-26,
IF of INLAND NORTHWEST,PRD:IND:IND-GEODIS WHSE IND US,PAC00-14231,1-May-23,
IF of INLAND NORTHWEST,PRD:IND:IND-GEODIS WHSE IND US,PAC00-14231,1-Jun-23,
IF of INLAND NORTHWEST,PRD:IND:IND-GEODIS WHSE IND US,PAC00-14231,1-Jul-23,
IF of INLAND NORTHWEST,PRD:IND:IND-GEODIS WHSE IND US,PAC00-14231,1-Aug-23,
IF of INLAND NORTHWEST,PRD:IND:IND-GEODIS WHSE IND US,PAC00-14231,1-Sep-23,
IF of INLAND NORTHWEST,PRD:IND:IND-GEODIS WHSE IND US,PAC00-14231,1-Oct-23,
IF of INLAND NORTHWEST,PRD:IND:IND-GEODIS WHSE IND US,PAC00-14231,1-Nov-23,
IF of INLAND NORTHWEST,PRD:IND:IND-GEODIS WHSE IND US,PAC00-14231,1-Dec-23,
IF of INLAND NORTHWEST,PRD:IND:IND-GEODIS WHSE IND US,PAC00-14231,1-Jan-24,4
IF of INLAND NORTHWEST,PRD:IND:IND-GEODIS WHSE IND US,PAC00-14231,1-Feb-24,
IF of INLAND NORTHWEST,PRD:IND:IND-GEODIS WHSE IND US,PAC00-14231,1-Mar-24,
IF of INLAND NORTHWEST,PRD:IND:IND-GEODIS WHSE IND US,PAC00-14231,1-Apr-24,4
IF of INLAND NORTHWEST,PRD:IND:IND-GEODIS WHSE IND US,PAC00-14231,1-May-24,
IF of INLAND NORTHWEST,PRD:IND:IND-GEODIS WHSE IND US,PAC00-14231,1-Jun-24,
IF of INLAND NORTHWEST,PRD:IND:IND-GEODIS WHSE IND US,PAC00-14231,1-Jul-24,
IF of INLAND NORTHWEST,PRD:IND:IND-GEODIS WHSE IND US,PAC00-14231,1-Aug-24,
IF of INLAND NORTHWEST,PRD:IND:IND-GEODIS WHSE IND US,PAC00-14231,1-Sep-24,
IF of INLAND NORTHWEST,PRD:IND:IND-GEODIS WHSE IND US,PAC00-14231,1-Oct-24,2
IF of INLAND NORTHWEST,PRD:IND:IND-GEODIS WHSE IND US,PAC00-14231,1-Nov-24,
IF of INLAND NORTHWEST,PRD:IND:IND-GEODIS WHSE IND US,PAC00-14231,1-Dec-24,
IF of INLAND NORTHWEST,PRD:IND:IND-GEODIS WHSE IND US,PAC00-14231,1-Jan-25,2
IF of INLAND NORTHWEST,PRD:IND:IND-GEODIS WHSE IND US,PAC00-14231,1-Feb-25,
IF of INLAND NORTHWEST,PRD:IND:IND-GEODIS WHSE IND US,PAC00-14231,1-Mar-25,
IF of INLAND NORTHWEST,PRD:IND:IND-GEODIS WHSE IND US,PAC00-14231,1-Apr-25,2
IF of INLAND NORTHWEST,PRD:IND:IND-GEODIS WHSE IND US,PAC00-14231,1-May-25,
IF of INLAND NORTHWEST,PRD:IND:IND-GEODIS WHSE IND US,PAC00-14231,1-Jun-25,
IF of INLAND NORTHWEST,PRD:IND:IND-GEODIS WHSE IND US,PAC00-14231,1-Jul-25,
IF of INLAND NORTHWEST,PRD:IND:IND-GEODIS WHSE IND US,PAC00-14231,1-Aug-25,2
IF of INLAND NORTHWEST,PRD:IND:IND-GEODIS WHSE IND US,PAC00-14231,1-Sep-25,
IF of INLAND NORTHWEST,PRD:IND:IND-GEODIS WHSE IND US,PAC00-14231,1-Oct-25,
IF of INLAND NORTHWEST,PRD:IND:IND-GEODIS WHSE IND US,PAC00-14231,1-Nov-25,
IF of INLAND NORTHWEST,PRD:IND:IND-GEODIS WHSE IND US,PAC00-14231,1-Dec-25,2
IF of INLAND NORTHWEST,PRD:IND:IND-GEODIS WHSE IND US,PAC00-14231,1-Jan-26,
IF of INLAND NORTHWEST,PRD:IND:IND-GEODIS WHSE IND US,PAC00-14231,1-Feb-26,
IF of INLAND NORTHWEST,PRD:IND:IND-GEODIS WHSE IND US,PAC00-14231,1-Mar-26,
IF of INLAND NORTHWEST,PRD:IND:IND-GEODIS WHSE IND US,PAC00-14231,1-Apr-26,
IF of Northeast PA,PRD:IND:IND-GEODIS WHSE IND US,PAC00-14231,1-May-23,2
IF of Northeast PA,PRD:IND:IND-GEODIS WHSE IND US,PAC00-14231,1-Jun-23,
IF of Northeast PA,PRD:IND:IND-GEODIS WHSE IND US,PAC00-14231,1-Jul-23,1
IF of Northeast PA,PRD:IND:IND-GEODIS WHSE IND US,PAC00-14231,1-Aug-23,
IF of Northeast PA,PRD:IND:IND-GEODIS WHSE IND US,PAC00-14231,1-Sep-23,1
IF of Northeast PA,PRD:IND:IND-GEODIS WHSE IND US,PAC00-14231,1-Oct-23,
IF of Northeast PA,PRD:IND:IND-GEODIS WHSE IND US,PAC00-14231,1-Nov-23,1
IF of Northeast PA,PRD:IND:IND-GEODIS WHSE IND US,PAC00-14231,1-Dec-23,
IF of Northeast PA,PRD:IND:IND-GEODIS WHSE IND US,PAC00-14231,1-Jan-24,1
IF of Northeast PA,PRD:IND:IND-GEODIS WHSE IND US,PAC00-14231,1-Feb-24,
IF of Northeast PA,PRD:IND:IND-GEODIS WHSE IND US,PAC00-14231,1-Mar-24,1
IF of Northeast PA,PRD:IND:IND-GEODIS WHSE IND US,PAC00-14231,1-Apr-24,
IF of Northeast PA,PRD:IND:IND-GEODIS WHSE IND US,PAC00-14231,1-May-24,1
IF of Northeast PA,PRD:IND:IND-GEODIS WHSE IND US,PAC00-14231,1-Jun-24,
IF of Northeast PA,PRD:IND:IND-GEODIS WHSE IND US,PAC00-14231,1-Jul-24,
IF of Northeast PA,PRD:IND:IND-GEODIS WHSE IND US,PAC00-14231,1-Aug-24,1
IF of Northeast PA,PRD:IND:IND-GEODIS WHSE IND US,PAC00-14231,1-Sep-24,
IF of Northeast PA,PRD:IND:IND-GEODIS WHSE IND US,PAC00-14231,1-Oct-24,1
IF of Northeast PA,PRD:IND:IND-GEODIS WHSE IND US,PAC00-14231,1-Nov-24,
IF of Northeast PA,PRD:IND:IND-GEODIS WHSE IND US,PAC00-14231,1-Dec-24,1
IF of Northeast PA,PRD:IND:IND-GEODIS WHSE IND US,PAC00-14231,1-Jan-25,
IF of Northeast PA,PRD:IND:IND-GEODIS WHSE IND US,PAC00-14231,1-Feb-25,1
IF of Northeast PA,PRD:IND:IND-GEODIS WHSE IND US,PAC00-14231,1-Mar-25,
IF of Northeast PA,PRD:IND:IND-GEODIS WHSE IND US,PAC00-14231,1-Apr-25,1
IF of Northeast PA,PRD:IND:IND-GEODIS WHSE IND US,PAC00-14231,1-May-25,1
IF of Northeast PA,PRD:IND:IND-GEODIS WHSE IND US,PAC00-14231,1-Jun-25,
IF of Northeast PA,PRD:IND:IND-GEODIS WHSE IND US,PAC00-14231,1-Jul-25,
IF of Northeast PA,PRD:IND:IND-GEODIS WHSE IND US,PAC00-14231,1-Aug-25,1
IF of Northeast PA,PRD:IND:IND-GEODIS WHSE IND US,PAC00-14231,1-Sep-25,
IF of Northeast PA,PRD:IND:IND-GEODIS WHSE IND US,PAC00-14231,1-Oct-25,
IF of Northeast PA,PRD:IND:IND-GEODIS WHSE IND US,PAC00-14231,1-Nov-25,1
IF of Northeast PA,PRD:IND:IND-GEODIS WHSE IND US,PAC00-14231,1-Dec-25,
IF of Northeast PA,PRD:IND:IND-GEODIS WHSE IND US,PAC00-14231,1-Jan-26,
IF of Northeast PA,PRD:IND:IND-GEODIS WHSE IND US,PAC00-14231,1-Feb-26,1
IF of Northeast PA,PRD:IND:IND-GEODIS WHSE IND US,PAC00-14231,1-Mar-26,
IF of Northeast PA,PRD:IND:IND-GEODIS WHSE IND US,PAC00-14231,1-Apr-26,1
IF of Northeast PA,PRD:IND:IND-GEODIS WHSE IND US,PBC-1000,1-May-23,3
IF of Northeast PA,PRD:IND:IND-GEODIS WHSE IND US,PBC-1000,1-Jun-23,1
IF of Northeast PA,PRD:IND:IND-GEODIS WHSE IND US,PBC-1000,1-Jul-23,
IF of Northeast PA,PRD:IND:IND-GEODIS WHSE IND US,PBC-1000,1-Aug-23,
IF of Northeast PA,PRD:IND:IND-GEODIS WHSE IND US,PBC-1000,1-Sep-23,
IF of Northeast PA,PRD:IND:IND-GEODIS WHSE IND US,PBC-1000,1-Oct-23,1
IF of Northeast PA,PRD:IND:IND-GEODIS WHSE IND US,PBC-1000,1-Nov-23,
IF of Northeast PA,PRD:IND:IND-GEODIS WHSE IND US,PBC-1000,1-Dec-23,
IF of Northeast PA,PRD:IND:IND-GEODIS WHSE IND US,PBC-1000,1-Jan-24,
IF of Northeast PA,PRD:IND:IND-GEODIS WHSE IND US,PBC-1000,1-Feb-24,
IF of Northeast PA,PRD:IND:IND-GEODIS WHSE IND US,PBC-1000,1-Mar-24,
IF of Northeast PA,PRD:IND:IND-GEODIS WHSE IND US,PBC-1000,1-Apr-24,
IF of Northeast PA,PRD:IND:IND-GEODIS WHSE IND US,PBC-1000,1-May-24,
IF of Northeast PA,PRD:IND:IND-GEODIS WHSE IND US,PBC-1000,1-Jun-24,2
IF of Northeast PA,PRD:IND:IND-GEODIS WHSE IND US,PBC-1000,1-Jul-24,
IF of Northeast PA,PRD:IND:IND-GEODIS WHSE IND US,PBC-1000,1-Aug-24,
IF of Northeast PA,PRD:IND:IND-GEODIS WHSE IND US,PBC-1000,1-Sep-24,
IF of Northeast PA,PRD:IND:IND-GEODIS WHSE IND US,PBC-1000,1-Oct-24,
IF of Northeast PA,PRD:IND:IND-GEODIS WHSE IND US,PBC-1000,1-Nov-24,
IF of Northeast PA,PRD:IND:IND-GEODIS WHSE IND US,PBC-1000,1-Dec-24,
IF of Northeast PA,PRD:IND:IND-GEODIS WHSE IND US,PBC-1000,1-Jan-25,
IF of Northeast PA,PRD:IND:IND-GEODIS WHSE IND US,PBC-1000,1-Feb-25,
IF of Northeast PA,PRD:IND:IND-GEODIS WHSE IND US,PBC-1000,1-Mar-25,
IF of Northeast PA,PRD:IND:IND-GEODIS WHSE IND US,PBC-1000,1-Apr-25,
IF of Northeast PA,PRD:IND:IND-GEODIS WHSE IND US,PBC-1000,1-May-25,
IF of Northeast PA,PRD:IND:IND-GEODIS WHSE IND US,PBC-1000,1-Jun-25,
IF of Northeast PA,PRD:IND:IND-GEODIS WHSE IND US,PBC-1000,1-Jul-25,
IF of Northeast PA,PRD:IND:IND-GEODIS WHSE IND US,PBC-1000,1-Aug-25,
IF of Northeast PA,PRD:IND:IND-GEODIS WHSE IND US,PBC-1000,1-Sep-25,
IF of Northeast PA,PRD:IND:IND-GEODIS WHSE IND US,PBC-1000,1-Oct-25,
IF of Northeast PA,PRD:IND:IND-GEODIS WHSE IND US,PBC-1000,1-Nov-25,2
IF of Northeast PA,PRD:IND:IND-GEODIS WHSE IND US,PBC-1000,1-Dec-25,
IF of Northeast PA,PRD:IND:IND-GEODIS WHSE IND US,PBC-1000,1-Jan-26,
IF of Northeast PA,PRD:IND:IND-GEODIS WHSE IND US,PBC-1000,1-Feb-26,
IF of Northeast PA,PRD:IND:IND-GEODIS WHSE IND US,PBC-1000,1-Mar-26,
IF of Northeast PA,PRD:IND:IND-GEODIS WHSE IND US,PBC-1000,1-Apr-26,
IF of SOUTH MISSISSIPPI,PRD:IND:IND-GEODIS WHSE IND US,PBC-1000,1-May-23,
IF of SOUTH MISSISSIPPI,PRD:IND:IND-GEODIS WHSE IND US,PBC-1000,1-Jun-23,
IF of SOUTH MISSISSIPPI,PRD:IND:IND-GEODIS WHSE IND US,PBC-1000,1-Jul-23,
IF of SOUTH MISSISSIPPI,PRD:IND:IND-GEODIS WHSE IND US,PBC-1000,1-Aug-23,
IF of SOUTH MISSISSIPPI,PRD:IND:IND-GEODIS WHSE IND US,PBC-1000,1-Sep-23,
IF of SOUTH MISSISSIPPI,PRD:IND:IND-GEODIS WHSE IND US,PBC-1000,1-Oct-23,1
IF of SOUTH MISSISSIPPI,PRD:IND:IND-GEODIS WHSE IND US,PBC-1000,1-Nov-23,
IF of SOUTH MISSISSIPPI,PRD:IND:IND-GEODIS WHSE IND US,PBC-1000,1-Dec-23,
IF of SOUTH MISSISSIPPI,PRD:IND:IND-GEODIS WHSE IND US,PBC-1000,1-Jan-24,
IF of SOUTH MISSISSIPPI,PRD:IND:IND-GEODIS WHSE IND US,PBC-1000,1-Feb-24,
IF of SOUTH MISSISSIPPI,PRD:IND:IND-GEODIS WHSE IND US,PBC-1000,1-Mar-24,
IF of SOUTH MISSISSIPPI,PRD:IND:IND-GEODIS WHSE IND US,PBC-1000,1-Apr-24,
IF of SOUTH MISSISSIPPI,PRD:IND:IND-GEODIS WHSE IND US,PBC-1000,1-May-24,
IF of SOUTH MISSISSIPPI,PRD:IND:IND-GEODIS WHSE IND US,PBC-1000,1-Jun-24,
IF of SOUTH MISSISSIPPI,PRD:IND:IND-GEODIS WHSE IND US,PBC-1000,1-Jul-24,
IF of SOUTH MISSISSIPPI,PRD:IND:IND-GEODIS WHSE IND US,PBC-1000,1-Aug-24,
IF of SOUTH MISSISSIPPI,PRD:IND:IND-GEODIS WHSE IND US,PBC-1000,1-Sep-24,
IF of SOUTH MISSISSIPPI,PRD:IND:IND-GEODIS WHSE IND US,PBC-1000,1-Oct-24,
IF of SOUTH MISSISSIPPI,PRD:IND:IND-GEODIS WHSE IND US,PBC-1000,1-Nov-24,
IF of SOUTH MISSISSIPPI,PRD:IND:IND-GEODIS WHSE IND US,PBC-1000,1-Dec-24,
IF of SOUTH MISSISSIPPI,PRD:IND:IND-GEODIS WHSE IND US,PBC-1000,1-Jan-25,
IF of SOUTH MISSISSIPPI,PRD:IND:IND-GEODIS WHSE IND US,PBC-1000,1-Feb-25,
IF of SOUTH MISSISSIPPI,PRD:IND:IND-GEODIS WHSE IND US,PBC-1000,1-Mar-25,
IF of SOUTH MISSISSIPPI,PRD:IND:IND-GEODIS WHSE IND US,PBC-1000,1-Apr-25,
IF of SOUTH MISSISSIPPI,PRD:IND:IND-GEODIS WHSE IND US,PBC-1000,1-May-25,
IF of SOUTH MISSISSIPPI,PRD:IND:IND-GEODIS WHSE IND US,PBC-1000,1-Jun-25,
IF of SOUTH MISSISSIPPI,PRD:IND:IND-GEODIS WHSE IND US,PBC-1000,1-Jul-25,
IF of SOUTH MISSISSIPPI,PRD:IND:IND-GEODIS WHSE IND US,PBC-1000,1-Aug-25,
IF of SOUTH MISSISSIPPI,PRD:IND:IND-GEODIS WHSE IND US,PBC-1000,1-Sep-25,
IF of SOUTH MISSISSIPPI,PRD:IND:IND-GEODIS WHSE IND US,PBC-1000,1-Oct-25,
IF of SOUTH MISSISSIPPI,PRD:IND:IND-GEODIS WHSE IND US,PBC-1000,1-Nov-25,
IF of SOUTH MISSISSIPPI,PRD:IND:IND-GEODIS WHSE IND US,PBC-1000,1-Dec-25,
IF of SOUTH MISSISSIPPI,PRD:IND:IND-GEODIS WHSE IND US,PBC-1000,1-Jan-26,
IF of SOUTH MISSISSIPPI,PRD:IND:IND-GEODIS WHSE IND US,PBC-1000,1-Feb-26,
IF of SOUTH MISSISSIPPI,PRD:IND:IND-GEODIS WHSE IND US,PBC-1000,1-Mar-26,
IF of SOUTH MISSISSIPPI,PRD:IND:IND-GEODIS WHSE IND US,PBC-1000,1-Apr-26,
IF of the Big Sky,PRD:IND:IND-GEODIS WHSE IND US,PBC-1000,1-May-23,
IF of the Big Sky,PRD:IND:IND-GEODIS WHSE IND US,PBC-1000,1-Jun-23,
IF of the Big Sky,PRD:IND:IND-GEODIS WHSE IND US,PBC-1000,1-Jul-23,
IF of the Big Sky,PRD:IND:IND-GEODIS WHSE IND US,PBC-1000,1-Aug-23,
IF of the Big Sky,PRD:IND:IND-GEODIS WHSE IND US,PBC-1000,1-Sep-23,
IF of the Big Sky,PRD:IND:IND-GEODIS WHSE IND US,PBC-1000,1-Oct-23,
IF of the Big Sky,PRD:IND:IND-GEODIS WHSE IND US,PBC-1000,1-Nov-23,3
IF of the Big Sky,PRD:IND:IND-GEODIS WHSE IND US,PBC-1000,1-Dec-23,
IF of the Big Sky,PRD:IND:IND-GEODIS WHSE IND US,PBC-1000,1-Jan-24,
IF of the Big Sky,PRD:IND:IND-GEODIS WHSE IND US,PBC-1000,1-Feb-24,
IF of the Big Sky,PRD:IND:IND-GEODIS WHSE IND US,PBC-1000,1-Mar-24,
IF of the Big Sky,PRD:IND:IND-GEODIS WHSE IND US,PBC-1000,1-Apr-24,
IF of the Big Sky,PRD:IND:IND-GEODIS WHSE IND US,PBC-1000,1-May-24,
IF of the Big Sky,PRD:IND:IND-GEODIS WHSE IND US,PBC-1000,1-Jun-24,1
IF of the Big Sky,PRD:IND:IND-GEODIS WHSE IND US,PBC-1000,1-Jul-24,
IF of the Big Sky,PRD:IND:IND-GEODIS WHSE IND US,PBC-1000,1-Aug-24,
IF of the Big Sky,PRD:IND:IND-GEODIS WHSE IND US,PBC-1000,1-Sep-24,
IF of the Big Sky,PRD:IND:IND-GEODIS WHSE IND US,PBC-1000,1-Oct-24,
IF of the Big Sky,PRD:IND:IND-GEODIS WHSE IND US,PBC-1000,1-Nov-24,
IF of the Big Sky,PRD:IND:IND-GEODIS WHSE IND US,PBC-1000,1-Dec-24,
IF of the Big Sky,PRD:IND:IND-GEODIS WHSE IND US,PBC-1000,1-Jan-25,
IF of the Big Sky,PRD:IND:IND-GEODIS WHSE IND US,PBC-1000,1-Feb-25,
IF of the Big Sky,PRD:IND:IND-GEODIS WHSE IND US,PBC-1000,1-Mar-25,
IF of the Big Sky,PRD:IND:IND-GEODIS WHSE IND US,PBC-1000,1-Apr-25,
IF of the Big Sky,PRD:IND:IND-GEODIS WHSE IND US,PBC-1000,1-May-25,
IF of the Big Sky,PRD:IND:IND-GEODIS WHSE IND US,PBC-1000,1-Jun-25,
IF of the Big Sky,PRD:IND:IND-GEODIS WHSE IND US,PBC-1000,1-Jul-25,
IF of the Big Sky,PRD:IND:IND-GEODIS WHSE IND US,PBC-1000,1-Aug-25,
IF of the Big Sky,PRD:IND:IND-GEODIS WHSE IND US,PBC-1000,1-Sep-25,
IF of the Big Sky,PRD:IND:IND-GEODIS WHSE IND US,PBC-1000,1-Oct-25,
IF of the Big Sky,PRD:IND:IND-GEODIS WHSE IND US,PBC-1000,1-Nov-25,
IF of the Big Sky,PRD:IND:IND-GEODIS WHSE IND US,PBC-1000,1-Dec-25,
IF of the Big Sky,PRD:IND:IND-GEODIS WHSE IND US,PBC-1000,1-Jan-26,
IF of the Big Sky,PRD:IND:IND-GEODIS WHSE IND US,PBC-1000,1-Feb-26,
IF of the Big Sky,PRD:IND:IND-GEODIS WHSE IND US,PBC-1000,1-Mar-26,
IF of the Big Sky,PRD:IND:IND-GEODIS WHSE IND US,PBC-1000,1-Apr-26,
INVISIBLE FENCE OF ATLANTA,PRD:IND:IND-GEODIS WHSE IND US,PBC-1000,1-May-23,
INVISIBLE FENCE OF ATLANTA,PRD:IND:IND-GEODIS WHSE IND US,PBC-1000,1-Jun-23,
INVISIBLE FENCE OF ATLANTA,PRD:IND:IND-GEODIS WHSE IND US,PBC-1000,1-Jul-23,
INVISIBLE FENCE OF ATLANTA,PRD:IND:IND-GEODIS WHSE IND US,PBC-1000,1-Aug-23,
INVISIBLE FENCE OF ATLANTA,PRD:IND:IND-GEODIS WHSE IND US,PBC-1000,1-Sep-23,
INVISIBLE FENCE OF ATLANTA,PRD:IND:IND-GEODIS WHSE IND US,PBC-1000,1-Oct-23,
INVISIBLE FENCE OF ATLANTA,PRD:IND:IND-GEODIS WHSE IND US,PBC-1000,1-Nov-23,1
INVISIBLE FENCE OF ATLANTA,PRD:IND:IND-GEODIS WHSE IND US,PBC-1000,1-Dec-23,
INVISIBLE FENCE OF ATLANTA,PRD:IND:IND-GEODIS WHSE IND US,PBC-1000,1-Jan-24,
INVISIBLE FENCE OF ATLANTA,PRD:IND:IND-GEODIS WHSE IND US,PBC-1000,1-Feb-24,
INVISIBLE FENCE OF ATLANTA,PRD:IND:IND-GEODIS WHSE IND US,PBC-1000,1-Mar-24,
INVISIBLE FENCE OF ATLANTA,PRD:IND:IND-GEODIS WHSE IND US,PBC-1000,1-Apr-24,
INVISIBLE FENCE OF ATLANTA,PRD:IND:IND-GEODIS WHSE IND US,PBC-1000,1-May-24,
INVISIBLE FENCE OF ATLANTA,PRD:IND:IND-GEODIS WHSE IND US,PBC-1000,1-Jun-24,
INVISIBLE FENCE OF ATLANTA,PRD:IND:IND-GEODIS WHSE IND US,PBC-1000,1-Jul-24,
INVISIBLE FENCE OF ATLANTA,PRD:IND:IND-GEODIS WHSE IND US,PBC-1000,1-Aug-24,
INVISIBLE FENCE OF ATLANTA,PRD:IND:IND-GEODIS WHSE IND US,PBC-1000,1-Sep-24,
INVISIBLE FENCE OF ATLANTA,PRD:IND:IND-GEODIS WHSE IND US,PBC-1000,1-Oct-24,
INVISIBLE FENCE OF ATLANTA,PRD:IND:IND-GEODIS WHSE IND US,PBC-1000,1-Nov-24,
INVISIBLE FENCE OF ATLANTA,PRD:IND:IND-GEODIS WHSE IND US,PBC-1000,1-Dec-24,
INVISIBLE FENCE OF ATLANTA,PRD:IND:IND-GEODIS WHSE IND US,PBC-1000,1-Jan-25,
INVISIBLE FENCE OF ATLANTA,PRD:IND:IND-GEODIS WHSE IND US,PBC-1000,1-Feb-25,
INVISIBLE FENCE OF ATLANTA,PRD:IND:IND-GEODIS WHSE IND US,PBC-1000,1-Mar-25,
INVISIBLE FENCE OF ATLANTA,PRD:IND:IND-GEODIS WHSE IND US,PBC-1000,1-Apr-25,
INVISIBLE FENCE OF ATLANTA,PRD:IND:IND-GEODIS WHSE IND US,PBC-1000,1-May-25,
INVISIBLE FENCE OF ATLANTA,PRD:IND:IND-GEODIS WHSE IND US,PBC-1000,1-Jun-25,
INVISIBLE FENCE OF ATLANTA,PRD:IND:IND-GEODIS WHSE IND US,PBC-1000,1-Jul-25,
INVISIBLE FENCE OF ATLANTA,PRD:IND:IND-GEODIS WHSE IND US,PBC-1000,1-Aug-25,
INVISIBLE FENCE OF ATLANTA,PRD:IND:IND-GEODIS WHSE IND US,PBC-1000,1-Sep-25,
INVISIBLE FENCE OF ATLANTA,PRD:IND:IND-GEODIS WHSE IND US,PBC-1000,1-Oct-25,
INVISIBLE FENCE OF ATLANTA,PRD:IND:IND-GEODIS WHSE IND US,PBC-1000,1-Nov-25,
INVISIBLE FENCE OF ATLANTA,PRD:IND:IND-GEODIS WHSE IND US,PBC-1000,1-Dec-25,
INVISIBLE FENCE OF ATLANTA,PRD:IND:IND-GEODIS WHSE IND US,PBC-1000,1-Jan-26,
INVISIBLE FENCE OF ATLANTA,PRD:IND:IND-GEODIS WHSE IND US,PBC-1000,1-Feb-26,
INVISIBLE FENCE OF ATLANTA,PRD:IND:IND-GEODIS WHSE IND US,PBC-1000,1-Mar-26,
INVISIBLE FENCE OF ATLANTA,PRD:IND:IND-GEODIS WHSE IND US,PBC-1000,1-Apr-26,
INVISIBLE FENCE OF MINNESOTA,PRD:IND:IND-GEODIS WHSE IND US,PBC-1000,1-May-23,
INVISIBLE FENCE OF MINNESOTA,PRD:IND:IND-GEODIS WHSE IND US,PBC-1000,1-Jun-23,
INVISIBLE FENCE OF MINNESOTA,PRD:IND:IND-GEODIS WHSE IND US,PBC-1000,1-Jul-23,
INVISIBLE FENCE OF MINNESOTA,PRD:IND:IND-GEODIS WHSE IND US,PBC-1000,1-Aug-23,
INVISIBLE FENCE OF MINNESOTA,PRD:IND:IND-GEODIS WHSE IND US,PBC-1000,1-Sep-23,
INVISIBLE FENCE OF MINNESOTA,PRD:IND:IND-GEODIS WHSE IND US,PBC-1000,1-Oct-23,
INVISIBLE FENCE OF MINNESOTA,PRD:IND:IND-GEODIS WHSE IND US,PBC-1000,1-Nov-23,1
INVISIBLE FENCE OF MINNESOTA,PRD:IND:IND-GEODIS WHSE IND US,PBC-1000,1-Dec-23,
INVISIBLE FENCE OF MINNESOTA,PRD:IND:IND-GEODIS WHSE IND US,PBC-1000,1-Jan-24,
INVISIBLE FENCE OF MINNESOTA,PRD:IND:IND-GEODIS WHSE IND US,PBC-1000,1-Feb-24,
INVISIBLE FENCE OF MINNESOTA,PRD:IND:IND-GEODIS WHSE IND US,PBC-1000,1-Mar-24,
INVISIBLE FENCE OF MINNESOTA,PRD:IND:IND-GEODIS WHSE IND US,PBC-1000,1-Apr-24,
INVISIBLE FENCE OF MINNESOTA,PRD:IND:IND-GEODIS WHSE IND US,PBC-1000,1-May-24,
INVISIBLE FENCE OF MINNESOTA,PRD:IND:IND-GEODIS WHSE IND US,PBC-1000,1-Jun-24,
INVISIBLE FENCE OF MINNESOTA,PRD:IND:IND-GEODIS WHSE IND US,PBC-1000,1-Jul-24,
INVISIBLE FENCE OF MINNESOTA,PRD:IND:IND-GEODIS WHSE IND US,PBC-1000,1-Aug-24,
INVISIBLE FENCE OF MINNESOTA,PRD:IND:IND-GEODIS WHSE IND US,PBC-1000,1-Sep-24,
INVISIBLE FENCE OF MINNESOTA,PRD:IND:IND-GEODIS WHSE IND US,PBC-1000,1-Oct-24,
INVISIBLE FENCE OF MINNESOTA,PRD:IND:IND-GEODIS WHSE IND US,PBC-1000,1-Nov-24,
INVISIBLE FENCE OF MINNESOTA,PRD:IND:IND-GEODIS WHSE IND US,PBC-1000,1-Dec-24,
INVISIBLE FENCE OF MINNESOTA,PRD:IND:IND-GEODIS WHSE IND US,PBC-1000,1-Jan-25,
INVISIBLE FENCE OF MINNESOTA,PRD:IND:IND-GEODIS WHSE IND US,PBC-1000,1-Feb-25,
INVISIBLE FENCE OF MINNESOTA,PRD:IND:IND-GEODIS WHSE IND US,PBC-1000,1-Mar-25,
INVISIBLE FENCE OF MINNESOTA,PRD:IND:IND-GEODIS WHSE IND US,PBC-1000,1-Apr-25,
INVISIBLE FENCE OF MINNESOTA,PRD:IND:IND-GEODIS WHSE IND US,PBC-1000,1-May-25,
INVISIBLE FENCE OF MINNESOTA,PRD:IND:IND-GEODIS WHSE IND US,PBC-1000,1-Jun-25,
INVISIBLE FENCE OF MINNESOTA,PRD:IND:IND-GEODIS WHSE IND US,PBC-1000,1-Jul-25,
INVISIBLE FENCE OF MINNESOTA,PRD:IND:IND-GEODIS WHSE IND US,PBC-1000,1-Aug-25,
INVISIBLE FENCE OF MINNESOTA,PRD:IND:IND-GEODIS WHSE IND US,PBC-1000,1-Sep-25,
INVISIBLE FENCE OF MINNESOTA,PRD:IND:IND-GEODIS WHSE IND US,PBC-1000,1-Oct-25,
INVISIBLE FENCE OF MINNESOTA,PRD:IND:IND-GEODIS WHSE IND US,PBC-1000,1-Nov-25,
INVISIBLE FENCE OF MINNESOTA,PRD:IND:IND-GEODIS WHSE IND US,PBC-1000,1-Dec-25,
INVISIBLE FENCE OF MINNESOTA,PRD:IND:IND-GEODIS WHSE IND US,PBC-1000,1-Jan-26,
INVISIBLE FENCE OF MINNESOTA,PRD:IND:IND-GEODIS WHSE IND US,PBC-1000,1-Feb-26,
INVISIBLE FENCE OF MINNESOTA,PRD:IND:IND-GEODIS WHSE IND US,PBC-1000,1-Mar-26,
INVISIBLE FENCE OF MINNESOTA,PRD:IND:IND-GEODIS WHSE IND US,PBC-1000,1-Apr-26,
INVISIBLE FENCE OF SANDHILLS,PRD:IND:IND-GEODIS WHSE IND US,PBC-1000,1-May-23,2
INVISIBLE FENCE OF SANDHILLS,PRD:IND:IND-GEODIS WHSE IND US,PBC-1000,1-Jun-23,
INVISIBLE FENCE OF SANDHILLS,PRD:IND:IND-GEODIS WHSE IND US,PBC-1000,1-Jul-23,
INVISIBLE FENCE OF SANDHILLS,PRD:IND:IND-GEODIS WHSE IND US,PBC-1000,1-Aug-23,
INVISIBLE FENCE OF SANDHILLS,PRD:IND:IND-GEODIS WHSE IND US,PBC-1000,1-Sep-23,
INVISIBLE FENCE OF SANDHILLS,PRD:IND:IND-GEODIS WHSE IND US,PBC-1000,1-Oct-23,
INVISIBLE FENCE OF SANDHILLS,PRD:IND:IND-GEODIS WHSE IND US,PBC-1000,1-Nov-23,
INVISIBLE FENCE OF SANDHILLS,PRD:IND:IND-GEODIS WHSE IND US,PBC-1000,1-Dec-23,
INVISIBLE FENCE OF SANDHILLS,PRD:IND:IND-GEODIS WHSE IND US,PBC-1000,1-Jan-24,
INVISIBLE FENCE OF SANDHILLS,PRD:IND:IND-GEODIS WHSE IND US,PBC-1000,1-Feb-24,
INVISIBLE FENCE OF SANDHILLS,PRD:IND:IND-GEODIS WHSE IND US,PBC-1000,1-Mar-24,
INVISIBLE FENCE OF SANDHILLS,PRD:IND:IND-GEODIS WHSE IND US,PBC-1000,1-Apr-24,
INVISIBLE FENCE OF SANDHILLS,PRD:IND:IND-GEODIS WHSE IND US,PBC-1000,1-May-24,
INVISIBLE FENCE OF SANDHILLS,PRD:IND:IND-GEODIS WHSE IND US,PBC-1000,1-Jun-24,
INVISIBLE FENCE OF SANDHILLS,PRD:IND:IND-GEODIS WHSE IND US,PBC-1000,1-Jul-24,
INVISIBLE FENCE OF SANDHILLS,PRD:IND:IND-GEODIS WHSE IND US,PBC-1000,1-Aug-24,
INVISIBLE FENCE OF SANDHILLS,PRD:IND:IND-GEODIS WHSE IND US,PBC-1000,1-Sep-24,
INVISIBLE FENCE OF SANDHILLS,PRD:IND:IND-GEODIS WHSE IND US,PBC-1000,1-Oct-24,
INVISIBLE FENCE OF SANDHILLS,PRD:IND:IND-GEODIS WHSE IND US,PBC-1000,1-Nov-24,
INVISIBLE FENCE OF SANDHILLS,PRD:IND:IND-GEODIS WHSE IND US,PBC-1000,1-Dec-24,
INVISIBLE FENCE OF SANDHILLS,PRD:IND:IND-GEODIS WHSE IND US,PBC-1000,1-Jan-25,
INVISIBLE FENCE OF SANDHILLS,PRD:IND:IND-GEODIS WHSE IND US,PBC-1000,1-Feb-25,
INVISIBLE FENCE OF SANDHILLS,PRD:IND:IND-GEODIS WHSE IND US,PBC-1000,1-Mar-25,
INVISIBLE FENCE OF SANDHILLS,PRD:IND:IND-GEODIS WHSE IND US,PBC-1000,1-Apr-25,
INVISIBLE FENCE OF SANDHILLS,PRD:IND:IND-GEODIS WHSE IND US,PBC-1000,1-May-25,
INVISIBLE FENCE OF SANDHILLS,PRD:IND:IND-GEODIS WHSE IND US,PBC-1000,1-Jun-25,
INVISIBLE FENCE OF SANDHILLS,PRD:IND:IND-GEODIS WHSE IND US,PBC-1000,1-Jul-25,
INVISIBLE FENCE OF SANDHILLS,PRD:IND:IND-GEODIS WHSE IND US,PBC-1000,1-Aug-25,
INVISIBLE FENCE OF SANDHILLS,PRD:IND:IND-GEODIS WHSE IND US,PBC-1000,1-Sep-25,
INVISIBLE FENCE OF SANDHILLS,PRD:IND:IND-GEODIS WHSE IND US,PBC-1000,1-Oct-25,
INVISIBLE FENCE OF SANDHILLS,PRD:IND:IND-GEODIS WHSE IND US,PBC-1000,1-Nov-25,
INVISIBLE FENCE OF SANDHILLS,PRD:IND:IND-GEODIS WHSE IND US,PBC-1000,1-Dec-25,
INVISIBLE FENCE OF SANDHILLS,PRD:IND:IND-GEODIS WHSE IND US,PBC-1000,1-Jan-26,
INVISIBLE FENCE OF SANDHILLS,PRD:IND:IND-GEODIS WHSE IND US,PBC-1000,1-Feb-26,
INVISIBLE FENCE OF SANDHILLS,PRD:IND:IND-GEODIS WHSE IND US,PBC-1000,1-Mar-26,
INVISIBLE FENCE OF SANDHILLS,PRD:IND:IND-GEODIS WHSE IND US,PBC-1000,1-Apr-26,
INVISIBLE FENCE OF THE CAROLINAS,PRD:IND:IND-GEODIS WHSE IND US,PBC-1000,1-May-23,
INVISIBLE FENCE OF THE CAROLINAS,PRD:IND:IND-GEODIS WHSE IND US,PBC-1000,1-Jun-23,
INVISIBLE FENCE OF THE CAROLINAS,PRD:IND:IND-GEODIS WHSE IND US,PBC-1000,1-Jul-23,
INVISIBLE FENCE OF THE CAROLINAS,PRD:IND:IND-GEODIS WHSE IND US,PBC-1000,1-Aug-23,
INVISIBLE FENCE OF THE CAROLINAS,PRD:IND:IND-GEODIS WHSE IND US,PBC-1000,1-Sep-23,
INVISIBLE FENCE OF THE CAROLINAS,PRD:IND:IND-GEODIS WHSE IND US,PBC-1000,1-Oct-23,
INVISIBLE FENCE OF THE CAROLINAS,PRD:IND:IND-GEODIS WHSE IND US,PBC-1000,1-Nov-23,
INVISIBLE FENCE OF THE CAROLINAS,PRD:IND:IND-GEODIS WHSE IND US,PBC-1000,1-Dec-23,
INVISIBLE FENCE OF THE CAROLINAS,PRD:IND:IND-GEODIS WHSE IND US,PBC-1000,1-Jan-24,
INVISIBLE FENCE OF THE CAROLINAS,PRD:IND:IND-GEODIS WHSE IND US,PBC-1000,1-Feb-24,
INVISIBLE FENCE OF THE CAROLINAS,PRD:IND:IND-GEODIS WHSE IND US,PBC-1000,1-Mar-24,
INVISIBLE FENCE OF THE CAROLINAS,PRD:IND:IND-GEODIS WHSE IND US,PBC-1000,1-Apr-24,
INVISIBLE FENCE OF THE CAROLINAS,PRD:IND:IND-GEODIS WHSE IND US,PBC-1000,1-May-24,
INVISIBLE FENCE OF THE CAROLINAS,PRD:IND:IND-GEODIS WHSE IND US,PBC-1000,1-Jun-24,
INVISIBLE FENCE OF THE CAROLINAS,PRD:IND:IND-GEODIS WHSE IND US,PBC-1000,1-Jul-24,
INVISIBLE FENCE OF THE CAROLINAS,PRD:IND:IND-GEODIS WHSE IND US,PBC-1000,1-Aug-24,
INVISIBLE FENCE OF THE CAROLINAS,PRD:IND:IND-GEODIS WHSE IND US,PBC-1000,1-Sep-24,
INVISIBLE FENCE OF THE CAROLINAS,PRD:IND:IND-GEODIS WHSE IND US,PBC-1000,1-Oct-24,
INVISIBLE FENCE OF THE CAROLINAS,PRD:IND:IND-GEODIS WHSE IND US,PBC-1000,1-Nov-24,
INVISIBLE FENCE OF THE CAROLINAS,PRD:IND:IND-GEODIS WHSE IND US,PBC-1000,1-Dec-24,
INVISIBLE FENCE OF THE CAROLINAS,PRD:IND:IND-GEODIS WHSE IND US,PBC-1000,1-Jan-25,
INVISIBLE FENCE OF THE CAROLINAS,PRD:IND:IND-GEODIS WHSE IND US,PBC-1000,1-Feb-25,
INVISIBLE FENCE OF THE CAROLINAS,PRD:IND:IND-GEODIS WHSE IND US,PBC-1000,1-Mar-25,
INVISIBLE FENCE OF THE CAROLINAS,PRD:IND:IND-GEODIS WHSE IND US,PBC-1000,1-Apr-25,
INVISIBLE FENCE OF THE CAROLINAS,PRD:IND:IND-GEODIS WHSE IND US,PBC-1000,1-May-25,
INVISIBLE FENCE OF THE CAROLINAS,PRD:IND:IND-GEODIS WHSE IND US,PBC-1000,1-Jun-25,
INVISIBLE FENCE OF THE CAROLINAS,PRD:IND:IND-GEODIS WHSE IND US,PBC-1000,1-Jul-25,
INVISIBLE FENCE OF THE CAROLINAS,PRD:IND:IND-GEODIS WHSE IND US,PBC-1000,1-Aug-25,
INVISIBLE FENCE OF THE CAROLINAS,PRD:IND:IND-GEODIS WHSE IND US,PBC-1000,1-Sep-25,
INVISIBLE FENCE OF THE CAROLINAS,PRD:IND:IND-GEODIS WHSE IND US,PBC-1000,1-Oct-25,
INVISIBLE FENCE OF THE CAROLINAS,PRD:IND:IND-GEODIS WHSE IND US,PBC-1000,1-Nov-25,
INVISIBLE FENCE OF THE CAROLINAS,PRD:IND:IND-GEODIS WHSE IND US,PBC-1000,1-Dec-25,
INVISIBLE FENCE OF THE CAROLINAS,PRD:IND:IND-GEODIS WHSE IND US,PBC-1000,1-Jan-26,
INVISIBLE FENCE OF THE CAROLINAS,PRD:IND:IND-GEODIS WHSE IND US,PBC-1000,1-Feb-26,
INVISIBLE FENCE OF THE CAROLINAS,PRD:IND:IND-GEODIS WHSE IND US,PBC-1000,1-Mar-26,2
INVISIBLE FENCE OF THE CAROLINAS,PRD:IND:IND-GEODIS WHSE IND US,PBC-1000,1-Apr-26,
IPETSTORE,PRD:AU1:AU1-AUSTRALIA B2B B2C INV ORG,PAC00-14231,1-May-23,
IPETSTORE,PRD:AU1:AU1-AUSTRALIA B2B B2C INV ORG,PAC00-14231,1-Jun-23,
IPETSTORE,PRD:AU1:AU1-AUSTRALIA B2B B2C INV ORG,PAC00-14231,1-Jul-23,
IPETSTORE,PRD:AU1:AU1-AUSTRALIA B2B B2C INV ORG,PAC00-14231,1-Aug-23,
IPETSTORE,PRD:AU1:AU1-AUSTRALIA B2B B2C INV ORG,PAC00-14231,1-Sep-23,
IPETSTORE,PRD:AU1:AU1-AUSTRALIA B2B B2C INV ORG,PAC00-14231,1-Oct-23,
IPETSTORE,PRD:AU1:AU1-AUSTRALIA B2B B2C INV ORG,PAC00-14231,1-Nov-23,
IPETSTORE,PRD:AU1:AU1-AUSTRALIA B2B B2C INV ORG,PAC00-14231,1-Dec-23,
IPETSTORE,PRD:AU1:AU1-AUSTRALIA B2B B2C INV ORG,PAC00-14231,1-Jan-24,
IPETSTORE,PRD:AU1:AU1-AUSTRALIA B2B B2C INV ORG,PAC00-14231,1-Feb-24,
IPETSTORE,PRD:AU1:AU1-AUSTRALIA B2B B2C INV ORG,PAC00-14231,1-Mar-24,
IPETSTORE,PRD:AU1:AU1-AUSTRALIA B2B B2C INV ORG,PAC00-14231,1-Apr-24,
IPETSTORE,PRD:AU1:AU1-AUSTRALIA B2B B2C INV ORG,PAC00-14231,1-May-24,
IPETSTORE,PRD:AU1:AU1-AUSTRALIA B2B B2C INV ORG,PAC00-14231,1-Jun-24,
IPETSTORE,PRD:AU1:AU1-AUSTRALIA B2B B2C INV ORG,PAC00-14231,1-Jul-24,
IPETSTORE,PRD:AU1:AU1-AUSTRALIA B2B B2C INV ORG,PAC00-14231,1-Aug-24,
IPETSTORE,PRD:AU1:AU1-AUSTRALIA B2B B2C INV ORG,PAC00-14231,1-Sep-24,
IPETSTORE,PRD:AU1:AU1-AUSTRALIA B2B B2C INV ORG,PAC00-14231,1-Oct-24,
IPETSTORE,PRD:AU1:AU1-AUSTRALIA B2B B2C INV ORG,PAC00-14231,1-Nov-24,
IPETSTORE,PRD:AU1:AU1-AUSTRALIA B2B B2C INV ORG,PAC00-14231,1-Dec-24,
IPETSTORE,PRD:AU1:AU1-AUSTRALIA B2B B2C INV ORG,PAC00-14231,1-Jan-25,
IPETSTORE,PRD:AU1:AU1-AUSTRALIA B2B B2C INV ORG,PAC00-14231,1-Feb-25,3
IPETSTORE,PRD:AU1:AU1-AUSTRALIA B2B B2C INV ORG,PAC00-14231,1-Mar-25,
IPETSTORE,PRD:AU1:AU1-AUSTRALIA B2B B2C INV ORG,PAC00-14231,1-Apr-25,
IPETSTORE,PRD:AU1:AU1-AUSTRALIA B2B B2C INV ORG,PAC00-14231,1-May-25,4
IPETSTORE,PRD:AU1:AU1-AUSTRALIA B2B B2C INV ORG,PAC00-14231,1-Jun-25,2
IPETSTORE,PRD:AU1:AU1-AUSTRALIA B2B B2C INV ORG,PAC00-14231,1-Jul-25,
IPETSTORE,PRD:AU1:AU1-AUSTRALIA B2B B2C INV ORG,PAC00-14231,1-Aug-25,4
IPETSTORE,PRD:AU1:AU1-AUSTRALIA B2B B2C INV ORG,PAC00-14231,1-Sep-25,
IPETSTORE,PRD:AU1:AU1-AUSTRALIA B2B B2C INV ORG,PAC00-14231,1-Oct-25,
IPETSTORE,PRD:AU1:AU1-AUSTRALIA B2B B2C INV ORG,PAC00-14231,1-Nov-25,
IPETSTORE,PRD:AU1:AU1-AUSTRALIA B2B B2C INV ORG,PAC00-14231,1-Dec-25,
IPETSTORE,PRD:AU1:AU1-AUSTRALIA B2B B2C INV ORG,PAC00-14231,1-Jan-26,
IPETSTORE,PRD:AU1:AU1-AUSTRALIA B2B B2C INV ORG,PAC00-14231,1-Feb-26,
IPETSTORE,PRD:AU1:AU1-AUSTRALIA B2B B2C INV ORG,PAC00-14231,1-Mar-26,
IPETSTORE,PRD:AU1:AU1-AUSTRALIA B2B B2C INV ORG,PAC00-14231,1-Apr-26,
Invisbile Fence of Upstate New York,PRD:IND:IND-GEODIS WHSE IND US,PBC-1000,1-May-23,
Invisbile Fence of Upstate New York,PRD:IND:IND-GEODIS WHSE IND US,PBC-1000,1-Jun-23,
Invisbile Fence of Upstate New York,PRD:IND:IND-GEODIS WHSE IND US,PBC-1000,1-Jul-23,
Invisbile Fence of Upstate New York,PRD:IND:IND-GEODIS WHSE IND US,PBC-1000,1-Aug-23,
Invisbile Fence of Upstate New York,PRD:IND:IND-GEODIS WHSE IND US,PBC-1000,1-Sep-23,
Invisbile Fence of Upstate New York,PRD:IND:IND-GEODIS WHSE IND US,PBC-1000,1-Oct-23,
Invisbile Fence of Upstate New York,PRD:IND:IND-GEODIS WHSE IND US,PBC-1000,1-Nov-23,1
Invisbile Fence of Upstate New York,PRD:IND:IND-GEODIS WHSE IND US,PBC-1000,1-Dec-23,
Invisbile Fence of Upstate New York,PRD:IND:IND-GEODIS WHSE IND US,PBC-1000,1-Jan-24,
Invisbile Fence of Upstate New York,PRD:IND:IND-GEODIS WHSE IND US,PBC-1000,1-Feb-24,
Invisbile Fence of Upstate New York,PRD:IND:IND-GEODIS WHSE IND US,PBC-1000,1-Mar-24,
Invisbile Fence of Upstate New York,PRD:IND:IND-GEODIS WHSE IND US,PBC-1000,1-Apr-24,
Invisbile Fence of Upstate New York,PRD:IND:IND-GEODIS WHSE IND US,PBC-1000,1-May-24,
Invisbile Fence of Upstate New York,PRD:IND:IND-GEODIS WHSE IND US,PBC-1000,1-Jun-24,
Invisbile Fence of Upstate New York,PRD:IND:IND-GEODIS WHSE IND US,PBC-1000,1-Jul-24,
Invisbile Fence of Upstate New York,PRD:IND:IND-GEODIS WHSE IND US,PBC-1000,1-Aug-24,
Invisbile Fence of Upstate New York,PRD:IND:IND-GEODIS WHSE IND US,PBC-1000,1-Sep-24,
Invisbile Fence of Upstate New York,PRD:IND:IND-GEODIS WHSE IND US,PBC-1000,1-Oct-24,
Invisbile Fence of Upstate New York,PRD:IND:IND-GEODIS WHSE IND US,PBC-1000,1-Nov-24,
Invisbile Fence of Upstate New York,PRD:IND:IND-GEODIS WHSE IND US,PBC-1000,1-Dec-24,
Invisbile Fence of Upstate New York,PRD:IND:IND-GEODIS WHSE IND US,PBC-1000,1-Jan-25,
Invisbile Fence of Upstate New York,PRD:IND:IND-GEODIS WHSE IND US,PBC-1000,1-Feb-25,
Invisbile Fence of Upstate New York,PRD:IND:IND-GEODIS WHSE IND US,PBC-1000,1-Mar-25,
Invisbile Fence of Upstate New York,PRD:IND:IND-GEODIS WHSE IND US,PBC-1000,1-Apr-25,
Invisbile Fence of Upstate New York,PRD:IND:IND-GEODIS WHSE IND US,PBC-1000,1-May-25,
Invisbile Fence of Upstate New York,PRD:IND:IND-GEODIS WHSE IND US,PBC-1000,1-Jun-25,
Invisbile Fence of Upstate New York,PRD:IND:IND-GEODIS WHSE IND US,PBC-1000,1-Jul-25,
Invisbile Fence of Upstate New York,PRD:IND:IND-GEODIS WHSE IND US,PBC-1000,1-Aug-25,
Invisbile Fence of Upstate New York,PRD:IND:IND-GEODIS WHSE IND US,PBC-1000,1-Sep-25,
Invisbile Fence of Upstate New York,PRD:IND:IND-GEODIS WHSE IND US,PBC-1000,1-Oct-25,
Invisbile Fence of Upstate New York,PRD:IND:IND-GEODIS WHSE IND US,PBC-1000,1-Nov-25,
Invisbile Fence of Upstate New York,PRD:IND:IND-GEODIS WHSE IND US,PBC-1000,1-Dec-25,
Invisbile Fence of Upstate New York,PRD:IND:IND-GEODIS WHSE IND US,PBC-1000,1-Jan-26,
Invisbile Fence of Upstate New York,PRD:IND:IND-GEODIS WHSE IND US,PBC-1000,1-Feb-26,
Invisbile Fence of Upstate New York,PRD:IND:IND-GEODIS WHSE IND US,PBC-1000,1-Mar-26,
Invisbile Fence of Upstate New York,PRD:IND:IND-GEODIS WHSE IND US,PBC-1000,1-Apr-26,
Invisible Fence Chicago,PRD:IND:IND-GEODIS WHSE IND US,PAC00-14231,1-May-23,
Invisible Fence Chicago,PRD:IND:IND-GEODIS WHSE IND US,PAC00-14231,1-Jun-23,
Invisible Fence Chicago,PRD:IND:IND-GEODIS WHSE IND US,PAC00-14231,1-Jul-23,
Invisible Fence Chicago,PRD:IND:IND-GEODIS WHSE IND US,PAC00-14231,1-Aug-23,
Invisible Fence Chicago,PRD:IND:IND-GEODIS WHSE IND US,PAC00-14231,1-Sep-23,
Invisible Fence Chicago,PRD:IND:IND-GEODIS WHSE IND US,PAC00-14231,1-Oct-23,
Invisible Fence Chicago,PRD:IND:IND-GEODIS WHSE IND US,PAC00-14231,1-Nov-23,
Invisible Fence Chicago,PRD:IND:IND-GEODIS WHSE IND US,PAC00-14231,1-Dec-23,3
Invisible Fence Chicago,PRD:IND:IND-GEODIS WHSE IND US,PAC00-14231,1-Jan-24,
Invisible Fence Chicago,PRD:IND:IND-GEODIS WHSE IND US,PAC00-14231,1-Feb-24,
Invisible Fence Chicago,PRD:IND:IND-GEODIS WHSE IND US,PAC00-14231,1-Mar-24,
Invisible Fence Chicago,PRD:IND:IND-GEODIS WHSE IND US,PAC00-14231,1-Apr-24,
Invisible Fence Chicago,PRD:IND:IND-GEODIS WHSE IND US,PAC00-14231,1-May-24,
Invisible Fence Chicago,PRD:IND:IND-GEODIS WHSE IND US,PAC00-14231,1-Jun-24,
Invisible Fence Chicago,PRD:IND:IND-GEODIS WHSE IND US,PAC00-14231,1-Jul-24,
Invisible Fence Chicago,PRD:IND:IND-GEODIS WHSE IND US,PAC00-14231,1-Aug-24,
Invisible Fence Chicago,PRD:IND:IND-GEODIS WHSE IND US,PAC00-14231,1-Sep-24,
Invisible Fence Chicago,PRD:IND:IND-GEODIS WHSE IND US,PAC00-14231,1-Oct-24,
Invisible Fence Chicago,PRD:IND:IND-GEODIS WHSE IND US,PAC00-14231,1-Nov-24,
Invisible Fence Chicago,PRD:IND:IND-GEODIS WHSE IND US,PAC00-14231,1-Dec-24,
Invisible Fence Chicago,PRD:IND:IND-GEODIS WHSE IND US,PAC00-14231,1-Jan-25,
Invisible Fence Chicago,PRD:IND:IND-GEODIS WHSE IND US,PAC00-14231,1-Feb-25,
Invisible Fence Chicago,PRD:IND:IND-GEODIS WHSE IND US,PAC00-14231,1-Mar-25,
Invisible Fence Chicago,PRD:IND:IND-GEODIS WHSE IND US,PAC00-14231,1-Apr-25,
Invisible Fence Chicago,PRD:IND:IND-GEODIS WHSE IND US,PAC00-14231,1-May-25,
Invisible Fence Chicago,PRD:IND:IND-GEODIS WHSE IND US,PAC00-14231,1-Jun-25,
Invisible Fence Chicago,PRD:IND:IND-GEODIS WHSE IND US,PAC00-14231,1-Jul-25,
Invisible Fence Chicago,PRD:IND:IND-GEODIS WHSE IND US,PAC00-14231,1-Aug-25,
Invisible Fence Chicago,PRD:IND:IND-GEODIS WHSE IND US,PAC00-14231,1-Sep-25,
Invisible Fence Chicago,PRD:IND:IND-GEODIS WHSE IND US,PAC00-14231,1-Oct-25,
Invisible Fence Chicago,PRD:IND:IND-GEODIS WHSE IND US,PAC00-14231,1-Nov-25,
Invisible Fence Chicago,PRD:IND:IND-GEODIS WHSE IND US,PAC00-14231,1-Dec-25,
Invisible Fence Chicago,PRD:IND:IND-GEODIS WHSE IND US,PAC00-14231,1-Jan-26,
Invisible Fence Chicago,PRD:IND:IND-GEODIS WHSE IND US,PAC00-14231,1-Feb-26,
Invisible Fence Chicago,PRD:IND:IND-GEODIS WHSE IND US,PAC00-14231,1-Mar-26,
Invisible Fence Chicago,PRD:IND:IND-GEODIS WHSE IND US,PAC00-14231,1-Apr-26,
Invisible Fence Cleveland,PRD:IND:IND-GEODIS WHSE IND US,PBC-1000,1-May-23,
Invisible Fence Cleveland,PRD:IND:IND-GEODIS WHSE IND US,PBC-1000,1-Jun-23,18
Invisible Fence Cleveland,PRD:IND:IND-GEODIS WHSE IND US,PBC-1000,1-Jul-23,
Invisible Fence Cleveland,PRD:IND:IND-GEODIS WHSE IND US,PBC-1000,1-Aug-23,12
Invisible Fence Cleveland,PRD:IND:IND-GEODIS WHSE IND US,PBC-1000,1-Sep-23,
Invisible Fence Cleveland,PRD:IND:IND-GEODIS WHSE IND US,PBC-1000,1-Oct-23,
Invisible Fence Cleveland,PRD:IND:IND-GEODIS WHSE IND US,PBC-1000,1-Nov-23,24
Invisible Fence Cleveland,PRD:IND:IND-GEODIS WHSE IND US,PBC-1000,1-Dec-23,
Invisible Fence Cleveland,PRD:IND:IND-GEODIS WHSE IND US,PBC-1000,1-Jan-24,
Invisible Fence Cleveland,PRD:IND:IND-GEODIS WHSE IND US,PBC-1000,1-Feb-24,
Invisible Fence Cleveland,PRD:IND:IND-GEODIS WHSE IND US,PBC-1000,1-Mar-24,
Invisible Fence Cleveland,PRD:IND:IND-GEODIS WHSE IND US,PBC-1000,1-Apr-24,
Invisible Fence Cleveland,PRD:IND:IND-GEODIS WHSE IND US,PBC-1000,1-May-24,
Invisible Fence Cleveland,PRD:IND:IND-GEODIS WHSE IND US,PBC-1000,1-Jun-24,6
Invisible Fence Cleveland,PRD:IND:IND-GEODIS WHSE IND US,PBC-1000,1-Jul-24,
Invisible Fence Cleveland,PRD:IND:IND-GEODIS WHSE IND US,PBC-1000,1-Aug-24,
Invisible Fence Cleveland,PRD:IND:IND-GEODIS WHSE IND US,PBC-1000,1-Sep-24,
Invisible Fence Cleveland,PRD:IND:IND-GEODIS WHSE IND US,PBC-1000,1-Oct-24,
Invisible Fence Cleveland,PRD:IND:IND-GEODIS WHSE IND US,PBC-1000,1-Nov-24,
Invisible Fence Cleveland,PRD:IND:IND-GEODIS WHSE IND US,PBC-1000,1-Dec-24,
Invisible Fence Cleveland,PRD:IND:IND-GEODIS WHSE IND US,PBC-1000,1-Jan-25,
Invisible Fence Cleveland,PRD:IND:IND-GEODIS WHSE IND US,PBC-1000,1-Feb-25,
Invisible Fence Cleveland,PRD:IND:IND-GEODIS WHSE IND US,PBC-1000,1-Mar-25,
Invisible Fence Cleveland,PRD:IND:IND-GEODIS WHSE IND US,PBC-1000,1-Apr-25,
Invisible Fence Cleveland,PRD:IND:IND-GEODIS WHSE IND US,PBC-1000,1-May-25,
Invisible Fence Cleveland,PRD:IND:IND-GEODIS WHSE IND US,PBC-1000,1-Jun-25,
Invisible Fence Cleveland,PRD:IND:IND-GEODIS WHSE IND US,PBC-1000,1-Jul-25,
Invisible Fence Cleveland,PRD:IND:IND-GEODIS WHSE IND US,PBC-1000,1-Aug-25,
Invisible Fence Cleveland,PRD:IND:IND-GEODIS WHSE IND US,PBC-1000,1-Sep-25,
Invisible Fence Cleveland,PRD:IND:IND-GEODIS WHSE IND US,PBC-1000,1-Oct-25,
Invisible Fence Cleveland,PRD:IND:IND-GEODIS WHSE IND US,PBC-1000,1-Nov-25,
Invisible Fence Cleveland,PRD:IND:IND-GEODIS WHSE IND US,PBC-1000,1-Dec-25,
Invisible Fence Cleveland,PRD:IND:IND-GEODIS WHSE IND US,PBC-1000,1-Jan-26,
Invisible Fence Cleveland,PRD:IND:IND-GEODIS WHSE IND US,PBC-1000,1-Feb-26,
Invisible Fence Cleveland,PRD:IND:IND-GEODIS WHSE IND US,PBC-1000,1-Mar-26,
Invisible Fence Cleveland,PRD:IND:IND-GEODIS WHSE IND US,PBC-1000,1-Apr-26,
Invisible Fence Denver,PRD:IND:IND-GEODIS WHSE IND US,PBC-1000,1-May-23,
Invisible Fence Denver,PRD:IND:IND-GEODIS WHSE IND US,PBC-1000,1-Jun-23,
Invisible Fence Denver,PRD:IND:IND-GEODIS WHSE IND US,PBC-1000,1-Jul-23,
Invisible Fence Denver,PRD:IND:IND-GEODIS WHSE IND US,PBC-1000,1-Aug-23,
Invisible Fence Denver,PRD:IND:IND-GEODIS WHSE IND US,PBC-1000,1-Sep-23,
Invisible Fence Denver,PRD:IND:IND-GEODIS WHSE IND US,PBC-1000,1-Oct-23,
Invisible Fence Denver,PRD:IND:IND-GEODIS WHSE IND US,PBC-1000,1-Nov-23,
Invisible Fence Denver,PRD:IND:IND-GEODIS WHSE IND US,PBC-1000,1-Dec-23,1
Invisible Fence Denver,PRD:IND:IND-GEODIS WHSE IND US,PBC-1000,1-Jan-24,
Invisible Fence Denver,PRD:IND:IND-GEODIS WHSE IND US,PBC-1000,1-Feb-24,
Invisible Fence Denver,PRD:IND:IND-GEODIS WHSE IND US,PBC-1000,1-Mar-24,
Invisible Fence Denver,PRD:IND:IND-GEODIS WHSE IND US,PBC-1000,1-Apr-24,
Invisible Fence Denver,PRD:IND:IND-GEODIS WHSE IND US,PBC-1000,1-May-24,
Invisible Fence Denver,PRD:IND:IND-GEODIS WHSE IND US,PBC-1000,1-Jun-24,
Invisible Fence Denver,PRD:IND:IND-GEODIS WHSE IND US,PBC-1000,1-Jul-24,
Invisible Fence Denver,PRD:IND:IND-GEODIS WHSE IND US,PBC-1000,1-Aug-24,
Invisible Fence Denver,PRD:IND:IND-GEODIS WHSE IND US,PBC-1000,1-Sep-24,
Invisible Fence Denver,PRD:IND:IND-GEODIS WHSE IND US,PBC-1000,1-Oct-24,
Invisible Fence Denver,PRD:IND:IND-GEODIS WHSE IND US,PBC-1000,1-Nov-24,
Invisible Fence Denver,PRD:IND:IND-GEODIS WHSE IND US,PBC-1000,1-Dec-24,
Invisible Fence Denver,PRD:IND:IND-GEODIS WHSE IND US,PBC-1000,1-Jan-25,
Invisible Fence Denver,PRD:IND:IND-GEODIS WHSE IND US,PBC-1000,1-Feb-25,
Invisible Fence Denver,PRD:IND:IND-GEODIS WHSE IND US,PBC-1000,1-Mar-25,
Invisible Fence Denver,PRD:IND:IND-GEODIS WHSE IND US,PBC-1000,1-Apr-25,
Invisible Fence Denver,PRD:IND:IND-GEODIS WHSE IND US,PBC-1000,1-May-25,
Invisible Fence Denver,PRD:IND:IND-GEODIS WHSE IND US,PBC-1000,1-Jun-25,
Invisible Fence Denver,PRD:IND:IND-GEODIS WHSE IND US,PBC-1000,1-Jul-25,
Invisible Fence Denver,PRD:IND:IND-GEODIS WHSE IND US,PBC-1000,1-Aug-25,
Invisible Fence Denver,PRD:IND:IND-GEODIS WHSE IND US,PBC-1000,1-Sep-25,
Invisible Fence Denver,PRD:IND:IND-GEODIS WHSE IND US,PBC-1000,1-Oct-25,
Invisible Fence Denver,PRD:IND:IND-GEODIS WHSE IND US,PBC-1000,1-Nov-25,
Invisible Fence Denver,PRD:IND:IND-GEODIS WHSE IND US,PBC-1000,1-Dec-25,
Invisible Fence Denver,PRD:IND:IND-GEODIS WHSE IND US,PBC-1000,1-Jan-26,
Invisible Fence Denver,PRD:IND:IND-GEODIS WHSE IND US,PBC-1000,1-Feb-26,
Invisible Fence Denver,PRD:IND:IND-GEODIS WHSE IND US,PBC-1000,1-Mar-26,
Invisible Fence Denver,PRD:IND:IND-GEODIS WHSE IND US,PBC-1000,1-Apr-26,
Invisible Fence by Clark Associates,PRD:IND:IND-GEODIS WHSE IND US,PBC-1000,1-May-23,
Invisible Fence by Clark Associates,PRD:IND:IND-GEODIS WHSE IND US,PBC-1000,1-Jun-23,
Invisible Fence by Clark Associates,PRD:IND:IND-GEODIS WHSE IND US,PBC-1000,1-Jul-23,
Invisible Fence by Clark Associates,PRD:IND:IND-GEODIS WHSE IND US,PBC-1000,1-Aug-23,
Invisible Fence by Clark Associates,PRD:IND:IND-GEODIS WHSE IND US,PBC-1000,1-Sep-23,1
Invisible Fence by Clark Associates,PRD:IND:IND-GEODIS WHSE IND US,PBC-1000,1-Oct-23,
Invisible Fence by Clark Associates,PRD:IND:IND-GEODIS WHSE IND US,PBC-1000,1-Nov-23,
Invisible Fence by Clark Associates,PRD:IND:IND-GEODIS WHSE IND US,PBC-1000,1-Dec-23,
Invisible Fence by Clark Associates,PRD:IND:IND-GEODIS WHSE IND US,PBC-1000,1-Jan-24,1
Invisible Fence by Clark Associates,PRD:IND:IND-GEODIS WHSE IND US,PBC-1000,1-Feb-24,
Invisible Fence by Clark Associates,PRD:IND:IND-GEODIS WHSE IND US,PBC-1000,1-Mar-24,
Invisible Fence by Clark Associates,PRD:IND:IND-GEODIS WHSE IND US,PBC-1000,1-Apr-24,
Invisible Fence by Clark Associates,PRD:IND:IND-GEODIS WHSE IND US,PBC-1000,1-May-24,
Invisible Fence by Clark Associates,PRD:IND:IND-GEODIS WHSE IND US,PBC-1000,1-Jun-24,
Invisible Fence by Clark Associates,PRD:IND:IND-GEODIS WHSE IND US,PBC-1000,1-Jul-24,
Invisible Fence by Clark Associates,PRD:IND:IND-GEODIS WHSE IND US,PBC-1000,1-Aug-24,
Invisible Fence by Clark Associates,PRD:IND:IND-GEODIS WHSE IND US,PBC-1000,1-Sep-24,
Invisible Fence by Clark Associates,PRD:IND:IND-GEODIS WHSE IND US,PBC-1000,1-Oct-24,
Invisible Fence by Clark Associates,PRD:IND:IND-GEODIS WHSE IND US,PBC-1000,1-Nov-24,
Invisible Fence by Clark Associates,PRD:IND:IND-GEODIS WHSE IND US,PBC-1000,1-Dec-24,
Invisible Fence by Clark Associates,PRD:IND:IND-GEODIS WHSE IND US,PBC-1000,1-Jan-25,
Invisible Fence by Clark Associates,PRD:IND:IND-GEODIS WHSE IND US,PBC-1000,1-Feb-25,
Invisible Fence by Clark Associates,PRD:IND:IND-GEODIS WHSE IND US,PBC-1000,1-Mar-25,
Invisible Fence by Clark Associates,PRD:IND:IND-GEODIS WHSE IND US,PBC-1000,1-Apr-25,
Invisible Fence by Clark Associates,PRD:IND:IND-GEODIS WHSE IND US,PBC-1000,1-May-25,
Invisible Fence by Clark Associates,PRD:IND:IND-GEODIS WHSE IND US,PBC-1000,1-Jun-25,
Invisible Fence by Clark Associates,PRD:IND:IND-GEODIS WHSE IND US,PBC-1000,1-Jul-25,
Invisible Fence by Clark Associates,PRD:IND:IND-GEODIS WHSE IND US,PBC-1000,1-Aug-25,
Invisible Fence by Clark Associates,PRD:IND:IND-GEODIS WHSE IND US,PBC-1000,1-Sep-25,
Invisible Fence by Clark Associates,PRD:IND:IND-GEODIS WHSE IND US,PBC-1000,1-Oct-25,
Invisible Fence by Clark Associates,PRD:IND:IND-GEODIS WHSE IND US,PBC-1000,1-Nov-25,
Invisible Fence by Clark Associates,PRD:IND:IND-GEODIS WHSE IND US,PBC-1000,1-Dec-25,
Invisible Fence by Clark Associates,PRD:IND:IND-GEODIS WHSE IND US,PBC-1000,1-Jan-26,
Invisible Fence by Clark Associates,PRD:IND:IND-GEODIS WHSE IND US,PBC-1000,1-Feb-26,
Invisible Fence by Clark Associates,PRD:IND:IND-GEODIS WHSE IND US,PBC-1000,1-Mar-26,
Invisible Fence by Clark Associates,PRD:IND:IND-GEODIS WHSE IND US,PBC-1000,1-Apr-26,
Invisible Fence of CT & Central Mass,PRD:IND:IND-GEODIS WHSE IND US,PBC-1000,1-May-23,
Invisible Fence of CT & Central Mass,PRD:IND:IND-GEODIS WHSE IND US,PBC-1000,1-Jun-23,
Invisible Fence of CT & Central Mass,PRD:IND:IND-GEODIS WHSE IND US,PBC-1000,1-Jul-23,1
Invisible Fence of CT & Central Mass,PRD:IND:IND-GEODIS WHSE IND US,PBC-1000,1-Aug-23,
Invisible Fence of CT & Central Mass,PRD:IND:IND-GEODIS WHSE IND US,PBC-1000,1-Sep-23,
Invisible Fence of CT & Central Mass,PRD:IND:IND-GEODIS WHSE IND US,PBC-1000,1-Oct-23,
Invisible Fence of CT & Central Mass,PRD:IND:IND-GEODIS WHSE IND US,PBC-1000,1-Nov-23,
Invisible Fence of CT & Central Mass,PRD:IND:IND-GEODIS WHSE IND US,PBC-1000,1-Dec-23,
Invisible Fence of CT & Central Mass,PRD:IND:IND-GEODIS WHSE IND US,PBC-1000,1-Jan-24,
Invisible Fence of CT & Central Mass,PRD:IND:IND-GEODIS WHSE IND US,PBC-1000,1-Feb-24,
Invisible Fence of CT & Central Mass,PRD:IND:IND-GEODIS WHSE IND US,PBC-1000,1-Mar-24,
Invisible Fence of CT & Central Mass,PRD:IND:IND-GEODIS WHSE IND US,PBC-1000,1-Apr-24,
Invisible Fence of CT & Central Mass,PRD:IND:IND-GEODIS WHSE IND US,PBC-1000,1-May-24,
Invisible Fence of CT & Central Mass,PRD:IND:IND-GEODIS WHSE IND US,PBC-1000,1-Jun-24,
Invisible Fence of CT & Central Mass,PRD:IND:IND-GEODIS WHSE IND US,PBC-1000,1-Jul-24,
Invisible Fence of CT & Central Mass,PRD:IND:IND-GEODIS WHSE IND US,PBC-1000,1-Aug-24,
Invisible Fence of CT & Central Mass,PRD:IND:IND-GEODIS WHSE IND US,PBC-1000,1-Sep-24,
Invisible Fence of CT & Central Mass,PRD:IND:IND-GEODIS WHSE IND US,PBC-1000,1-Oct-24,
Invisible Fence of CT & Central Mass,PRD:IND:IND-GEODIS WHSE IND US,PBC-1000,1-Nov-24,
Invisible Fence of CT & Central Mass,PRD:IND:IND-GEODIS WHSE IND US,PBC-1000,1-Dec-24,
Invisible Fence of CT & Central Mass,PRD:IND:IND-GEODIS WHSE IND US,PBC-1000,1-Jan-25,
Invisible Fence of CT & Central Mass,PRD:IND:IND-GEODIS WHSE IND US,PBC-1000,1-Feb-25,
Invisible Fence of CT & Central Mass,PRD:IND:IND-GEODIS WHSE IND US,PBC-1000,1-Mar-25,
Invisible Fence of CT & Central Mass,PRD:IND:IND-GEODIS WHSE IND US,PBC-1000,1-Apr-25,
Invisible Fence of CT & Central Mass,PRD:IND:IND-GEODIS WHSE IND US,PBC-1000,1-May-25,
Invisible Fence of CT & Central Mass,PRD:IND:IND-GEODIS WHSE IND US,PBC-1000,1-Jun-25,
Invisible Fence of CT & Central Mass,PRD:IND:IND-GEODIS WHSE IND US,PBC-1000,1-Jul-25,
Invisible Fence of CT & Central Mass,PRD:IND:IND-GEODIS WHSE IND US,PBC-1000,1-Aug-25,
Invisible Fence of CT & Central Mass,PRD:IND:IND-GEODIS WHSE IND US,PBC-1000,1-Sep-25,
Invisible Fence of CT & Central Mass,PRD:IND:IND-GEODIS WHSE IND US,PBC-1000,1-Oct-25,
Invisible Fence of CT & Central Mass,PRD:IND:IND-GEODIS WHSE IND US,PBC-1000,1-Nov-25,
Invisible Fence of CT & Central Mass,PRD:IND:IND-GEODIS WHSE IND US,PBC-1000,1-Dec-25,
Invisible Fence of CT & Central Mass,PRD:IND:IND-GEODIS WHSE IND US,PBC-1000,1-Jan-26,
Invisible Fence of CT & Central Mass,PRD:IND:IND-GEODIS WHSE IND US,PBC-1000,1-Feb-26,
Invisible Fence of CT & Central Mass,PRD:IND:IND-GEODIS WHSE IND US,PBC-1000,1-Mar-26,
Invisible Fence of CT & Central Mass,PRD:IND:IND-GEODIS WHSE IND US,PBC-1000,1-Apr-26,
Invisible Fence of Louisville,PRD:IND:IND-GEODIS WHSE IND US,PBC-1000,1-May-23,
Invisible Fence of Louisville,PRD:IND:IND-GEODIS WHSE IND US,PBC-1000,1-Jun-23,
Invisible Fence of Louisville,PRD:IND:IND-GEODIS WHSE IND US,PBC-1000,1-Jul-23,
Invisible Fence of Louisville,PRD:IND:IND-GEODIS WHSE IND US,PBC-1000,1-Aug-23,
Invisible Fence of Louisville,PRD:IND:IND-GEODIS WHSE IND US,PBC-1000,1-Sep-23,
Invisible Fence of Louisville,PRD:IND:IND-GEODIS WHSE IND US,PBC-1000,1-Oct-23,
Invisible Fence of Louisville,PRD:IND:IND-GEODIS WHSE IND US,PBC-1000,1-Nov-23,
Invisible Fence of Louisville,PRD:IND:IND-GEODIS WHSE IND US,PBC-1000,1-Dec-23,
Invisible Fence of Louisville,PRD:IND:IND-GEODIS WHSE IND US,PBC-1000,1-Jan-24,
Invisible Fence of Louisville,PRD:IND:IND-GEODIS WHSE IND US,PBC-1000,1-Feb-24,
Invisible Fence of Louisville,PRD:IND:IND-GEODIS WHSE IND US,PBC-1000,1-Mar-24,
Invisible Fence of Louisville,PRD:IND:IND-GEODIS WHSE IND US,PBC-1000,1-Apr-24,
Invisible Fence of Louisville,PRD:IND:IND-GEODIS WHSE IND US,PBC-1000,1-May-24,
Invisible Fence of Louisville,PRD:IND:IND-GEODIS WHSE IND US,PBC-1000,1-Jun-24,
Invisible Fence of Louisville,PRD:IND:IND-GEODIS WHSE IND US,PBC-1000,1-Jul-24,
Invisible Fence of Louisville,PRD:IND:IND-GEODIS WHSE IND US,PBC-1000,1-Aug-24,
Invisible Fence of Louisville,PRD:IND:IND-GEODIS WHSE IND US,PBC-1000,1-Sep-24,
Invisible Fence of Louisville,PRD:IND:IND-GEODIS WHSE IND US,PBC-1000,1-Oct-24,
Invisible Fence of Louisville,PRD:IND:IND-GEODIS WHSE IND US,PBC-1000,1-Nov-24,
Invisible Fence of Louisville,PRD:IND:IND-GEODIS WHSE IND US,PBC-1000,1-Dec-24,
Invisible Fence of Louisville,PRD:IND:IND-GEODIS WHSE IND US,PBC-1000,1-Jan-25,
Invisible Fence of Louisville,PRD:IND:IND-GEODIS WHSE IND US,PBC-1000,1-Feb-25,
Invisible Fence of Louisville,PRD:IND:IND-GEODIS WHSE IND US,PBC-1000,1-Mar-25,
Invisible Fence of Louisville,PRD:IND:IND-GEODIS WHSE IND US,PBC-1000,1-Apr-25,
Invisible Fence of Louisville,PRD:IND:IND-GEODIS WHSE IND US,PBC-1000,1-May-25,
Invisible Fence of Louisville,PRD:IND:IND-GEODIS WHSE IND US,PBC-1000,1-Jun-25,
Invisible Fence of Louisville,PRD:IND:IND-GEODIS WHSE IND US,PBC-1000,1-Jul-25,
Invisible Fence of Louisville,PRD:IND:IND-GEODIS WHSE IND US,PBC-1000,1-Aug-25,
Invisible Fence of Louisville,PRD:IND:IND-GEODIS WHSE IND US,PBC-1000,1-Sep-25,6
Invisible Fence of Louisville,PRD:IND:IND-GEODIS WHSE IND US,PBC-1000,1-Oct-25,
Invisible Fence of Louisville,PRD:IND:IND-GEODIS WHSE IND US,PBC-1000,1-Nov-25,
Invisible Fence of Louisville,PRD:IND:IND-GEODIS WHSE IND US,PBC-1000,1-Dec-25,
Invisible Fence of Louisville,PRD:IND:IND-GEODIS WHSE IND US,PBC-1000,1-Jan-26,
Invisible Fence of Louisville,PRD:IND:IND-GEODIS WHSE IND US,PBC-1000,1-Feb-26,
Invisible Fence of Louisville,PRD:IND:IND-GEODIS WHSE IND US,PBC-1000,1-Mar-26,
Invisible Fence of Louisville,PRD:IND:IND-GEODIS WHSE IND US,PBC-1000,1-Apr-26,
Invisible Fence of Metro CT & NY,PRD:IND:IND-GEODIS WHSE IND US,PBC-1000,1-May-23,
Invisible Fence of Metro CT & NY,PRD:IND:IND-GEODIS WHSE IND US,PBC-1000,1-Jun-23,
Invisible Fence of Metro CT & NY,PRD:IND:IND-GEODIS WHSE IND US,PBC-1000,1-Jul-23,
Invisible Fence of Metro CT & NY,PRD:IND:IND-GEODIS WHSE IND US,PBC-1000,1-Aug-23,
Invisible Fence of Metro CT & NY,PRD:IND:IND-GEODIS WHSE IND US,PBC-1000,1-Sep-23,
Invisible Fence of Metro CT & NY,PRD:IND:IND-GEODIS WHSE IND US,PBC-1000,1-Oct-23,
Invisible Fence of Metro CT & NY,PRD:IND:IND-GEODIS WHSE IND US,PBC-1000,1-Nov-23,
Invisible Fence of Metro CT & NY,PRD:IND:IND-GEODIS WHSE IND US,PBC-1000,1-Dec-23,
Invisible Fence of Metro CT & NY,PRD:IND:IND-GEODIS WHSE IND US,PBC-1000,1-Jan-24,
Invisible Fence of Metro CT & NY,PRD:IND:IND-GEODIS WHSE IND US,PBC-1000,1-Feb-24,
Invisible Fence of Metro CT & NY,PRD:IND:IND-GEODIS WHSE IND US,PBC-1000,1-Mar-24,1
Invisible Fence of Metro CT & NY,PRD:IND:IND-GEODIS WHSE IND US,PBC-1000,1-Apr-24,
Invisible Fence of Metro CT & NY,PRD:IND:IND-GEODIS WHSE IND US,PBC-1000,1-May-24,
Invisible Fence of Metro CT & NY,PRD:IND:IND-GEODIS WHSE IND US,PBC-1000,1-Jun-24,
Invisible Fence of Metro CT & NY,PRD:IND:IND-GEODIS WHSE IND US,PBC-1000,1-Jul-24,
Invisible Fence of Metro CT & NY,PRD:IND:IND-GEODIS WHSE IND US,PBC-1000,1-Aug-24,
Invisible Fence of Metro CT & NY,PRD:IND:IND-GEODIS WHSE IND US,PBC-1000,1-Sep-24,
Invisible Fence of Metro CT & NY,PRD:IND:IND-GEODIS WHSE IND US,PBC-1000,1-Oct-24,
Invisible Fence of Metro CT & NY,PRD:IND:IND-GEODIS WHSE IND US,PBC-1000,1-Nov-24,
Invisible Fence of Metro CT & NY,PRD:IND:IND-GEODIS WHSE IND US,PBC-1000,1-Dec-24,
Invisible Fence of Metro CT & NY,PRD:IND:IND-GEODIS WHSE IND US,PBC-1000,1-Jan-25,
Invisible Fence of Metro CT & NY,PRD:IND:IND-GEODIS WHSE IND US,PBC-1000,1-Feb-25,
Invisible Fence of Metro CT & NY,PRD:IND:IND-GEODIS WHSE IND US,PBC-1000,1-Mar-25,
Invisible Fence of Metro CT & NY,PRD:IND:IND-GEODIS WHSE IND US,PBC-1000,1-Apr-25,
Invisible Fence of Metro CT & NY,PRD:IND:IND-GEODIS WHSE IND US,PBC-1000,1-May-25,
Invisible Fence of Metro CT & NY,PRD:IND:IND-GEODIS WHSE IND US,PBC-1000,1-Jun-25,
Invisible Fence of Metro CT & NY,PRD:IND:IND-GEODIS WHSE IND US,PBC-1000,1-Jul-25,
Invisible Fence of Metro CT & NY,PRD:IND:IND-GEODIS WHSE IND US,PBC-1000,1-Aug-25,
Invisible Fence of Metro CT & NY,PRD:IND:IND-GEODIS WHSE IND US,PBC-1000,1-Sep-25,
Invisible Fence of Metro CT & NY,PRD:IND:IND-GEODIS WHSE IND US,PBC-1000,1-Oct-25,
Invisible Fence of Metro CT & NY,PRD:IND:IND-GEODIS WHSE IND US,PBC-1000,1-Nov-25,
Invisible Fence of Metro CT & NY,PRD:IND:IND-GEODIS WHSE IND US,PBC-1000,1-Dec-25,
Invisible Fence of Metro CT & NY,PRD:IND:IND-GEODIS WHSE IND US,PBC-1000,1-Jan-26,
Invisible Fence of Metro CT & NY,PRD:IND:IND-GEODIS WHSE IND US,PBC-1000,1-Feb-26,
Invisible Fence of Metro CT & NY,PRD:IND:IND-GEODIS WHSE IND US,PBC-1000,1-Mar-26,
Invisible Fence of Metro CT & NY,PRD:IND:IND-GEODIS WHSE IND US,PBC-1000,1-Apr-26,
JEFFERS VET SUPPLY  AL,PRD:IND:IND-GEODIS WHSE IND US,PBC-1000,1-May-23,4
JEFFERS VET SUPPLY  AL,PRD:IND:IND-GEODIS WHSE IND US,PBC-1000,1-Jun-23,
JEFFERS VET SUPPLY  AL,PRD:IND:IND-GEODIS WHSE IND US,PBC-1000,1-Jul-23,
JEFFERS VET SUPPLY  AL,PRD:IND:IND-GEODIS WHSE IND US,PBC-1000,1-Aug-23,
JEFFERS VET SUPPLY  AL,PRD:IND:IND-GEODIS WHSE IND US,PBC-1000,1-Sep-23,
JEFFERS VET SUPPLY  AL,PRD:IND:IND-GEODIS WHSE IND US,PBC-1000,1-Oct-23,
JEFFERS VET SUPPLY  AL,PRD:IND:IND-GEODIS WHSE IND US,PBC-1000,1-Nov-23,
JEFFERS VET SUPPLY  AL,PRD:IND:IND-GEODIS WHSE IND US,PBC-1000,1-Dec-23,
JEFFERS VET SUPPLY  AL,PRD:IND:IND-GEODIS WHSE IND US,PBC-1000,1-Jan-24,
JEFFERS VET SUPPLY  AL,PRD:IND:IND-GEODIS WHSE IND US,PBC-1000,1-Feb-24,
JEFFERS VET SUPPLY  AL,PRD:IND:IND-GEODIS WHSE IND US,PBC-1000,1-Mar-24,
JEFFERS VET SUPPLY  AL,PRD:IND:IND-GEODIS WHSE IND US,PBC-1000,1-Apr-24,
JEFFERS VET SUPPLY  AL,PRD:IND:IND-GEODIS WHSE IND US,PBC-1000,1-May-24,
JEFFERS VET SUPPLY  AL,PRD:IND:IND-GEODIS WHSE IND US,PBC-1000,1-Jun-24,
JEFFERS VET SUPPLY  AL,PRD:IND:IND-GEODIS WHSE IND US,PBC-1000,1-Jul-24,
JEFFERS VET SUPPLY  AL,PRD:IND:IND-GEODIS WHSE IND US,PBC-1000,1-Aug-24,
JEFFERS VET SUPPLY  AL,PRD:IND:IND-GEODIS WHSE IND US,PBC-1000,1-Sep-24,
JEFFERS VET SUPPLY  AL,PRD:IND:IND-GEODIS WHSE IND US,PBC-1000,1-Oct-24,
JEFFERS VET SUPPLY  AL,PRD:IND:IND-GEODIS WHSE IND US,PBC-1000,1-Nov-24,
JEFFERS VET SUPPLY  AL,PRD:IND:IND-GEODIS WHSE IND US,PBC-1000,1-Dec-24,
JEFFERS VET SUPPLY  AL,PRD:IND:IND-GEODIS WHSE IND US,PBC-1000,1-Jan-25,
JEFFERS VET SUPPLY  AL,PRD:IND:IND-GEODIS WHSE IND US,PBC-1000,1-Feb-25,
JEFFERS VET SUPPLY  AL,PRD:IND:IND-GEODIS WHSE IND US,PBC-1000,1-Mar-25,
JEFFERS VET SUPPLY  AL,PRD:IND:IND-GEODIS WHSE IND US,PBC-1000,1-Apr-25,
JEFFERS VET SUPPLY  AL,PRD:IND:IND-GEODIS WHSE IND US,PBC-1000,1-May-25,
JEFFERS VET SUPPLY  AL,PRD:IND:IND-GEODIS WHSE IND US,PBC-1000,1-Jun-25,
JEFFERS VET SUPPLY  AL,PRD:IND:IND-GEODIS WHSE IND US,PBC-1000,1-Jul-25,
JEFFERS VET SUPPLY  AL,PRD:IND:IND-GEODIS WHSE IND US,PBC-1000,1-Aug-25,
JEFFERS VET SUPPLY  AL,PRD:IND:IND-GEODIS WHSE IND US,PBC-1000,1-Sep-25,
JEFFERS VET SUPPLY  AL,PRD:IND:IND-GEODIS WHSE IND US,PBC-1000,1-Oct-25,
JEFFERS VET SUPPLY  AL,PRD:IND:IND-GEODIS WHSE IND US,PBC-1000,1-Nov-25,
JEFFERS VET SUPPLY  AL,PRD:IND:IND-GEODIS WHSE IND US,PBC-1000,1-Dec-25,
JEFFERS VET SUPPLY  AL,PRD:IND:IND-GEODIS WHSE IND US,PBC-1000,1-Jan-26,
JEFFERS VET SUPPLY  AL,PRD:IND:IND-GEODIS WHSE IND US,PBC-1000,1-Feb-26,
JEFFERS VET SUPPLY  AL,PRD:IND:IND-GEODIS WHSE IND US,PBC-1000,1-Mar-26,
JEFFERS VET SUPPLY  AL,PRD:IND:IND-GEODIS WHSE IND US,PBC-1000,1-Apr-26,
JENNIFER WOOD DVM,PRD:IND:IND-GEODIS WHSE IND US,PAC00-14231,1-May-23,
JENNIFER WOOD DVM,PRD:IND:IND-GEODIS WHSE IND US,PAC00-14231,1-Jun-23,
JENNIFER WOOD DVM,PRD:IND:IND-GEODIS WHSE IND US,PAC00-14231,1-Jul-23,
JENNIFER WOOD DVM,PRD:IND:IND-GEODIS WHSE IND US,PAC00-14231,1-Aug-23,4
JENNIFER WOOD DVM,PRD:IND:IND-GEODIS WHSE IND US,PAC00-14231,1-Sep-23,
JENNIFER WOOD DVM,PRD:IND:IND-GEODIS WHSE IND US,PAC00-14231,1-Oct-23,
JENNIFER WOOD DVM,PRD:IND:IND-GEODIS WHSE IND US,PAC00-14231,1-Nov-23,
JENNIFER WOOD DVM,PRD:IND:IND-GEODIS WHSE IND US,PAC00-14231,1-Dec-23,5
JENNIFER WOOD DVM,PRD:IND:IND-GEODIS WHSE IND US,PAC00-14231,1-Jan-24,
JENNIFER WOOD DVM,PRD:IND:IND-GEODIS WHSE IND US,PAC00-14231,1-Feb-24,
JENNIFER WOOD DVM,PRD:IND:IND-GEODIS WHSE IND US,PAC00-14231,1-Mar-24,
JENNIFER WOOD DVM,PRD:IND:IND-GEODIS WHSE IND US,PAC00-14231,1-Apr-24,
JENNIFER WOOD DVM,PRD:IND:IND-GEODIS WHSE IND US,PAC00-14231,1-May-24,
JENNIFER WOOD DVM,PRD:IND:IND-GEODIS WHSE IND US,PAC00-14231,1-Jun-24,2
JENNIFER WOOD DVM,PRD:IND:IND-GEODIS WHSE IND US,PAC00-14231,1-Jul-24,
JENNIFER WOOD DVM,PRD:IND:IND-GEODIS WHSE IND US,PAC00-14231,1-Aug-24,
JENNIFER WOOD DVM,PRD:IND:IND-GEODIS WHSE IND US,PAC00-14231,1-Sep-24,
JENNIFER WOOD DVM,PRD:IND:IND-GEODIS WHSE IND US,PAC00-14231,1-Oct-24,
JENNIFER WOOD DVM,PRD:IND:IND-GEODIS WHSE IND US,PAC00-14231,1-Nov-24,
JENNIFER WOOD DVM,PRD:IND:IND-GEODIS WHSE IND US,PAC00-14231,1-Dec-24,
JENNIFER WOOD DVM,PRD:IND:IND-GEODIS WHSE IND US,PAC00-14231,1-Jan-25,
JENNIFER WOOD DVM,PRD:IND:IND-GEODIS WHSE IND US,PAC00-14231,1-Feb-25,
JENNIFER WOOD DVM,PRD:IND:IND-GEODIS WHSE IND US,PAC00-14231,1-Mar-25,
JENNIFER WOOD DVM,PRD:IND:IND-GEODIS WHSE IND US,PAC00-14231,1-Apr-25,
JENNIFER WOOD DVM,PRD:IND:IND-GEODIS WHSE IND US,PAC00-14231,1-May-25,
JENNIFER WOOD DVM,PRD:IND:IND-GEODIS WHSE IND US,PAC00-14231,1-Jun-25,1
JENNIFER WOOD DVM,PRD:IND:IND-GEODIS WHSE IND US,PAC00-14231,1-Jul-25,
JENNIFER WOOD DVM,PRD:IND:IND-GEODIS WHSE IND US,PAC00-14231,1-Aug-25,
JENNIFER WOOD DVM,PRD:IND:IND-GEODIS WHSE IND US,PAC00-14231,1-Sep-25,1
JENNIFER WOOD DVM,PRD:IND:IND-GEODIS WHSE IND US,PAC00-14231,1-Oct-25,
JENNIFER WOOD DVM,PRD:IND:IND-GEODIS WHSE IND US,PAC00-14231,1-Nov-25,
JENNIFER WOOD DVM,PRD:IND:IND-GEODIS WHSE IND US,PAC00-14231,1-Dec-25,
JENNIFER WOOD DVM,PRD:IND:IND-GEODIS WHSE IND US,PAC00-14231,1-Jan-26,
JENNIFER WOOD DVM,PRD:IND:IND-GEODIS WHSE IND US,PAC00-14231,1-Feb-26,
JENNIFER WOOD DVM,PRD:IND:IND-GEODIS WHSE IND US,PAC00-14231,1-Mar-26,
JENNIFER WOOD DVM,PRD:IND:IND-GEODIS WHSE IND US,PAC00-14231,1-Apr-26,
JESS'S TOWN & COUNTRY BARNYARD,PRD:AU1:AU1-AUSTRALIA B2B B2C INV ORG,PAC00-14231,1-May-23,
JESS'S TOWN & COUNTRY BARNYARD,PRD:AU1:AU1-AUSTRALIA B2B B2C INV ORG,PAC00-14231,1-Jun-23,
JESS'S TOWN & COUNTRY BARNYARD,PRD:AU1:AU1-AUSTRALIA B2B B2C INV ORG,PAC00-14231,1-Jul-23,
JESS'S TOWN & COUNTRY BARNYARD,PRD:AU1:AU1-AUSTRALIA B2B B2C INV ORG,PAC00-14231,1-Aug-23,
JESS'S TOWN & COUNTRY BARNYARD,PRD:AU1:AU1-AUSTRALIA B2B B2C INV ORG,PAC00-14231,1-Sep-23,
JESS'S TOWN & COUNTRY BARNYARD,PRD:AU1:AU1-AUSTRALIA B2B B2C INV ORG,PAC00-14231,1-Oct-23,
JESS'S TOWN & COUNTRY BARNYARD,PRD:AU1:AU1-AUSTRALIA B2B B2C INV ORG,PAC00-14231,1-Nov-23,
JESS'S TOWN & COUNTRY BARNYARD,PRD:AU1:AU1-AUSTRALIA B2B B2C INV ORG,PAC00-14231,1-Dec-23,
JESS'S TOWN & COUNTRY BARNYARD,PRD:AU1:AU1-AUSTRALIA B2B B2C INV ORG,PAC00-14231,1-Jan-24,
JESS'S TOWN & COUNTRY BARNYARD,PRD:AU1:AU1-AUSTRALIA B2B B2C INV ORG,PAC00-14231,1-Feb-24,
JESS'S TOWN & COUNTRY BARNYARD,PRD:AU1:AU1-AUSTRALIA B2B B2C INV ORG,PAC00-14231,1-Mar-24,
JESS'S TOWN & COUNTRY BARNYARD,PRD:AU1:AU1-AUSTRALIA B2B B2C INV ORG,PAC00-14231,1-Apr-24,
JESS'S TOWN & COUNTRY BARNYARD,PRD:AU1:AU1-AUSTRALIA B2B B2C INV ORG,PAC00-14231,1-May-24,
JESS'S TOWN & COUNTRY BARNYARD,PRD:AU1:AU1-AUSTRALIA B2B B2C INV ORG,PAC00-14231,1-Jun-24,
JESS'S TOWN & COUNTRY BARNYARD,PRD:AU1:AU1-AUSTRALIA B2B B2C INV ORG,PAC00-14231,1-Jul-24,
JESS'S TOWN & COUNTRY BARNYARD,PRD:AU1:AU1-AUSTRALIA B2B B2C INV ORG,PAC00-14231,1-Aug-24,
JESS'S TOWN & COUNTRY BARNYARD,PRD:AU1:AU1-AUSTRALIA B2B B2C INV ORG,PAC00-14231,1-Sep-24,
JESS'S TOWN & COUNTRY BARNYARD,PRD:AU1:AU1-AUSTRALIA B2B B2C INV ORG,PAC00-14231,1-Oct-24,
JESS'S TOWN & COUNTRY BARNYARD,PRD:AU1:AU1-AUSTRALIA B2B B2C INV ORG,PAC00-14231,1-Nov-24,
JESS'S TOWN & COUNTRY BARNYARD,PRD:AU1:AU1-AUSTRALIA B2B B2C INV ORG,PAC00-14231,1-Dec-24,
JESS'S TOWN & COUNTRY BARNYARD,PRD:AU1:AU1-AUSTRALIA B2B B2C INV ORG,PAC00-14231,1-Jan-25,
JESS'S TOWN & COUNTRY BARNYARD,PRD:AU1:AU1-AUSTRALIA B2B B2C INV ORG,PAC00-14231,1-Feb-25,
JESS'S TOWN & COUNTRY BARNYARD,PRD:AU1:AU1-AUSTRALIA B2B B2C INV ORG,PAC00-14231,1-Mar-25,
JESS'S TOWN & COUNTRY BARNYARD,PRD:AU1:AU1-AUSTRALIA B2B B2C INV ORG,PAC00-14231,1-Apr-25,
JESS'S TOWN & COUNTRY BARNYARD,PRD:AU1:AU1-AUSTRALIA B2B B2C INV ORG,PAC00-14231,1-May-25,
JESS'S TOWN & COUNTRY BARNYARD,PRD:AU1:AU1-AUSTRALIA B2B B2C INV ORG,PAC00-14231,1-Jun-25,
JESS'S TOWN & COUNTRY BARNYARD,PRD:AU1:AU1-AUSTRALIA B2B B2C INV ORG,PAC00-14231,1-Jul-25,
JESS'S TOWN & COUNTRY BARNYARD,PRD:AU1:AU1-AUSTRALIA B2B B2C INV ORG,PAC00-14231,1-Aug-25,
JESS'S TOWN & COUNTRY BARNYARD,PRD:AU1:AU1-AUSTRALIA B2B B2C INV ORG,PAC00-14231,1-Sep-25,
JESS'S TOWN & COUNTRY BARNYARD,PRD:AU1:AU1-AUSTRALIA B2B B2C INV ORG,PAC00-14231,1-Oct-25,
JESS'S TOWN & COUNTRY BARNYARD,PRD:AU1:AU1-AUSTRALIA B2B B2C INV ORG,PAC00-14231,1-Nov-25,
JESS'S TOWN & COUNTRY BARNYARD,PRD:AU1:AU1-AUSTRALIA B2B B2C INV ORG,PAC00-14231,1-Dec-25,
JESS'S TOWN & COUNTRY BARNYARD,PRD:AU1:AU1-AUSTRALIA B2B B2C INV ORG,PAC00-14231,1-Jan-26,2
JESS'S TOWN & COUNTRY BARNYARD,PRD:AU1:AU1-AUSTRALIA B2B B2C INV ORG,PAC00-14231,1-Feb-26,
JESS'S TOWN & COUNTRY BARNYARD,PRD:AU1:AU1-AUSTRALIA B2B B2C INV ORG,PAC00-14231,1-Mar-26,
JESS'S TOWN & COUNTRY BARNYARD,PRD:AU1:AU1-AUSTRALIA B2B B2C INV ORG,PAC00-14231,1-Apr-26,
JUST FOR PETS,PRD:AU1:AU1-AUSTRALIA B2B B2C INV ORG,PAC00-14231,1-May-23,
JUST FOR PETS,PRD:AU1:AU1-AUSTRALIA B2B B2C INV ORG,PAC00-14231,1-Jun-23,
JUST FOR PETS,PRD:AU1:AU1-AUSTRALIA B2B B2C INV ORG,PAC00-14231,1-Jul-23,
JUST FOR PETS,PRD:AU1:AU1-AUSTRALIA B2B B2C INV ORG,PAC00-14231,1-Aug-23,
JUST FOR PETS,PRD:AU1:AU1-AUSTRALIA B2B B2C INV ORG,PAC00-14231,1-Sep-23,
JUST FOR PETS,PRD:AU1:AU1-AUSTRALIA B2B B2C INV ORG,PAC00-14231,1-Oct-23,
JUST FOR PETS,PRD:AU1:AU1-AUSTRALIA B2B B2C INV ORG,PAC00-14231,1-Nov-23,
JUST FOR PETS,PRD:AU1:AU1-AUSTRALIA B2B B2C INV ORG,PAC00-14231,1-Dec-23,
JUST FOR PETS,PRD:AU1:AU1-AUSTRALIA B2B B2C INV ORG,PAC00-14231,1-Jan-24,
JUST FOR PETS,PRD:AU1:AU1-AUSTRALIA B2B B2C INV ORG,PAC00-14231,1-Feb-24,
JUST FOR PETS,PRD:AU1:AU1-AUSTRALIA B2B B2C INV ORG,PAC00-14231,1-Mar-24,
JUST FOR PETS,PRD:AU1:AU1-AUSTRALIA B2B B2C INV ORG,PAC00-14231,1-Apr-24,
JUST FOR PETS,PRD:AU1:AU1-AUSTRALIA B2B B2C INV ORG,PAC00-14231,1-May-24,
JUST FOR PETS,PRD:AU1:AU1-AUSTRALIA B2B B2C INV ORG,PAC00-14231,1-Jun-24,
JUST FOR PETS,PRD:AU1:AU1-AUSTRALIA B2B B2C INV ORG,PAC00-14231,1-Jul-24,
JUST FOR PETS,PRD:AU1:AU1-AUSTRALIA B2B B2C INV ORG,PAC00-14231,1-Aug-24,
JUST FOR PETS,PRD:AU1:AU1-AUSTRALIA B2B B2C INV ORG,PAC00-14231,1-Sep-24,
JUST FOR PETS,PRD:AU1:AU1-AUSTRALIA B2B B2C INV ORG,PAC00-14231,1-Oct-24,
JUST FOR PETS,PRD:AU1:AU1-AUSTRALIA B2B B2C INV ORG,PAC00-14231,1-Nov-24,
JUST FOR PETS,PRD:AU1:AU1-AUSTRALIA B2B B2C INV ORG,PAC00-14231,1-Dec-24,
JUST FOR PETS,PRD:AU1:AU1-AUSTRALIA B2B B2C INV ORG,PAC00-14231,1-Jan-25,
JUST FOR PETS,PRD:AU1:AU1-AUSTRALIA B2B B2C INV ORG,PAC00-14231,1-Feb-25,13
JUST FOR PETS,PRD:AU1:AU1-AUSTRALIA B2B B2C INV ORG,PAC00-14231,1-Mar-25,19
JUST FOR PETS,PRD:AU1:AU1-AUSTRALIA B2B B2C INV ORG,PAC00-14231,1-Apr-25,16
JUST FOR PETS,PRD:AU1:AU1-AUSTRALIA B2B B2C INV ORG,PAC00-14231,1-May-25,15
JUST FOR PETS,PRD:AU1:AU1-AUSTRALIA B2B B2C INV ORG,PAC00-14231,1-Jun-25,15
JUST FOR PETS,PRD:AU1:AU1-AUSTRALIA B2B B2C INV ORG,PAC00-14231,1-Jul-25,28
JUST FOR PETS,PRD:AU1:AU1-AUSTRALIA B2B B2C INV ORG,PAC00-14231,1-Aug-25,10
JUST FOR PETS,PRD:AU1:AU1-AUSTRALIA B2B B2C INV ORG,PAC00-14231,1-Sep-25,10
JUST FOR PETS,PRD:AU1:AU1-AUSTRALIA B2B B2C INV ORG,PAC00-14231,1-Oct-25,4
JUST FOR PETS,PRD:AU1:AU1-AUSTRALIA B2B B2C INV ORG,PAC00-14231,1-Nov-25,6
JUST FOR PETS,PRD:AU1:AU1-AUSTRALIA B2B B2C INV ORG,PAC00-14231,1-Dec-25,28
JUST FOR PETS,PRD:AU1:AU1-AUSTRALIA B2B B2C INV ORG,PAC00-14231,1-Jan-26,9
JUST FOR PETS,PRD:AU1:AU1-AUSTRALIA B2B B2C INV ORG,PAC00-14231,1-Feb-26,1
JUST FOR PETS,PRD:AU1:AU1-AUSTRALIA B2B B2C INV ORG,PAC00-14231,1-Mar-26,14
JUST FOR PETS,PRD:AU1:AU1-AUSTRALIA B2B B2C INV ORG,PAC00-14231,1-Apr-26,11
JUST FOR PETS,PRD:IND:IND-GEODIS WHSE IND US,PAC00-14231,1-May-23,
JUST FOR PETS,PRD:IND:IND-GEODIS WHSE IND US,PAC00-14231,1-Jun-23,
JUST FOR PETS,PRD:IND:IND-GEODIS WHSE IND US,PAC00-14231,1-Jul-23,3
JUST FOR PETS,PRD:IND:IND-GEODIS WHSE IND US,PAC00-14231,1-Aug-23,
JUST FOR PETS,PRD:IND:IND-GEODIS WHSE IND US,PAC00-14231,1-Sep-23,
JUST FOR PETS,PRD:IND:IND-GEODIS WHSE IND US,PAC00-14231,1-Oct-23,
JUST FOR PETS,PRD:IND:IND-GEODIS WHSE IND US,PAC00-14231,1-Nov-23,
JUST FOR PETS,PRD:IND:IND-GEODIS WHSE IND US,PAC00-14231,1-Dec-23,
JUST FOR PETS,PRD:IND:IND-GEODIS WHSE IND US,PAC00-14231,1-Jan-24,
JUST FOR PETS,PRD:IND:IND-GEODIS WHSE IND US,PAC00-14231,1-Feb-24,2
JUST FOR PETS,PRD:IND:IND-GEODIS WHSE IND US,PAC00-14231,1-Mar-24,
JUST FOR PETS,PRD:IND:IND-GEODIS WHSE IND US,PAC00-14231,1-Apr-24,
JUST FOR PETS,PRD:IND:IND-GEODIS WHSE IND US,PAC00-14231,1-May-24,
JUST FOR PETS,PRD:IND:IND-GEODIS WHSE IND US,PAC00-14231,1-Jun-24,
JUST FOR PETS,PRD:IND:IND-GEODIS WHSE IND US,PAC00-14231,1-Jul-24,
JUST FOR PETS,PRD:IND:IND-GEODIS WHSE IND US,PAC00-14231,1-Aug-24,
JUST FOR PETS,PRD:IND:IND-GEODIS WHSE IND US,PAC00-14231,1-Sep-24,
JUST FOR PETS,PRD:IND:IND-GEODIS WHSE IND US,PAC00-14231,1-Oct-24,
JUST FOR PETS,PRD:IND:IND-GEODIS WHSE IND US,PAC00-14231,1-Nov-24,
JUST FOR PETS,PRD:IND:IND-GEODIS WHSE IND US,PAC00-14231,1-Dec-24,2
JUST FOR PETS,PRD:IND:IND-GEODIS WHSE IND US,PAC00-14231,1-Jan-25,
JUST FOR PETS,PRD:IND:IND-GEODIS WHSE IND US,PAC00-14231,1-Feb-25,
JUST FOR PETS,PRD:IND:IND-GEODIS WHSE IND US,PAC00-14231,1-Mar-25,
JUST FOR PETS,PRD:IND:IND-GEODIS WHSE IND US,PAC00-14231,1-Apr-25,
JUST FOR PETS,PRD:IND:IND-GEODIS WHSE IND US,PAC00-14231,1-May-25,
JUST FOR PETS,PRD:IND:IND-GEODIS WHSE IND US,PAC00-14231,1-Jun-25,
JUST FOR PETS,PRD:IND:IND-GEODIS WHSE IND US,PAC00-14231,1-Jul-25,
JUST FOR PETS,PRD:IND:IND-GEODIS WHSE IND US,PAC00-14231,1-Aug-25,
JUST FOR PETS,PRD:IND:IND-GEODIS WHSE IND US,PAC00-14231,1-Sep-25,
JUST FOR PETS,PRD:IND:IND-GEODIS WHSE IND US,PAC00-14231,1-Oct-25,
JUST FOR PETS,PRD:IND:IND-GEODIS WHSE IND US,PAC00-14231,1-Nov-25,
JUST FOR PETS,PRD:IND:IND-GEODIS WHSE IND US,PAC00-14231,1-Dec-25,
JUST FOR PETS,PRD:IND:IND-GEODIS WHSE IND US,PAC00-14231,1-Jan-26,
JUST FOR PETS,PRD:IND:IND-GEODIS WHSE IND US,PAC00-14231,1-Feb-26,
JUST FOR PETS,PRD:IND:IND-GEODIS WHSE IND US,PAC00-14231,1-Mar-26,
JUST FOR PETS,PRD:IND:IND-GEODIS WHSE IND US,PAC00-14231,1-Apr-26,
K AND K VETERINARY SUPPLY INC,PRD:IND:IND-GEODIS WHSE IND US,PAC00-14231,1-May-23,12
K AND K VETERINARY SUPPLY INC,PRD:IND:IND-GEODIS WHSE IND US,PAC00-14231,1-Jun-23,18
K AND K VETERINARY SUPPLY INC,PRD:IND:IND-GEODIS WHSE IND US,PAC00-14231,1-Jul-23,36
K AND K VETERINARY SUPPLY INC,PRD:IND:IND-GEODIS WHSE IND US,PAC00-14231,1-Aug-23,60
K AND K VETERINARY SUPPLY INC,PRD:IND:IND-GEODIS WHSE IND US,PAC00-14231,1-Sep-23,
K AND K VETERINARY SUPPLY INC,PRD:IND:IND-GEODIS WHSE IND US,PAC00-14231,1-Oct-23,
K AND K VETERINARY SUPPLY INC,PRD:IND:IND-GEODIS WHSE IND US,PAC00-14231,1-Nov-23,24
K AND K VETERINARY SUPPLY INC,PRD:IND:IND-GEODIS WHSE IND US,PAC00-14231,1-Dec-23,12
K AND K VETERINARY SUPPLY INC,PRD:IND:IND-GEODIS WHSE IND US,PAC00-14231,1-Jan-24,36
K AND K VETERINARY SUPPLY INC,PRD:IND:IND-GEODIS WHSE IND US,PAC00-14231,1-Feb-24,12
K AND K VETERINARY SUPPLY INC,PRD:IND:IND-GEODIS WHSE IND US,PAC00-14231,1-Mar-24,60
K AND K VETERINARY SUPPLY INC,PRD:IND:IND-GEODIS WHSE IND US,PAC00-14231,1-Apr-24,
K AND K VETERINARY SUPPLY INC,PRD:IND:IND-GEODIS WHSE IND US,PAC00-14231,1-May-24,
K AND K VETERINARY SUPPLY INC,PRD:IND:IND-GEODIS WHSE IND US,PAC00-14231,1-Jun-24,12
K AND K VETERINARY SUPPLY INC,PRD:IND:IND-GEODIS WHSE IND US,PAC00-14231,1-Jul-24,12
K AND K VETERINARY SUPPLY INC,PRD:IND:IND-GEODIS WHSE IND US,PAC00-14231,1-Aug-24,24
K AND K VETERINARY SUPPLY INC,PRD:IND:IND-GEODIS WHSE IND US,PAC00-14231,1-Sep-24,12
K AND K VETERINARY SUPPLY INC,PRD:IND:IND-GEODIS WHSE IND US,PAC00-14231,1-Oct-24,12
K AND K VETERINARY SUPPLY INC,PRD:IND:IND-GEODIS WHSE IND US,PAC00-14231,1-Nov-24,18
K AND K VETERINARY SUPPLY INC,PRD:IND:IND-GEODIS WHSE IND US,PAC00-14231,1-Dec-24,12
K AND K VETERINARY SUPPLY INC,PRD:IND:IND-GEODIS WHSE IND US,PAC00-14231,1-Jan-25,36
K AND K VETERINARY SUPPLY INC,PRD:IND:IND-GEODIS WHSE IND US,PAC00-14231,1-Feb-25,24
K AND K VETERINARY SUPPLY INC,PRD:IND:IND-GEODIS WHSE IND US,PAC00-14231,1-Mar-25,24
K AND K VETERINARY SUPPLY INC,PRD:IND:IND-GEODIS WHSE IND US,PAC00-14231,1-Apr-25,18
K AND K VETERINARY SUPPLY INC,PRD:IND:IND-GEODIS WHSE IND US,PAC00-14231,1-May-25,
K AND K VETERINARY SUPPLY INC,PRD:IND:IND-GEODIS WHSE IND US,PAC00-14231,1-Jun-25,24
K AND K VETERINARY SUPPLY INC,PRD:IND:IND-GEODIS WHSE IND US,PAC00-14231,1-Jul-25,
K AND K VETERINARY SUPPLY INC,PRD:IND:IND-GEODIS WHSE IND US,PAC00-14231,1-Aug-25,48
K AND K VETERINARY SUPPLY INC,PRD:IND:IND-GEODIS WHSE IND US,PAC00-14231,1-Sep-25,
K AND K VETERINARY SUPPLY INC,PRD:IND:IND-GEODIS WHSE IND US,PAC00-14231,1-Oct-25,24
K AND K VETERINARY SUPPLY INC,PRD:IND:IND-GEODIS WHSE IND US,PAC00-14231,1-Nov-25,12
K AND K VETERINARY SUPPLY INC,PRD:IND:IND-GEODIS WHSE IND US,PAC00-14231,1-Dec-25,24
K AND K VETERINARY SUPPLY INC,PRD:IND:IND-GEODIS WHSE IND US,PAC00-14231,1-Jan-26,12
K AND K VETERINARY SUPPLY INC,PRD:IND:IND-GEODIS WHSE IND US,PAC00-14231,1-Feb-26,12
K AND K VETERINARY SUPPLY INC,PRD:IND:IND-GEODIS WHSE IND US,PAC00-14231,1-Mar-26,12
K AND K VETERINARY SUPPLY INC,PRD:IND:IND-GEODIS WHSE IND US,PAC00-14231,1-Apr-26,24
K AND K VETERINARY SUPPLY INC,PRD:IND:IND-GEODIS WHSE IND US,PBC-1000,1-May-23,
K AND K VETERINARY SUPPLY INC,PRD:IND:IND-GEODIS WHSE IND US,PBC-1000,1-Jun-23,
K AND K VETERINARY SUPPLY INC,PRD:IND:IND-GEODIS WHSE IND US,PBC-1000,1-Jul-23,
K AND K VETERINARY SUPPLY INC,PRD:IND:IND-GEODIS WHSE IND US,PBC-1000,1-Aug-23,
K AND K VETERINARY SUPPLY INC,PRD:IND:IND-GEODIS WHSE IND US,PBC-1000,1-Sep-23,
K AND K VETERINARY SUPPLY INC,PRD:IND:IND-GEODIS WHSE IND US,PBC-1000,1-Oct-23,
K AND K VETERINARY SUPPLY INC,PRD:IND:IND-GEODIS WHSE IND US,PBC-1000,1-Nov-23,
K AND K VETERINARY SUPPLY INC,PRD:IND:IND-GEODIS WHSE IND US,PBC-1000,1-Dec-23,
K AND K VETERINARY SUPPLY INC,PRD:IND:IND-GEODIS WHSE IND US,PBC-1000,1-Jan-24,
K AND K VETERINARY SUPPLY INC,PRD:IND:IND-GEODIS WHSE IND US,PBC-1000,1-Feb-24,
K AND K VETERINARY SUPPLY INC,PRD:IND:IND-GEODIS WHSE IND US,PBC-1000,1-Mar-24,
K AND K VETERINARY SUPPLY INC,PRD:IND:IND-GEODIS WHSE IND US,PBC-1000,1-Apr-24,
K AND K VETERINARY SUPPLY INC,PRD:IND:IND-GEODIS WHSE IND US,PBC-1000,1-May-24,
K AND K VETERINARY SUPPLY INC,PRD:IND:IND-GEODIS WHSE IND US,PBC-1000,1-Jun-24,
K AND K VETERINARY SUPPLY INC,PRD:IND:IND-GEODIS WHSE IND US,PBC-1000,1-Jul-24,
K AND K VETERINARY SUPPLY INC,PRD:IND:IND-GEODIS WHSE IND US,PBC-1000,1-Aug-24,
K AND K VETERINARY SUPPLY INC,PRD:IND:IND-GEODIS WHSE IND US,PBC-1000,1-Sep-24,
K AND K VETERINARY SUPPLY INC,PRD:IND:IND-GEODIS WHSE IND US,PBC-1000,1-Oct-24,
K AND K VETERINARY SUPPLY INC,PRD:IND:IND-GEODIS WHSE IND US,PBC-1000,1-Nov-24,
K AND K VETERINARY SUPPLY INC,PRD:IND:IND-GEODIS WHSE IND US,PBC-1000,1-Dec-24,
K AND K VETERINARY SUPPLY INC,PRD:IND:IND-GEODIS WHSE IND US,PBC-1000,1-Jan-25,
K AND K VETERINARY SUPPLY INC,PRD:IND:IND-GEODIS WHSE IND US,PBC-1000,1-Feb-25,
K AND K VETERINARY SUPPLY INC,PRD:IND:IND-GEODIS WHSE IND US,PBC-1000,1-Mar-25,
K AND K VETERINARY SUPPLY INC,PRD:IND:IND-GEODIS WHSE IND US,PBC-1000,1-Apr-25,
K AND K VETERINARY SUPPLY INC,PRD:IND:IND-GEODIS WHSE IND US,PBC-1000,1-May-25,
K AND K VETERINARY SUPPLY INC,PRD:IND:IND-GEODIS WHSE IND US,PBC-1000,1-Jun-25,
K AND K VETERINARY SUPPLY INC,PRD:IND:IND-GEODIS WHSE IND US,PBC-1000,1-Jul-25,
K AND K VETERINARY SUPPLY INC,PRD:IND:IND-GEODIS WHSE IND US,PBC-1000,1-Aug-25,204
K AND K VETERINARY SUPPLY INC,PRD:IND:IND-GEODIS WHSE IND US,PBC-1000,1-Sep-25,
K AND K VETERINARY SUPPLY INC,PRD:IND:IND-GEODIS WHSE IND US,PBC-1000,1-Oct-25,
K AND K VETERINARY SUPPLY INC,PRD:IND:IND-GEODIS WHSE IND US,PBC-1000,1-Nov-25,
K AND K VETERINARY SUPPLY INC,PRD:IND:IND-GEODIS WHSE IND US,PBC-1000,1-Dec-25,
K AND K VETERINARY SUPPLY INC,PRD:IND:IND-GEODIS WHSE IND US,PBC-1000,1-Jan-26,
K AND K VETERINARY SUPPLY INC,PRD:IND:IND-GEODIS WHSE IND US,PBC-1000,1-Feb-26,
K AND K VETERINARY SUPPLY INC,PRD:IND:IND-GEODIS WHSE IND US,PBC-1000,1-Mar-26,
K AND K VETERINARY SUPPLY INC,PRD:IND:IND-GEODIS WHSE IND US,PBC-1000,1-Apr-26,
KATIES PET DEPOT,PRD:IND:IND-GEODIS WHSE IND US,PAC00-14231,1-May-23,
KATIES PET DEPOT,PRD:IND:IND-GEODIS WHSE IND US,PAC00-14231,1-Jun-23,
KATIES PET DEPOT,PRD:IND:IND-GEODIS WHSE IND US,PAC00-14231,1-Jul-23,
KATIES PET DEPOT,PRD:IND:IND-GEODIS WHSE IND US,PAC00-14231,1-Aug-23,
KATIES PET DEPOT,PRD:IND:IND-GEODIS WHSE IND US,PAC00-14231,1-Sep-23,
KATIES PET DEPOT,PRD:IND:IND-GEODIS WHSE IND US,PAC00-14231,1-Oct-23,
KATIES PET DEPOT,PRD:IND:IND-GEODIS WHSE IND US,PAC00-14231,1-Nov-23,
KATIES PET DEPOT,PRD:IND:IND-GEODIS WHSE IND US,PAC00-14231,1-Dec-23,
KATIES PET DEPOT,PRD:IND:IND-GEODIS WHSE IND US,PAC00-14231,1-Jan-24,
KATIES PET DEPOT,PRD:IND:IND-GEODIS WHSE IND US,PAC00-14231,1-Feb-24,
KATIES PET DEPOT,PRD:IND:IND-GEODIS WHSE IND US,PAC00-14231,1-Mar-24,
KATIES PET DEPOT,PRD:IND:IND-GEODIS WHSE IND US,PAC00-14231,1-Apr-24,
KATIES PET DEPOT,PRD:IND:IND-GEODIS WHSE IND US,PAC00-14231,1-May-24,
KATIES PET DEPOT,PRD:IND:IND-GEODIS WHSE IND US,PAC00-14231,1-Jun-24,
KATIES PET DEPOT,PRD:IND:IND-GEODIS WHSE IND US,PAC00-14231,1-Jul-24,
KATIES PET DEPOT,PRD:IND:IND-GEODIS WHSE IND US,PAC00-14231,1-Aug-24,
KATIES PET DEPOT,PRD:IND:IND-GEODIS WHSE IND US,PAC00-14231,1-Sep-24,
KATIES PET DEPOT,PRD:IND:IND-GEODIS WHSE IND US,PAC00-14231,1-Oct-24,
KATIES PET DEPOT,PRD:IND:IND-GEODIS WHSE IND US,PAC00-14231,1-Nov-24,
KATIES PET DEPOT,PRD:IND:IND-GEODIS WHSE IND US,PAC00-14231,1-Dec-24,1
KATIES PET DEPOT,PRD:IND:IND-GEODIS WHSE IND US,PAC00-14231,1-Jan-25,
KATIES PET DEPOT,PRD:IND:IND-GEODIS WHSE IND US,PAC00-14231,1-Feb-25,
KATIES PET DEPOT,PRD:IND:IND-GEODIS WHSE IND US,PAC00-14231,1-Mar-25,
KATIES PET DEPOT,PRD:IND:IND-GEODIS WHSE IND US,PAC00-14231,1-Apr-25,
KATIES PET DEPOT,PRD:IND:IND-GEODIS WHSE IND US,PAC00-14231,1-May-25,
KATIES PET DEPOT,PRD:IND:IND-GEODIS WHSE IND US,PAC00-14231,1-Jun-25,
KATIES PET DEPOT,PRD:IND:IND-GEODIS WHSE IND US,PAC00-14231,1-Jul-25,
KATIES PET DEPOT,PRD:IND:IND-GEODIS WHSE IND US,PAC00-14231,1-Aug-25,
KATIES PET DEPOT,PRD:IND:IND-GEODIS WHSE IND US,PAC00-14231,1-Sep-25,
KATIES PET DEPOT,PRD:IND:IND-GEODIS WHSE IND US,PAC00-14231,1-Oct-25,
KATIES PET DEPOT,PRD:IND:IND-GEODIS WHSE IND US,PAC00-14231,1-Nov-25,
KATIES PET DEPOT,PRD:IND:IND-GEODIS WHSE IND US,PAC00-14231,1-Dec-25,
KATIES PET DEPOT,PRD:IND:IND-GEODIS WHSE IND US,PAC00-14231,1-Jan-26,
KATIES PET DEPOT,PRD:IND:IND-GEODIS WHSE IND US,PAC00-14231,1-Feb-26,
KATIES PET DEPOT,PRD:IND:IND-GEODIS WHSE IND US,PAC00-14231,1-Mar-26,
KATIES PET DEPOT,PRD:IND:IND-GEODIS WHSE IND US,PAC00-14231,1-Apr-26,
LIZZI AND ROCCOS,PRD:IND:IND-GEODIS WHSE IND US,PAC00-14231,1-May-23,5
LIZZI AND ROCCOS,PRD:IND:IND-GEODIS WHSE IND US,PAC00-14231,1-Jun-23,
LIZZI AND ROCCOS,PRD:IND:IND-GEODIS WHSE IND US,PAC00-14231,1-Jul-23,7
LIZZI AND ROCCOS,PRD:IND:IND-GEODIS WHSE IND US,PAC00-14231,1-Aug-23,6
LIZZI AND ROCCOS,PRD:IND:IND-GEODIS WHSE IND US,PAC00-14231,1-Sep-23,
LIZZI AND ROCCOS,PRD:IND:IND-GEODIS WHSE IND US,PAC00-14231,1-Oct-23,
LIZZI AND ROCCOS,PRD:IND:IND-GEODIS WHSE IND US,PAC00-14231,1-Nov-23,
LIZZI AND ROCCOS,PRD:IND:IND-GEODIS WHSE IND US,PAC00-14231,1-Dec-23,
LIZZI AND ROCCOS,PRD:IND:IND-GEODIS WHSE IND US,PAC00-14231,1-Jan-24,
LIZZI AND ROCCOS,PRD:IND:IND-GEODIS WHSE IND US,PAC00-14231,1-Feb-24,
LIZZI AND ROCCOS,PRD:IND:IND-GEODIS WHSE IND US,PAC00-14231,1-Mar-24,
LIZZI AND ROCCOS,PRD:IND:IND-GEODIS WHSE IND US,PAC00-14231,1-Apr-24,
LIZZI AND ROCCOS,PRD:IND:IND-GEODIS WHSE IND US,PAC00-14231,1-May-24,
LIZZI AND ROCCOS,PRD:IND:IND-GEODIS WHSE IND US,PAC00-14231,1-Jun-24,
LIZZI AND ROCCOS,PRD:IND:IND-GEODIS WHSE IND US,PAC00-14231,1-Jul-24,
LIZZI AND ROCCOS,PRD:IND:IND-GEODIS WHSE IND US,PAC00-14231,1-Aug-24,
LIZZI AND ROCCOS,PRD:IND:IND-GEODIS WHSE IND US,PAC00-14231,1-Sep-24,
LIZZI AND ROCCOS,PRD:IND:IND-GEODIS WHSE IND US,PAC00-14231,1-Oct-24,
LIZZI AND ROCCOS,PRD:IND:IND-GEODIS WHSE IND US,PAC00-14231,1-Nov-24,
LIZZI AND ROCCOS,PRD:IND:IND-GEODIS WHSE IND US,PAC00-14231,1-Dec-24,
LIZZI AND ROCCOS,PRD:IND:IND-GEODIS WHSE IND US,PAC00-14231,1-Jan-25,
LIZZI AND ROCCOS,PRD:IND:IND-GEODIS WHSE IND US,PAC00-14231,1-Feb-25,
LIZZI AND ROCCOS,PRD:IND:IND-GEODIS WHSE IND US,PAC00-14231,1-Mar-25,
LIZZI AND ROCCOS,PRD:IND:IND-GEODIS WHSE IND US,PAC00-14231,1-Apr-25,
LIZZI AND ROCCOS,PRD:IND:IND-GEODIS WHSE IND US,PAC00-14231,1-May-25,
LIZZI AND ROCCOS,PRD:IND:IND-GEODIS WHSE IND US,PAC00-14231,1-Jun-25,
LIZZI AND ROCCOS,PRD:IND:IND-GEODIS WHSE IND US,PAC00-14231,1-Jul-25,
LIZZI AND ROCCOS,PRD:IND:IND-GEODIS WHSE IND US,PAC00-14231,1-Aug-25,
LIZZI AND ROCCOS,PRD:IND:IND-GEODIS WHSE IND US,PAC00-14231,1-Sep-25,
LIZZI AND ROCCOS,PRD:IND:IND-GEODIS WHSE IND US,PAC00-14231,1-Oct-25,
LIZZI AND ROCCOS,PRD:IND:IND-GEODIS WHSE IND US,PAC00-14231,1-Nov-25,
LIZZI AND ROCCOS,PRD:IND:IND-GEODIS WHSE IND US,PAC00-14231,1-Dec-25,
LIZZI AND ROCCOS,PRD:IND:IND-GEODIS WHSE IND US,PAC00-14231,1-Jan-26,
LIZZI AND ROCCOS,PRD:IND:IND-GEODIS WHSE IND US,PAC00-14231,1-Feb-26,
LIZZI AND ROCCOS,PRD:IND:IND-GEODIS WHSE IND US,PAC00-14231,1-Mar-26,
LIZZI AND ROCCOS,PRD:IND:IND-GEODIS WHSE IND US,PAC00-14231,1-Apr-26,
LOVE DOGS AND CATS TOO,PRD:IND:IND-GEODIS WHSE IND US,PBC-1000,1-May-23,
LOVE DOGS AND CATS TOO,PRD:IND:IND-GEODIS WHSE IND US,PBC-1000,1-Jun-23,
LOVE DOGS AND CATS TOO,PRD:IND:IND-GEODIS WHSE IND US,PBC-1000,1-Jul-23,
LOVE DOGS AND CATS TOO,PRD:IND:IND-GEODIS WHSE IND US,PBC-1000,1-Aug-23,
LOVE DOGS AND CATS TOO,PRD:IND:IND-GEODIS WHSE IND US,PBC-1000,1-Sep-23,
LOVE DOGS AND CATS TOO,PRD:IND:IND-GEODIS WHSE IND US,PBC-1000,1-Oct-23,
LOVE DOGS AND CATS TOO,PRD:IND:IND-GEODIS WHSE IND US,PBC-1000,1-Nov-23,
LOVE DOGS AND CATS TOO,PRD:IND:IND-GEODIS WHSE IND US,PBC-1000,1-Dec-23,
LOVE DOGS AND CATS TOO,PRD:IND:IND-GEODIS WHSE IND US,PBC-1000,1-Jan-24,
LOVE DOGS AND CATS TOO,PRD:IND:IND-GEODIS WHSE IND US,PBC-1000,1-Feb-24,
LOVE DOGS AND CATS TOO,PRD:IND:IND-GEODIS WHSE IND US,PBC-1000,1-Mar-24,
LOVE DOGS AND CATS TOO,PRD:IND:IND-GEODIS WHSE IND US,PBC-1000,1-Apr-24,
LOVE DOGS AND CATS TOO,PRD:IND:IND-GEODIS WHSE IND US,PBC-1000,1-May-24,
LOVE DOGS AND CATS TOO,PRD:IND:IND-GEODIS WHSE IND US,PBC-1000,1-Jun-24,
LOVE DOGS AND CATS TOO,PRD:IND:IND-GEODIS WHSE IND US,PBC-1000,1-Jul-24,
LOVE DOGS AND CATS TOO,PRD:IND:IND-GEODIS WHSE IND US,PBC-1000,1-Aug-24,
LOVE DOGS AND CATS TOO,PRD:IND:IND-GEODIS WHSE IND US,PBC-1000,1-Sep-24,
LOVE DOGS AND CATS TOO,PRD:IND:IND-GEODIS WHSE IND US,PBC-1000,1-Oct-24,
LOVE DOGS AND CATS TOO,PRD:IND:IND-GEODIS WHSE IND US,PBC-1000,1-Nov-24,
LOVE DOGS AND CATS TOO,PRD:IND:IND-GEODIS WHSE IND US,PBC-1000,1-Dec-24,1
LOVE DOGS AND CATS TOO,PRD:IND:IND-GEODIS WHSE IND US,PBC-1000,1-Jan-25,
LOVE DOGS AND CATS TOO,PRD:IND:IND-GEODIS WHSE IND US,PBC-1000,1-Feb-25,
LOVE DOGS AND CATS TOO,PRD:IND:IND-GEODIS WHSE IND US,PBC-1000,1-Mar-25,
LOVE DOGS AND CATS TOO,PRD:IND:IND-GEODIS WHSE IND US,PBC-1000,1-Apr-25,
LOVE DOGS AND CATS TOO,PRD:IND:IND-GEODIS WHSE IND US,PBC-1000,1-May-25,
LOVE DOGS AND CATS TOO,PRD:IND:IND-GEODIS WHSE IND US,PBC-1000,1-Jun-25,
LOVE DOGS AND CATS TOO,PRD:IND:IND-GEODIS WHSE IND US,PBC-1000,1-Jul-25,
LOVE DOGS AND CATS TOO,PRD:IND:IND-GEODIS WHSE IND US,PBC-1000,1-Aug-25,
LOVE DOGS AND CATS TOO,PRD:IND:IND-GEODIS WHSE IND US,PBC-1000,1-Sep-25,
LOVE DOGS AND CATS TOO,PRD:IND:IND-GEODIS WHSE IND US,PBC-1000,1-Oct-25,
LOVE DOGS AND CATS TOO,PRD:IND:IND-GEODIS WHSE IND US,PBC-1000,1-Nov-25,
LOVE DOGS AND CATS TOO,PRD:IND:IND-GEODIS WHSE IND US,PBC-1000,1-Dec-25,
LOVE DOGS AND CATS TOO,PRD:IND:IND-GEODIS WHSE IND US,PBC-1000,1-Jan-26,
LOVE DOGS AND CATS TOO,PRD:IND:IND-GEODIS WHSE IND US,PBC-1000,1-Feb-26,
LOVE DOGS AND CATS TOO,PRD:IND:IND-GEODIS WHSE IND US,PBC-1000,1-Mar-26,
LOVE DOGS AND CATS TOO,PRD:IND:IND-GEODIS WHSE IND US,PBC-1000,1-Apr-26,
LUCIAS PREMIUM PETS,PRD:IND:IND-GEODIS WHSE IND US,PBC-1000,1-May-23,
LUCIAS PREMIUM PETS,PRD:IND:IND-GEODIS WHSE IND US,PBC-1000,1-Jun-23,
LUCIAS PREMIUM PETS,PRD:IND:IND-GEODIS WHSE IND US,PBC-1000,1-Jul-23,
LUCIAS PREMIUM PETS,PRD:IND:IND-GEODIS WHSE IND US,PBC-1000,1-Aug-23,
LUCIAS PREMIUM PETS,PRD:IND:IND-GEODIS WHSE IND US,PBC-1000,1-Sep-23,
LUCIAS PREMIUM PETS,PRD:IND:IND-GEODIS WHSE IND US,PBC-1000,1-Oct-23,
LUCIAS PREMIUM PETS,PRD:IND:IND-GEODIS WHSE IND US,PBC-1000,1-Nov-23,
LUCIAS PREMIUM PETS,PRD:IND:IND-GEODIS WHSE IND US,PBC-1000,1-Dec-23,
LUCIAS PREMIUM PETS,PRD:IND:IND-GEODIS WHSE IND US,PBC-1000,1-Jan-24,
LUCIAS PREMIUM PETS,PRD:IND:IND-GEODIS WHSE IND US,PBC-1000,1-Feb-24,
LUCIAS PREMIUM PETS,PRD:IND:IND-GEODIS WHSE IND US,PBC-1000,1-Mar-24,
LUCIAS PREMIUM PETS,PRD:IND:IND-GEODIS WHSE IND US,PBC-1000,1-Apr-24,2
LUCIAS PREMIUM PETS,PRD:IND:IND-GEODIS WHSE IND US,PBC-1000,1-May-24,
LUCIAS PREMIUM PETS,PRD:IND:IND-GEODIS WHSE IND US,PBC-1000,1-Jun-24,
LUCIAS PREMIUM PETS,PRD:IND:IND-GEODIS WHSE IND US,PBC-1000,1-Jul-24,
LUCIAS PREMIUM PETS,PRD:IND:IND-GEODIS WHSE IND US,PBC-1000,1-Aug-24,
LUCIAS PREMIUM PETS,PRD:IND:IND-GEODIS WHSE IND US,PBC-1000,1-Sep-24,
LUCIAS PREMIUM PETS,PRD:IND:IND-GEODIS WHSE IND US,PBC-1000,1-Oct-24,
LUCIAS PREMIUM PETS,PRD:IND:IND-GEODIS WHSE IND US,PBC-1000,1-Nov-24,
LUCIAS PREMIUM PETS,PRD:IND:IND-GEODIS WHSE IND US,PBC-1000,1-Dec-24,
LUCIAS PREMIUM PETS,PRD:IND:IND-GEODIS WHSE IND US,PBC-1000,1-Jan-25,
LUCIAS PREMIUM PETS,PRD:IND:IND-GEODIS WHSE IND US,PBC-1000,1-Feb-25,
LUCIAS PREMIUM PETS,PRD:IND:IND-GEODIS WHSE IND US,PBC-1000,1-Mar-25,
LUCIAS PREMIUM PETS,PRD:IND:IND-GEODIS WHSE IND US,PBC-1000,1-Apr-25,
LUCIAS PREMIUM PETS,PRD:IND:IND-GEODIS WHSE IND US,PBC-1000,1-May-25,
LUCIAS PREMIUM PETS,PRD:IND:IND-GEODIS WHSE IND US,PBC-1000,1-Jun-25,
LUCIAS PREMIUM PETS,PRD:IND:IND-GEODIS WHSE IND US,PBC-1000,1-Jul-25,
LUCIAS PREMIUM PETS,PRD:IND:IND-GEODIS WHSE IND US,PBC-1000,1-Aug-25,
LUCIAS PREMIUM PETS,PRD:IND:IND-GEODIS WHSE IND US,PBC-1000,1-Sep-25,
LUCIAS PREMIUM PETS,PRD:IND:IND-GEODIS WHSE IND US,PBC-1000,1-Oct-25,
LUCIAS PREMIUM PETS,PRD:IND:IND-GEODIS WHSE IND US,PBC-1000,1-Nov-25,
LUCIAS PREMIUM PETS,PRD:IND:IND-GEODIS WHSE IND US,PBC-1000,1-Dec-25,
LUCIAS PREMIUM PETS,PRD:IND:IND-GEODIS WHSE IND US,PBC-1000,1-Jan-26,
LUCIAS PREMIUM PETS,PRD:IND:IND-GEODIS WHSE IND US,PBC-1000,1-Feb-26,
LUCIAS PREMIUM PETS,PRD:IND:IND-GEODIS WHSE IND US,PBC-1000,1-Mar-26,
LUCIAS PREMIUM PETS,PRD:IND:IND-GEODIS WHSE IND US,PBC-1000,1-Apr-26,
LUCKY BUDDIES PET SITTING,PRD:IND:IND-GEODIS WHSE IND US,PAC00-14231,1-May-23,
LUCKY BUDDIES PET SITTING,PRD:IND:IND-GEODIS WHSE IND US,PAC00-14231,1-Jun-23,
LUCKY BUDDIES PET SITTING,PRD:IND:IND-GEODIS WHSE IND US,PAC00-14231,1-Jul-23,
LUCKY BUDDIES PET SITTING,PRD:IND:IND-GEODIS WHSE IND US,PAC00-14231,1-Aug-23,
LUCKY BUDDIES PET SITTING,PRD:IND:IND-GEODIS WHSE IND US,PAC00-14231,1-Sep-23,
LUCKY BUDDIES PET SITTING,PRD:IND:IND-GEODIS WHSE IND US,PAC00-14231,1-Oct-23,1
LUCKY BUDDIES PET SITTING,PRD:IND:IND-GEODIS WHSE IND US,PAC00-14231,1-Nov-23,
LUCKY BUDDIES PET SITTING,PRD:IND:IND-GEODIS WHSE IND US,PAC00-14231,1-Dec-23,
LUCKY BUDDIES PET SITTING,PRD:IND:IND-GEODIS WHSE IND US,PAC00-14231,1-Jan-24,2
LUCKY BUDDIES PET SITTING,PRD:IND:IND-GEODIS WHSE IND US,PAC00-14231,1-Feb-24,
LUCKY BUDDIES PET SITTING,PRD:IND:IND-GEODIS WHSE IND US,PAC00-14231,1-Mar-24,
LUCKY BUDDIES PET SITTING,PRD:IND:IND-GEODIS WHSE IND US,PAC00-14231,1-Apr-24,
LUCKY BUDDIES PET SITTING,PRD:IND:IND-GEODIS WHSE IND US,PAC00-14231,1-May-24,2
LUCKY BUDDIES PET SITTING,PRD:IND:IND-GEODIS WHSE IND US,PAC00-14231,1-Jun-24,
LUCKY BUDDIES PET SITTING,PRD:IND:IND-GEODIS WHSE IND US,PAC00-14231,1-Jul-24,
LUCKY BUDDIES PET SITTING,PRD:IND:IND-GEODIS WHSE IND US,PAC00-14231,1-Aug-24,
LUCKY BUDDIES PET SITTING,PRD:IND:IND-GEODIS WHSE IND US,PAC00-14231,1-Sep-24,2
LUCKY BUDDIES PET SITTING,PRD:IND:IND-GEODIS WHSE IND US,PAC00-14231,1-Oct-24,
LUCKY BUDDIES PET SITTING,PRD:IND:IND-GEODIS WHSE IND US,PAC00-14231,1-Nov-24,
LUCKY BUDDIES PET SITTING,PRD:IND:IND-GEODIS WHSE IND US,PAC00-14231,1-Dec-24,
LUCKY BUDDIES PET SITTING,PRD:IND:IND-GEODIS WHSE IND US,PAC00-14231,1-Jan-25,
LUCKY BUDDIES PET SITTING,PRD:IND:IND-GEODIS WHSE IND US,PAC00-14231,1-Feb-25,
LUCKY BUDDIES PET SITTING,PRD:IND:IND-GEODIS WHSE IND US,PAC00-14231,1-Mar-25,
LUCKY BUDDIES PET SITTING,PRD:IND:IND-GEODIS WHSE IND US,PAC00-14231,1-Apr-25,
LUCKY BUDDIES PET SITTING,PRD:IND:IND-GEODIS WHSE IND US,PAC00-14231,1-May-25,
LUCKY BUDDIES PET SITTING,PRD:IND:IND-GEODIS WHSE IND US,PAC00-14231,1-Jun-25,
LUCKY BUDDIES PET SITTING,PRD:IND:IND-GEODIS WHSE IND US,PAC00-14231,1-Jul-25,
LUCKY BUDDIES PET SITTING,PRD:IND:IND-GEODIS WHSE IND US,PAC00-14231,1-Aug-25,
LUCKY BUDDIES PET SITTING,PRD:IND:IND-GEODIS WHSE IND US,PAC00-14231,1-Sep-25,
LUCKY BUDDIES PET SITTING,PRD:IND:IND-GEODIS WHSE IND US,PAC00-14231,1-Oct-25,
LUCKY BUDDIES PET SITTING,PRD:IND:IND-GEODIS WHSE IND US,PAC00-14231,1-Nov-25,
LUCKY BUDDIES PET SITTING,PRD:IND:IND-GEODIS WHSE IND US,PAC00-14231,1-Dec-25,
LUCKY BUDDIES PET SITTING,PRD:IND:IND-GEODIS WHSE IND US,PAC00-14231,1-Jan-26,
LUCKY BUDDIES PET SITTING,PRD:IND:IND-GEODIS WHSE IND US,PAC00-14231,1-Feb-26,
LUCKY BUDDIES PET SITTING,PRD:IND:IND-GEODIS WHSE IND US,PAC00-14231,1-Mar-26,
LUCKY BUDDIES PET SITTING,PRD:IND:IND-GEODIS WHSE IND US,PAC00-14231,1-Apr-26,
LUCKY PET SUPPLIES,PRD:AU1:AU1-AUSTRALIA B2B B2C INV ORG,PAC00-14231,1-May-23,
LUCKY PET SUPPLIES,PRD:AU1:AU1-AUSTRALIA B2B B2C INV ORG,PAC00-14231,1-Jun-23,
LUCKY PET SUPPLIES,PRD:AU1:AU1-AUSTRALIA B2B B2C INV ORG,PAC00-14231,1-Jul-23,
LUCKY PET SUPPLIES,PRD:AU1:AU1-AUSTRALIA B2B B2C INV ORG,PAC00-14231,1-Aug-23,
LUCKY PET SUPPLIES,PRD:AU1:AU1-AUSTRALIA B2B B2C INV ORG,PAC00-14231,1-Sep-23,
LUCKY PET SUPPLIES,PRD:AU1:AU1-AUSTRALIA B2B B2C INV ORG,PAC00-14231,1-Oct-23,
LUCKY PET SUPPLIES,PRD:AU1:AU1-AUSTRALIA B2B B2C INV ORG,PAC00-14231,1-Nov-23,
LUCKY PET SUPPLIES,PRD:AU1:AU1-AUSTRALIA B2B B2C INV ORG,PAC00-14231,1-Dec-23,
LUCKY PET SUPPLIES,PRD:AU1:AU1-AUSTRALIA B2B B2C INV ORG,PAC00-14231,1-Jan-24,
LUCKY PET SUPPLIES,PRD:AU1:AU1-AUSTRALIA B2B B2C INV ORG,PAC00-14231,1-Feb-24,
LUCKY PET SUPPLIES,PRD:AU1:AU1-AUSTRALIA B2B B2C INV ORG,PAC00-14231,1-Mar-24,
LUCKY PET SUPPLIES,PRD:AU1:AU1-AUSTRALIA B2B B2C INV ORG,PAC00-14231,1-Apr-24,
LUCKY PET SUPPLIES,PRD:AU1:AU1-AUSTRALIA B2B B2C INV ORG,PAC00-14231,1-May-24,
LUCKY PET SUPPLIES,PRD:AU1:AU1-AUSTRALIA B2B B2C INV ORG,PAC00-14231,1-Jun-24,
LUCKY PET SUPPLIES,PRD:AU1:AU1-AUSTRALIA B2B B2C INV ORG,PAC00-14231,1-Jul-24,
LUCKY PET SUPPLIES,PRD:AU1:AU1-AUSTRALIA B2B B2C INV ORG,PAC00-14231,1-Aug-24,
LUCKY PET SUPPLIES,PRD:AU1:AU1-AUSTRALIA B2B B2C INV ORG,PAC00-14231,1-Sep-24,
LUCKY PET SUPPLIES,PRD:AU1:AU1-AUSTRALIA B2B B2C INV ORG,PAC00-14231,1-Oct-24,
LUCKY PET SUPPLIES,PRD:AU1:AU1-AUSTRALIA B2B B2C INV ORG,PAC00-14231,1-Nov-24,
LUCKY PET SUPPLIES,PRD:AU1:AU1-AUSTRALIA B2B B2C INV ORG,PAC00-14231,1-Dec-24,
LUCKY PET SUPPLIES,PRD:AU1:AU1-AUSTRALIA B2B B2C INV ORG,PAC00-14231,1-Jan-25,
LUCKY PET SUPPLIES,PRD:AU1:AU1-AUSTRALIA B2B B2C INV ORG,PAC00-14231,1-Feb-25,
LUCKY PET SUPPLIES,PRD:AU1:AU1-AUSTRALIA B2B B2C INV ORG,PAC00-14231,1-Mar-25,
LUCKY PET SUPPLIES,PRD:AU1:AU1-AUSTRALIA B2B B2C INV ORG,PAC00-14231,1-Apr-25,12
LUCKY PET SUPPLIES,PRD:AU1:AU1-AUSTRALIA B2B B2C INV ORG,PAC00-14231,1-May-25,
LUCKY PET SUPPLIES,PRD:AU1:AU1-AUSTRALIA B2B B2C INV ORG,PAC00-14231,1-Jun-25,
LUCKY PET SUPPLIES,PRD:AU1:AU1-AUSTRALIA B2B B2C INV ORG,PAC00-14231,1-Jul-25,
LUCKY PET SUPPLIES,PRD:AU1:AU1-AUSTRALIA B2B B2C INV ORG,PAC00-14231,1-Aug-25,
LUCKY PET SUPPLIES,PRD:AU1:AU1-AUSTRALIA B2B B2C INV ORG,PAC00-14231,1-Sep-25,
LUCKY PET SUPPLIES,PRD:AU1:AU1-AUSTRALIA B2B B2C INV ORG,PAC00-14231,1-Oct-25,
LUCKY PET SUPPLIES,PRD:AU1:AU1-AUSTRALIA B2B B2C INV ORG,PAC00-14231,1-Nov-25,
LUCKY PET SUPPLIES,PRD:AU1:AU1-AUSTRALIA B2B B2C INV ORG,PAC00-14231,1-Dec-25,
LUCKY PET SUPPLIES,PRD:AU1:AU1-AUSTRALIA B2B B2C INV ORG,PAC00-14231,1-Jan-26,
LUCKY PET SUPPLIES,PRD:AU1:AU1-AUSTRALIA B2B B2C INV ORG,PAC00-14231,1-Feb-26,
LUCKY PET SUPPLIES,PRD:AU1:AU1-AUSTRALIA B2B B2C INV ORG,PAC00-14231,1-Mar-26,
LUCKY PET SUPPLIES,PRD:AU1:AU1-AUSTRALIA B2B B2C INV ORG,PAC00-14231,1-Apr-26,
LUZERN TECHNOLOGY SOLUTIONS LTD,PRD:AU1:AU1-AUSTRALIA B2B B2C INV ORG,PAC00-14231,1-May-23,
LUZERN TECHNOLOGY SOLUTIONS LTD,PRD:AU1:AU1-AUSTRALIA B2B B2C INV ORG,PAC00-14231,1-Jun-23,
LUZERN TECHNOLOGY SOLUTIONS LTD,PRD:AU1:AU1-AUSTRALIA B2B B2C INV ORG,PAC00-14231,1-Jul-23,
LUZERN TECHNOLOGY SOLUTIONS LTD,PRD:AU1:AU1-AUSTRALIA B2B B2C INV ORG,PAC00-14231,1-Aug-23,
LUZERN TECHNOLOGY SOLUTIONS LTD,PRD:AU1:AU1-AUSTRALIA B2B B2C INV ORG,PAC00-14231,1-Sep-23,
LUZERN TECHNOLOGY SOLUTIONS LTD,PRD:AU1:AU1-AUSTRALIA B2B B2C INV ORG,PAC00-14231,1-Oct-23,
LUZERN TECHNOLOGY SOLUTIONS LTD,PRD:AU1:AU1-AUSTRALIA B2B B2C INV ORG,PAC00-14231,1-Nov-23,
LUZERN TECHNOLOGY SOLUTIONS LTD,PRD:AU1:AU1-AUSTRALIA B2B B2C INV ORG,PAC00-14231,1-Dec-23,
LUZERN TECHNOLOGY SOLUTIONS LTD,PRD:AU1:AU1-AUSTRALIA B2B B2C INV ORG,PAC00-14231,1-Jan-24,
LUZERN TECHNOLOGY SOLUTIONS LTD,PRD:AU1:AU1-AUSTRALIA B2B B2C INV ORG,PAC00-14231,1-Feb-24,
LUZERN TECHNOLOGY SOLUTIONS LTD,PRD:AU1:AU1-AUSTRALIA B2B B2C INV ORG,PAC00-14231,1-Mar-24,
LUZERN TECHNOLOGY SOLUTIONS LTD,PRD:AU1:AU1-AUSTRALIA B2B B2C INV ORG,PAC00-14231,1-Apr-24,
LUZERN TECHNOLOGY SOLUTIONS LTD,PRD:AU1:AU1-AUSTRALIA B2B B2C INV ORG,PAC00-14231,1-May-24,
LUZERN TECHNOLOGY SOLUTIONS LTD,PRD:AU1:AU1-AUSTRALIA B2B B2C INV ORG,PAC00-14231,1-Jun-24,
LUZERN TECHNOLOGY SOLUTIONS LTD,PRD:AU1:AU1-AUSTRALIA B2B B2C INV ORG,PAC00-14231,1-Jul-24,
LUZERN TECHNOLOGY SOLUTIONS LTD,PRD:AU1:AU1-AUSTRALIA B2B B2C INV ORG,PAC00-14231,1-Aug-24,
LUZERN TECHNOLOGY SOLUTIONS LTD,PRD:AU1:AU1-AUSTRALIA B2B B2C INV ORG,PAC00-14231,1-Sep-24,
LUZERN TECHNOLOGY SOLUTIONS LTD,PRD:AU1:AU1-AUSTRALIA B2B B2C INV ORG,PAC00-14231,1-Oct-24,
LUZERN TECHNOLOGY SOLUTIONS LTD,PRD:AU1:AU1-AUSTRALIA B2B B2C INV ORG,PAC00-14231,1-Nov-24,
LUZERN TECHNOLOGY SOLUTIONS LTD,PRD:AU1:AU1-AUSTRALIA B2B B2C INV ORG,PAC00-14231,1-Dec-24,
LUZERN TECHNOLOGY SOLUTIONS LTD,PRD:AU1:AU1-AUSTRALIA B2B B2C INV ORG,PAC00-14231,1-Jan-25,
LUZERN TECHNOLOGY SOLUTIONS LTD,PRD:AU1:AU1-AUSTRALIA B2B B2C INV ORG,PAC00-14231,1-Feb-25,45
LUZERN TECHNOLOGY SOLUTIONS LTD,PRD:AU1:AU1-AUSTRALIA B2B B2C INV ORG,PAC00-14231,1-Mar-25,44
LUZERN TECHNOLOGY SOLUTIONS LTD,PRD:AU1:AU1-AUSTRALIA B2B B2C INV ORG,PAC00-14231,1-Apr-25,31
LUZERN TECHNOLOGY SOLUTIONS LTD,PRD:AU1:AU1-AUSTRALIA B2B B2C INV ORG,PAC00-14231,1-May-25,
LUZERN TECHNOLOGY SOLUTIONS LTD,PRD:AU1:AU1-AUSTRALIA B2B B2C INV ORG,PAC00-14231,1-Jun-25,
LUZERN TECHNOLOGY SOLUTIONS LTD,PRD:AU1:AU1-AUSTRALIA B2B B2C INV ORG,PAC00-14231,1-Jul-25,
LUZERN TECHNOLOGY SOLUTIONS LTD,PRD:AU1:AU1-AUSTRALIA B2B B2C INV ORG,PAC00-14231,1-Aug-25,
LUZERN TECHNOLOGY SOLUTIONS LTD,PRD:AU1:AU1-AUSTRALIA B2B B2C INV ORG,PAC00-14231,1-Sep-25,
LUZERN TECHNOLOGY SOLUTIONS LTD,PRD:AU1:AU1-AUSTRALIA B2B B2C INV ORG,PAC00-14231,1-Oct-25,
LUZERN TECHNOLOGY SOLUTIONS LTD,PRD:AU1:AU1-AUSTRALIA B2B B2C INV ORG,PAC00-14231,1-Nov-25,
LUZERN TECHNOLOGY SOLUTIONS LTD,PRD:AU1:AU1-AUSTRALIA B2B B2C INV ORG,PAC00-14231,1-Dec-25,
LUZERN TECHNOLOGY SOLUTIONS LTD,PRD:AU1:AU1-AUSTRALIA B2B B2C INV ORG,PAC00-14231,1-Jan-26,
LUZERN TECHNOLOGY SOLUTIONS LTD,PRD:AU1:AU1-AUSTRALIA B2B B2C INV ORG,PAC00-14231,1-Feb-26,
LUZERN TECHNOLOGY SOLUTIONS LTD,PRD:AU1:AU1-AUSTRALIA B2B B2C INV ORG,PAC00-14231,1-Mar-26,
LUZERN TECHNOLOGY SOLUTIONS LTD,PRD:AU1:AU1-AUSTRALIA B2B B2C INV ORG,PAC00-14231,1-Apr-26,
MACARTHUR PETS,PRD:AU1:AU1-AUSTRALIA B2B B2C INV ORG,PAC00-14231,1-May-23,
MACARTHUR PETS,PRD:AU1:AU1-AUSTRALIA B2B B2C INV ORG,PAC00-14231,1-Jun-23,
MACARTHUR PETS,PRD:AU1:AU1-AUSTRALIA B2B B2C INV ORG,PAC00-14231,1-Jul-23,
MACARTHUR PETS,PRD:AU1:AU1-AUSTRALIA B2B B2C INV ORG,PAC00-14231,1-Aug-23,
MACARTHUR PETS,PRD:AU1:AU1-AUSTRALIA B2B B2C INV ORG,PAC00-14231,1-Sep-23,
MACARTHUR PETS,PRD:AU1:AU1-AUSTRALIA B2B B2C INV ORG,PAC00-14231,1-Oct-23,
MACARTHUR PETS,PRD:AU1:AU1-AUSTRALIA B2B B2C INV ORG,PAC00-14231,1-Nov-23,
MACARTHUR PETS,PRD:AU1:AU1-AUSTRALIA B2B B2C INV ORG,PAC00-14231,1-Dec-23,
MACARTHUR PETS,PRD:AU1:AU1-AUSTRALIA B2B B2C INV ORG,PAC00-14231,1-Jan-24,
MACARTHUR PETS,PRD:AU1:AU1-AUSTRALIA B2B B2C INV ORG,PAC00-14231,1-Feb-24,
MACARTHUR PETS,PRD:AU1:AU1-AUSTRALIA B2B B2C INV ORG,PAC00-14231,1-Mar-24,
MACARTHUR PETS,PRD:AU1:AU1-AUSTRALIA B2B B2C INV ORG,PAC00-14231,1-Apr-24,
MACARTHUR PETS,PRD:AU1:AU1-AUSTRALIA B2B B2C INV ORG,PAC00-14231,1-May-24,
MACARTHUR PETS,PRD:AU1:AU1-AUSTRALIA B2B B2C INV ORG,PAC00-14231,1-Jun-24,
MACARTHUR PETS,PRD:AU1:AU1-AUSTRALIA B2B B2C INV ORG,PAC00-14231,1-Jul-24,
MACARTHUR PETS,PRD:AU1:AU1-AUSTRALIA B2B B2C INV ORG,PAC00-14231,1-Aug-24,
MACARTHUR PETS,PRD:AU1:AU1-AUSTRALIA B2B B2C INV ORG,PAC00-14231,1-Sep-24,
MACARTHUR PETS,PRD:AU1:AU1-AUSTRALIA B2B B2C INV ORG,PAC00-14231,1-Oct-24,
MACARTHUR PETS,PRD:AU1:AU1-AUSTRALIA B2B B2C INV ORG,PAC00-14231,1-Nov-24,
MACARTHUR PETS,PRD:AU1:AU1-AUSTRALIA B2B B2C INV ORG,PAC00-14231,1-Dec-24,
MACARTHUR PETS,PRD:AU1:AU1-AUSTRALIA B2B B2C INV ORG,PAC00-14231,1-Jan-25,
MACARTHUR PETS,PRD:AU1:AU1-AUSTRALIA B2B B2C INV ORG,PAC00-14231,1-Feb-25,
MACARTHUR PETS,PRD:AU1:AU1-AUSTRALIA B2B B2C INV ORG,PAC00-14231,1-Mar-25,
MACARTHUR PETS,PRD:AU1:AU1-AUSTRALIA B2B B2C INV ORG,PAC00-14231,1-Apr-25,
MACARTHUR PETS,PRD:AU1:AU1-AUSTRALIA B2B B2C INV ORG,PAC00-14231,1-May-25,1
MACARTHUR PETS,PRD:AU1:AU1-AUSTRALIA B2B B2C INV ORG,PAC00-14231,1-Jun-25,1
MACARTHUR PETS,PRD:AU1:AU1-AUSTRALIA B2B B2C INV ORG,PAC00-14231,1-Jul-25,
MACARTHUR PETS,PRD:AU1:AU1-AUSTRALIA B2B B2C INV ORG,PAC00-14231,1-Aug-25,2
MACARTHUR PETS,PRD:AU1:AU1-AUSTRALIA B2B B2C INV ORG,PAC00-14231,1-Sep-25,
MACARTHUR PETS,PRD:AU1:AU1-AUSTRALIA B2B B2C INV ORG,PAC00-14231,1-Oct-25,
MACARTHUR PETS,PRD:AU1:AU1-AUSTRALIA B2B B2C INV ORG,PAC00-14231,1-Nov-25,
MACARTHUR PETS,PRD:AU1:AU1-AUSTRALIA B2B B2C INV ORG,PAC00-14231,1-Dec-25,
MACARTHUR PETS,PRD:AU1:AU1-AUSTRALIA B2B B2C INV ORG,PAC00-14231,1-Jan-26,3
MACARTHUR PETS,PRD:AU1:AU1-AUSTRALIA B2B B2C INV ORG,PAC00-14231,1-Feb-26,
MACARTHUR PETS,PRD:AU1:AU1-AUSTRALIA B2B B2C INV ORG,PAC00-14231,1-Mar-26,
MACARTHUR PETS,PRD:AU1:AU1-AUSTRALIA B2B B2C INV ORG,PAC00-14231,1-Apr-26,
MACKAY CITY PET BARN,PRD:AU1:AU1-AUSTRALIA B2B B2C INV ORG,PAC00-14231,1-May-23,
MACKAY CITY PET BARN,PRD:AU1:AU1-AUSTRALIA B2B B2C INV ORG,PAC00-14231,1-Jun-23,
MACKAY CITY PET BARN,PRD:AU1:AU1-AUSTRALIA B2B B2C INV ORG,PAC00-14231,1-Jul-23,
MACKAY CITY PET BARN,PRD:AU1:AU1-AUSTRALIA B2B B2C INV ORG,PAC00-14231,1-Aug-23,
MACKAY CITY PET BARN,PRD:AU1:AU1-AUSTRALIA B2B B2C INV ORG,PAC00-14231,1-Sep-23,
MACKAY CITY PET BARN,PRD:AU1:AU1-AUSTRALIA B2B B2C INV ORG,PAC00-14231,1-Oct-23,
MACKAY CITY PET BARN,PRD:AU1:AU1-AUSTRALIA B2B B2C INV ORG,PAC00-14231,1-Nov-23,
MACKAY CITY PET BARN,PRD:AU1:AU1-AUSTRALIA B2B B2C INV ORG,PAC00-14231,1-Dec-23,
MACKAY CITY PET BARN,PRD:AU1:AU1-AUSTRALIA B2B B2C INV ORG,PAC00-14231,1-Jan-24,
MACKAY CITY PET BARN,PRD:AU1:AU1-AUSTRALIA B2B B2C INV ORG,PAC00-14231,1-Feb-24,
MACKAY CITY PET BARN,PRD:AU1:AU1-AUSTRALIA B2B B2C INV ORG,PAC00-14231,1-Mar-24,
MACKAY CITY PET BARN,PRD:AU1:AU1-AUSTRALIA B2B B2C INV ORG,PAC00-14231,1-Apr-24,
MACKAY CITY PET BARN,PRD:AU1:AU1-AUSTRALIA B2B B2C INV ORG,PAC00-14231,1-May-24,
MACKAY CITY PET BARN,PRD:AU1:AU1-AUSTRALIA B2B B2C INV ORG,PAC00-14231,1-Jun-24,
MACKAY CITY PET BARN,PRD:AU1:AU1-AUSTRALIA B2B B2C INV ORG,PAC00-14231,1-Jul-24,
MACKAY CITY PET BARN,PRD:AU1:AU1-AUSTRALIA B2B B2C INV ORG,PAC00-14231,1-Aug-24,
MACKAY CITY PET BARN,PRD:AU1:AU1-AUSTRALIA B2B B2C INV ORG,PAC00-14231,1-Sep-24,
MACKAY CITY PET BARN,PRD:AU1:AU1-AUSTRALIA B2B B2C INV ORG,PAC00-14231,1-Oct-24,
MACKAY CITY PET BARN,PRD:AU1:AU1-AUSTRALIA B2B B2C INV ORG,PAC00-14231,1-Nov-24,
MACKAY CITY PET BARN,PRD:AU1:AU1-AUSTRALIA B2B B2C INV ORG,PAC00-14231,1-Dec-24,
MACKAY CITY PET BARN,PRD:AU1:AU1-AUSTRALIA B2B B2C INV ORG,PAC00-14231,1-Jan-25,
MACKAY CITY PET BARN,PRD:AU1:AU1-AUSTRALIA B2B B2C INV ORG,PAC00-14231,1-Feb-25,2
MACKAY CITY PET BARN,PRD:AU1:AU1-AUSTRALIA B2B B2C INV ORG,PAC00-14231,1-Mar-25,2
MACKAY CITY PET BARN,PRD:AU1:AU1-AUSTRALIA B2B B2C INV ORG,PAC00-14231,1-Apr-25,2
MACKAY CITY PET BARN,PRD:AU1:AU1-AUSTRALIA B2B B2C INV ORG,PAC00-14231,1-May-25,
MACKAY CITY PET BARN,PRD:AU1:AU1-AUSTRALIA B2B B2C INV ORG,PAC00-14231,1-Jun-25,3
MACKAY CITY PET BARN,PRD:AU1:AU1-AUSTRALIA B2B B2C INV ORG,PAC00-14231,1-Jul-25,
MACKAY CITY PET BARN,PRD:AU1:AU1-AUSTRALIA B2B B2C INV ORG,PAC00-14231,1-Aug-25,2
MACKAY CITY PET BARN,PRD:AU1:AU1-AUSTRALIA B2B B2C INV ORG,PAC00-14231,1-Sep-25,
MACKAY CITY PET BARN,PRD:AU1:AU1-AUSTRALIA B2B B2C INV ORG,PAC00-14231,1-Oct-25,4
MACKAY CITY PET BARN,PRD:AU1:AU1-AUSTRALIA B2B B2C INV ORG,PAC00-14231,1-Nov-25,
MACKAY CITY PET BARN,PRD:AU1:AU1-AUSTRALIA B2B B2C INV ORG,PAC00-14231,1-Dec-25,3
MACKAY CITY PET BARN,PRD:AU1:AU1-AUSTRALIA B2B B2C INV ORG,PAC00-14231,1-Jan-26,3
MACKAY CITY PET BARN,PRD:AU1:AU1-AUSTRALIA B2B B2C INV ORG,PAC00-14231,1-Feb-26,
MACKAY CITY PET BARN,PRD:AU1:AU1-AUSTRALIA B2B B2C INV ORG,PAC00-14231,1-Mar-26,4
MACKAY CITY PET BARN,PRD:AU1:AU1-AUSTRALIA B2B B2C INV ORG,PAC00-14231,1-Apr-26,3
MENARDS INC,PRD:IND:IND-GEODIS WHSE IND US,PAC00-14231,1-May-23,14
MENARDS INC,PRD:IND:IND-GEODIS WHSE IND US,PAC00-14231,1-Jun-23,13
MENARDS INC,PRD:IND:IND-GEODIS WHSE IND US,PAC00-14231,1-Jul-23,9
MENARDS INC,PRD:IND:IND-GEODIS WHSE IND US,PAC00-14231,1-Aug-23,7
MENARDS INC,PRD:IND:IND-GEODIS WHSE IND US,PAC00-14231,1-Sep-23,11
MENARDS INC,PRD:IND:IND-GEODIS WHSE IND US,PAC00-14231,1-Oct-23,14
MENARDS INC,PRD:IND:IND-GEODIS WHSE IND US,PAC00-14231,1-Nov-23,10
MENARDS INC,PRD:IND:IND-GEODIS WHSE IND US,PAC00-14231,1-Dec-23,10
MENARDS INC,PRD:IND:IND-GEODIS WHSE IND US,PAC00-14231,1-Jan-24,14
MENARDS INC,PRD:IND:IND-GEODIS WHSE IND US,PAC00-14231,1-Feb-24,7
MENARDS INC,PRD:IND:IND-GEODIS WHSE IND US,PAC00-14231,1-Mar-24,6
MENARDS INC,PRD:IND:IND-GEODIS WHSE IND US,PAC00-14231,1-Apr-24,7
MENARDS INC,PRD:IND:IND-GEODIS WHSE IND US,PAC00-14231,1-May-24,6
MENARDS INC,PRD:IND:IND-GEODIS WHSE IND US,PAC00-14231,1-Jun-24,7
MENARDS INC,PRD:IND:IND-GEODIS WHSE IND US,PAC00-14231,1-Jul-24,6
MENARDS INC,PRD:IND:IND-GEODIS WHSE IND US,PAC00-14231,1-Aug-24,26
MENARDS INC,PRD:IND:IND-GEODIS WHSE IND US,PAC00-14231,1-Sep-24,5
MENARDS INC,PRD:IND:IND-GEODIS WHSE IND US,PAC00-14231,1-Oct-24,7
MENARDS INC,PRD:IND:IND-GEODIS WHSE IND US,PAC00-14231,1-Nov-24,7
MENARDS INC,PRD:IND:IND-GEODIS WHSE IND US,PAC00-14231,1-Dec-24,8
MENARDS INC,PRD:IND:IND-GEODIS WHSE IND US,PAC00-14231,1-Jan-25,4
MENARDS INC,PRD:IND:IND-GEODIS WHSE IND US,PAC00-14231,1-Feb-25,8
MENARDS INC,PRD:IND:IND-GEODIS WHSE IND US,PAC00-14231,1-Mar-25,7
MENARDS INC,PRD:IND:IND-GEODIS WHSE IND US,PAC00-14231,1-Apr-25,5
MENARDS INC,PRD:IND:IND-GEODIS WHSE IND US,PAC00-14231,1-May-25,6
MENARDS INC,PRD:IND:IND-GEODIS WHSE IND US,PAC00-14231,1-Jun-25,5
MENARDS INC,PRD:IND:IND-GEODIS WHSE IND US,PAC00-14231,1-Jul-25,6
MENARDS INC,PRD:IND:IND-GEODIS WHSE IND US,PAC00-14231,1-Aug-25,
MENARDS INC,PRD:IND:IND-GEODIS WHSE IND US,PAC00-14231,1-Sep-25,
MENARDS INC,PRD:IND:IND-GEODIS WHSE IND US,PAC00-14231,1-Oct-25,
MENARDS INC,PRD:IND:IND-GEODIS WHSE IND US,PAC00-14231,1-Nov-25,
MENARDS INC,PRD:IND:IND-GEODIS WHSE IND US,PAC00-14231,1-Dec-25,
MENARDS INC,PRD:IND:IND-GEODIS WHSE IND US,PAC00-14231,1-Jan-26,
MENARDS INC,PRD:IND:IND-GEODIS WHSE IND US,PAC00-14231,1-Feb-26,
MENARDS INC,PRD:IND:IND-GEODIS WHSE IND US,PAC00-14231,1-Mar-26,
MENARDS INC,PRD:IND:IND-GEODIS WHSE IND US,PAC00-14231,1-Apr-26,
MICKSPARKINS PET CARE,PRD:IND:IND-GEODIS WHSE IND US,PBC-1000,1-May-23,
MICKSPARKINS PET CARE,PRD:IND:IND-GEODIS WHSE IND US,PBC-1000,1-Jun-23,
MICKSPARKINS PET CARE,PRD:IND:IND-GEODIS WHSE IND US,PBC-1000,1-Jul-23,
MICKSPARKINS PET CARE,PRD:IND:IND-GEODIS WHSE IND US,PBC-1000,1-Aug-23,
MICKSPARKINS PET CARE,PRD:IND:IND-GEODIS WHSE IND US,PBC-1000,1-Sep-23,
MICKSPARKINS PET CARE,PRD:IND:IND-GEODIS WHSE IND US,PBC-1000,1-Oct-23,
MICKSPARKINS PET CARE,PRD:IND:IND-GEODIS WHSE IND US,PBC-1000,1-Nov-23,
MICKSPARKINS PET CARE,PRD:IND:IND-GEODIS WHSE IND US,PBC-1000,1-Dec-23,
MICKSPARKINS PET CARE,PRD:IND:IND-GEODIS WHSE IND US,PBC-1000,1-Jan-24,
MICKSPARKINS PET CARE,PRD:IND:IND-GEODIS WHSE IND US,PBC-1000,1-Feb-24,
MICKSPARKINS PET CARE,PRD:IND:IND-GEODIS WHSE IND US,PBC-1000,1-Mar-24,
MICKSPARKINS PET CARE,PRD:IND:IND-GEODIS WHSE IND US,PBC-1000,1-Apr-24,
MICKSPARKINS PET CARE,PRD:IND:IND-GEODIS WHSE IND US,PBC-1000,1-May-24,
MICKSPARKINS PET CARE,PRD:IND:IND-GEODIS WHSE IND US,PBC-1000,1-Jun-24,
MICKSPARKINS PET CARE,PRD:IND:IND-GEODIS WHSE IND US,PBC-1000,1-Jul-24,
MICKSPARKINS PET CARE,PRD:IND:IND-GEODIS WHSE IND US,PBC-1000,1-Aug-24,
MICKSPARKINS PET CARE,PRD:IND:IND-GEODIS WHSE IND US,PBC-1000,1-Sep-24,
MICKSPARKINS PET CARE,PRD:IND:IND-GEODIS WHSE IND US,PBC-1000,1-Oct-24,1
MICKSPARKINS PET CARE,PRD:IND:IND-GEODIS WHSE IND US,PBC-1000,1-Nov-24,
MICKSPARKINS PET CARE,PRD:IND:IND-GEODIS WHSE IND US,PBC-1000,1-Dec-24,
MICKSPARKINS PET CARE,PRD:IND:IND-GEODIS WHSE IND US,PBC-1000,1-Jan-25,
MICKSPARKINS PET CARE,PRD:IND:IND-GEODIS WHSE IND US,PBC-1000,1-Feb-25,
MICKSPARKINS PET CARE,PRD:IND:IND-GEODIS WHSE IND US,PBC-1000,1-Mar-25,
MICKSPARKINS PET CARE,PRD:IND:IND-GEODIS WHSE IND US,PBC-1000,1-Apr-25,
MICKSPARKINS PET CARE,PRD:IND:IND-GEODIS WHSE IND US,PBC-1000,1-May-25,
MICKSPARKINS PET CARE,PRD:IND:IND-GEODIS WHSE IND US,PBC-1000,1-Jun-25,
MICKSPARKINS PET CARE,PRD:IND:IND-GEODIS WHSE IND US,PBC-1000,1-Jul-25,
MICKSPARKINS PET CARE,PRD:IND:IND-GEODIS WHSE IND US,PBC-1000,1-Aug-25,
MICKSPARKINS PET CARE,PRD:IND:IND-GEODIS WHSE IND US,PBC-1000,1-Sep-25,
MICKSPARKINS PET CARE,PRD:IND:IND-GEODIS WHSE IND US,PBC-1000,1-Oct-25,
MICKSPARKINS PET CARE,PRD:IND:IND-GEODIS WHSE IND US,PBC-1000,1-Nov-25,
MICKSPARKINS PET CARE,PRD:IND:IND-GEODIS WHSE IND US,PBC-1000,1-Dec-25,
MICKSPARKINS PET CARE,PRD:IND:IND-GEODIS WHSE IND US,PBC-1000,1-Jan-26,
MICKSPARKINS PET CARE,PRD:IND:IND-GEODIS WHSE IND US,PBC-1000,1-Feb-26,
MICKSPARKINS PET CARE,PRD:IND:IND-GEODIS WHSE IND US,PBC-1000,1-Mar-26,
MICKSPARKINS PET CARE,PRD:IND:IND-GEODIS WHSE IND US,PBC-1000,1-Apr-26,
MID STATES,PRD:IND:IND-GEODIS WHSE IND US,PAC00-14231,1-May-23,5
MID STATES,PRD:IND:IND-GEODIS WHSE IND US,PAC00-14231,1-Jun-23,3
MID STATES,PRD:IND:IND-GEODIS WHSE IND US,PAC00-14231,1-Jul-23,13
MID STATES,PRD:IND:IND-GEODIS WHSE IND US,PAC00-14231,1-Aug-23,46
MID STATES,PRD:IND:IND-GEODIS WHSE IND US,PAC00-14231,1-Sep-23,3
MID STATES,PRD:IND:IND-GEODIS WHSE IND US,PAC00-14231,1-Oct-23,13
MID STATES,PRD:IND:IND-GEODIS WHSE IND US,PAC00-14231,1-Nov-23,14
MID STATES,PRD:IND:IND-GEODIS WHSE IND US,PAC00-14231,1-Dec-23,6
MID STATES,PRD:IND:IND-GEODIS WHSE IND US,PAC00-14231,1-Jan-24,10
MID STATES,PRD:IND:IND-GEODIS WHSE IND US,PAC00-14231,1-Feb-24,8
MID STATES,PRD:IND:IND-GEODIS WHSE IND US,PAC00-14231,1-Mar-24,8
MID STATES,PRD:IND:IND-GEODIS WHSE IND US,PAC00-14231,1-Apr-24,11
MID STATES,PRD:IND:IND-GEODIS WHSE IND US,PAC00-14231,1-May-24,
MID STATES,PRD:IND:IND-GEODIS WHSE IND US,PAC00-14231,1-Jun-24,
MID STATES,PRD:IND:IND-GEODIS WHSE IND US,PAC00-14231,1-Jul-24,
MID STATES,PRD:IND:IND-GEODIS WHSE IND US,PAC00-14231,1-Aug-24,
MID STATES,PRD:IND:IND-GEODIS WHSE IND US,PAC00-14231,1-Sep-24,
MID STATES,PRD:IND:IND-GEODIS WHSE IND US,PAC00-14231,1-Oct-24,21
MID STATES,PRD:IND:IND-GEODIS WHSE IND US,PAC00-14231,1-Nov-24,
MID STATES,PRD:IND:IND-GEODIS WHSE IND US,PAC00-14231,1-Dec-24,
MID STATES,PRD:IND:IND-GEODIS WHSE IND US,PAC00-14231,1-Jan-25,18
MID STATES,PRD:IND:IND-GEODIS WHSE IND US,PAC00-14231,1-Feb-25,
MID STATES,PRD:IND:IND-GEODIS WHSE IND US,PAC00-14231,1-Mar-25,
MID STATES,PRD:IND:IND-GEODIS WHSE IND US,PAC00-14231,1-Apr-25,
MID STATES,PRD:IND:IND-GEODIS WHSE IND US,PAC00-14231,1-May-25,
MID STATES,PRD:IND:IND-GEODIS WHSE IND US,PAC00-14231,1-Jun-25,
MID STATES,PRD:IND:IND-GEODIS WHSE IND US,PAC00-14231,1-Jul-25,
MID STATES,PRD:IND:IND-GEODIS WHSE IND US,PAC00-14231,1-Aug-25,
MID STATES,PRD:IND:IND-GEODIS WHSE IND US,PAC00-14231,1-Sep-25,
MID STATES,PRD:IND:IND-GEODIS WHSE IND US,PAC00-14231,1-Oct-25,
MID STATES,PRD:IND:IND-GEODIS WHSE IND US,PAC00-14231,1-Nov-25,2
MID STATES,PRD:IND:IND-GEODIS WHSE IND US,PAC00-14231,1-Dec-25,
MID STATES,PRD:IND:IND-GEODIS WHSE IND US,PAC00-14231,1-Jan-26,
MID STATES,PRD:IND:IND-GEODIS WHSE IND US,PAC00-14231,1-Feb-26,
MID STATES,PRD:IND:IND-GEODIS WHSE IND US,PAC00-14231,1-Mar-26,
MID STATES,PRD:IND:IND-GEODIS WHSE IND US,PAC00-14231,1-Apr-26,
MID STATES,PRD:IND:IND-GEODIS WHSE IND US,PBC-1000,1-May-23,
MID STATES,PRD:IND:IND-GEODIS WHSE IND US,PBC-1000,1-Jun-23,
MID STATES,PRD:IND:IND-GEODIS WHSE IND US,PBC-1000,1-Jul-23,
MID STATES,PRD:IND:IND-GEODIS WHSE IND US,PBC-1000,1-Aug-23,
MID STATES,PRD:IND:IND-GEODIS WHSE IND US,PBC-1000,1-Sep-23,
MID STATES,PRD:IND:IND-GEODIS WHSE IND US,PBC-1000,1-Oct-23,
MID STATES,PRD:IND:IND-GEODIS WHSE IND US,PBC-1000,1-Nov-23,
MID STATES,PRD:IND:IND-GEODIS WHSE IND US,PBC-1000,1-Dec-23,
MID STATES,PRD:IND:IND-GEODIS WHSE IND US,PBC-1000,1-Jan-24,
MID STATES,PRD:IND:IND-GEODIS WHSE IND US,PBC-1000,1-Feb-24,
MID STATES,PRD:IND:IND-GEODIS WHSE IND US,PBC-1000,1-Mar-24,
MID STATES,PRD:IND:IND-GEODIS WHSE IND US,PBC-1000,1-Apr-24,2
MID STATES,PRD:IND:IND-GEODIS WHSE IND US,PBC-1000,1-May-24,
MID STATES,PRD:IND:IND-GEODIS WHSE IND US,PBC-1000,1-Jun-24,
MID STATES,PRD:IND:IND-GEODIS WHSE IND US,PBC-1000,1-Jul-24,
MID STATES,PRD:IND:IND-GEODIS WHSE IND US,PBC-1000,1-Aug-24,
MID STATES,PRD:IND:IND-GEODIS WHSE IND US,PBC-1000,1-Sep-24,
MID STATES,PRD:IND:IND-GEODIS WHSE IND US,PBC-1000,1-Oct-24,
MID STATES,PRD:IND:IND-GEODIS WHSE IND US,PBC-1000,1-Nov-24,
MID STATES,PRD:IND:IND-GEODIS WHSE IND US,PBC-1000,1-Dec-24,
MID STATES,PRD:IND:IND-GEODIS WHSE IND US,PBC-1000,1-Jan-25,6
MID STATES,PRD:IND:IND-GEODIS WHSE IND US,PBC-1000,1-Feb-25,
MID STATES,PRD:IND:IND-GEODIS WHSE IND US,PBC-1000,1-Mar-25,
MID STATES,PRD:IND:IND-GEODIS WHSE IND US,PBC-1000,1-Apr-25,
MID STATES,PRD:IND:IND-GEODIS WHSE IND US,PBC-1000,1-May-25,
MID STATES,PRD:IND:IND-GEODIS WHSE IND US,PBC-1000,1-Jun-25,
MID STATES,PRD:IND:IND-GEODIS WHSE IND US,PBC-1000,1-Jul-25,
MID STATES,PRD:IND:IND-GEODIS WHSE IND US,PBC-1000,1-Aug-25,
MID STATES,PRD:IND:IND-GEODIS WHSE IND US,PBC-1000,1-Sep-25,
MID STATES,PRD:IND:IND-GEODIS WHSE IND US,PBC-1000,1-Oct-25,
MID STATES,PRD:IND:IND-GEODIS WHSE IND US,PBC-1000,1-Nov-25,
MID STATES,PRD:IND:IND-GEODIS WHSE IND US,PBC-1000,1-Dec-25,
MID STATES,PRD:IND:IND-GEODIS WHSE IND US,PBC-1000,1-Jan-26,
MID STATES,PRD:IND:IND-GEODIS WHSE IND US,PBC-1000,1-Feb-26,
MID STATES,PRD:IND:IND-GEODIS WHSE IND US,PBC-1000,1-Mar-26,
MID STATES,PRD:IND:IND-GEODIS WHSE IND US,PBC-1000,1-Apr-26,
MID STATES BIG R FARM & HOME,PRD:IND:IND-GEODIS WHSE IND US,PAC00-14231,1-May-23,2
MID STATES BIG R FARM & HOME,PRD:IND:IND-GEODIS WHSE IND US,PAC00-14231,1-Jun-23,6
MID STATES BIG R FARM & HOME,PRD:IND:IND-GEODIS WHSE IND US,PAC00-14231,1-Jul-23,2
MID STATES BIG R FARM & HOME,PRD:IND:IND-GEODIS WHSE IND US,PAC00-14231,1-Aug-23,
MID STATES BIG R FARM & HOME,PRD:IND:IND-GEODIS WHSE IND US,PAC00-14231,1-Sep-23,8
MID STATES BIG R FARM & HOME,PRD:IND:IND-GEODIS WHSE IND US,PAC00-14231,1-Oct-23,6
MID STATES BIG R FARM & HOME,PRD:IND:IND-GEODIS WHSE IND US,PAC00-14231,1-Nov-23,7
MID STATES BIG R FARM & HOME,PRD:IND:IND-GEODIS WHSE IND US,PAC00-14231,1-Dec-23,
MID STATES BIG R FARM & HOME,PRD:IND:IND-GEODIS WHSE IND US,PAC00-14231,1-Jan-24,10
MID STATES BIG R FARM & HOME,PRD:IND:IND-GEODIS WHSE IND US,PAC00-14231,1-Feb-24,3
MID STATES BIG R FARM & HOME,PRD:IND:IND-GEODIS WHSE IND US,PAC00-14231,1-Mar-24,5
MID STATES BIG R FARM & HOME,PRD:IND:IND-GEODIS WHSE IND US,PAC00-14231,1-Apr-24,6
MID STATES BIG R FARM & HOME,PRD:IND:IND-GEODIS WHSE IND US,PAC00-14231,1-May-24,4
MID STATES BIG R FARM & HOME,PRD:IND:IND-GEODIS WHSE IND US,PAC00-14231,1-Jun-24,3
MID STATES BIG R FARM & HOME,PRD:IND:IND-GEODIS WHSE IND US,PAC00-14231,1-Jul-24,8
MID STATES BIG R FARM & HOME,PRD:IND:IND-GEODIS WHSE IND US,PAC00-14231,1-Aug-24,
MID STATES BIG R FARM & HOME,PRD:IND:IND-GEODIS WHSE IND US,PAC00-14231,1-Sep-24,
MID STATES BIG R FARM & HOME,PRD:IND:IND-GEODIS WHSE IND US,PAC00-14231,1-Oct-24,9
MID STATES BIG R FARM & HOME,PRD:IND:IND-GEODIS WHSE IND US,PAC00-14231,1-Nov-24,6
MID STATES BIG R FARM & HOME,PRD:IND:IND-GEODIS WHSE IND US,PAC00-14231,1-Dec-24,5
MID STATES BIG R FARM & HOME,PRD:IND:IND-GEODIS WHSE IND US,PAC00-14231,1-Jan-25,6
MID STATES BIG R FARM & HOME,PRD:IND:IND-GEODIS WHSE IND US,PAC00-14231,1-Feb-25,
MID STATES BIG R FARM & HOME,PRD:IND:IND-GEODIS WHSE IND US,PAC00-14231,1-Mar-25,5
MID STATES BIG R FARM & HOME,PRD:IND:IND-GEODIS WHSE IND US,PAC00-14231,1-Apr-25,7
MID STATES BIG R FARM & HOME,PRD:IND:IND-GEODIS WHSE IND US,PAC00-14231,1-May-25,4
MID STATES BIG R FARM & HOME,PRD:IND:IND-GEODIS WHSE IND US,PAC00-14231,1-Jun-25,3
MID STATES BIG R FARM & HOME,PRD:IND:IND-GEODIS WHSE IND US,PAC00-14231,1-Jul-25,4
MID STATES BIG R FARM & HOME,PRD:IND:IND-GEODIS WHSE IND US,PAC00-14231,1-Aug-25,7
MID STATES BIG R FARM & HOME,PRD:IND:IND-GEODIS WHSE IND US,PAC00-14231,1-Sep-25,5
MID STATES BIG R FARM & HOME,PRD:IND:IND-GEODIS WHSE IND US,PAC00-14231,1-Oct-25,
MID STATES BIG R FARM & HOME,PRD:IND:IND-GEODIS WHSE IND US,PAC00-14231,1-Nov-25,4
MID STATES BIG R FARM & HOME,PRD:IND:IND-GEODIS WHSE IND US,PAC00-14231,1-Dec-25,
MID STATES BIG R FARM & HOME,PRD:IND:IND-GEODIS WHSE IND US,PAC00-14231,1-Jan-26,
MID STATES BIG R FARM & HOME,PRD:IND:IND-GEODIS WHSE IND US,PAC00-14231,1-Feb-26,5
MID STATES BIG R FARM & HOME,PRD:IND:IND-GEODIS WHSE IND US,PAC00-14231,1-Mar-26,1
MID STATES BIG R FARM & HOME,PRD:IND:IND-GEODIS WHSE IND US,PAC00-14231,1-Apr-26,1
MID STATES BIG R OF LAMAR INC,PRD:IND:IND-GEODIS WHSE IND US,PAC00-14231,1-May-23,4
MID STATES BIG R OF LAMAR INC,PRD:IND:IND-GEODIS WHSE IND US,PAC00-14231,1-Jun-23,34
MID STATES BIG R OF LAMAR INC,PRD:IND:IND-GEODIS WHSE IND US,PAC00-14231,1-Jul-23,13
MID STATES BIG R OF LAMAR INC,PRD:IND:IND-GEODIS WHSE IND US,PAC00-14231,1-Aug-23,18
MID STATES BIG R OF LAMAR INC,PRD:IND:IND-GEODIS WHSE IND US,PAC00-14231,1-Sep-23,29
MID STATES BIG R OF LAMAR INC,PRD:IND:IND-GEODIS WHSE IND US,PAC00-14231,1-Oct-23,37
MID STATES BIG R OF LAMAR INC,PRD:IND:IND-GEODIS WHSE IND US,PAC00-14231,1-Nov-23,16
MID STATES BIG R OF LAMAR INC,PRD:IND:IND-GEODIS WHSE IND US,PAC00-14231,1-Dec-23,12
MID STATES BIG R OF LAMAR INC,PRD:IND:IND-GEODIS WHSE IND US,PAC00-14231,1-Jan-24,14
MID STATES BIG R OF LAMAR INC,PRD:IND:IND-GEODIS WHSE IND US,PAC00-14231,1-Feb-24,26
MID STATES BIG R OF LAMAR INC,PRD:IND:IND-GEODIS WHSE IND US,PAC00-14231,1-Mar-24,13
MID STATES BIG R OF LAMAR INC,PRD:IND:IND-GEODIS WHSE IND US,PAC00-14231,1-Apr-24,26
MID STATES BIG R OF LAMAR INC,PRD:IND:IND-GEODIS WHSE IND US,PAC00-14231,1-May-24,14
MID STATES BIG R OF LAMAR INC,PRD:IND:IND-GEODIS WHSE IND US,PAC00-14231,1-Jun-24,17
MID STATES BIG R OF LAMAR INC,PRD:IND:IND-GEODIS WHSE IND US,PAC00-14231,1-Jul-24,17
MID STATES BIG R OF LAMAR INC,PRD:IND:IND-GEODIS WHSE IND US,PAC00-14231,1-Aug-24,30
MID STATES BIG R OF LAMAR INC,PRD:IND:IND-GEODIS WHSE IND US,PAC00-14231,1-Sep-24,12
MID STATES BIG R OF LAMAR INC,PRD:IND:IND-GEODIS WHSE IND US,PAC00-14231,1-Oct-24,21
MID STATES BIG R OF LAMAR INC,PRD:IND:IND-GEODIS WHSE IND US,PAC00-14231,1-Nov-24,16
MID STATES BIG R OF LAMAR INC,PRD:IND:IND-GEODIS WHSE IND US,PAC00-14231,1-Dec-24,21
MID STATES BIG R OF LAMAR INC,PRD:IND:IND-GEODIS WHSE IND US,PAC00-14231,1-Jan-25,21
MID STATES BIG R OF LAMAR INC,PRD:IND:IND-GEODIS WHSE IND US,PAC00-14231,1-Feb-25,20
MID STATES BIG R OF LAMAR INC,PRD:IND:IND-GEODIS WHSE IND US,PAC00-14231,1-Mar-25,29
MID STATES BIG R OF LAMAR INC,PRD:IND:IND-GEODIS WHSE IND US,PAC00-14231,1-Apr-25,26
MID STATES BIG R OF LAMAR INC,PRD:IND:IND-GEODIS WHSE IND US,PAC00-14231,1-May-25,28
MID STATES BIG R OF LAMAR INC,PRD:IND:IND-GEODIS WHSE IND US,PAC00-14231,1-Jun-25,28
MID STATES BIG R OF LAMAR INC,PRD:IND:IND-GEODIS WHSE IND US,PAC00-14231,1-Jul-25,15
MID STATES BIG R OF LAMAR INC,PRD:IND:IND-GEODIS WHSE IND US,PAC00-14231,1-Aug-25,6
MID STATES BIG R OF LAMAR INC,PRD:IND:IND-GEODIS WHSE IND US,PAC00-14231,1-Sep-25,16
MID STATES BIG R OF LAMAR INC,PRD:IND:IND-GEODIS WHSE IND US,PAC00-14231,1-Oct-25,26
MID STATES BIG R OF LAMAR INC,PRD:IND:IND-GEODIS WHSE IND US,PAC00-14231,1-Nov-25,21
MID STATES BIG R OF LAMAR INC,PRD:IND:IND-GEODIS WHSE IND US,PAC00-14231,1-Dec-25,
MID STATES BIG R OF LAMAR INC,PRD:IND:IND-GEODIS WHSE IND US,PAC00-14231,1-Jan-26,16
MID STATES BIG R OF LAMAR INC,PRD:IND:IND-GEODIS WHSE IND US,PAC00-14231,1-Feb-26,32
MID STATES BIG R OF LAMAR INC,PRD:IND:IND-GEODIS WHSE IND US,PAC00-14231,1-Mar-26,9
MID STATES BIG R OF LAMAR INC,PRD:IND:IND-GEODIS WHSE IND US,PAC00-14231,1-Apr-26,3
MID STATES BOMGAARS,PRD:IND:IND-GEODIS WHSE IND US,PAC00-14231,1-May-23,48
MID STATES BOMGAARS,PRD:IND:IND-GEODIS WHSE IND US,PAC00-14231,1-Jun-23,25
MID STATES BOMGAARS,PRD:IND:IND-GEODIS WHSE IND US,PAC00-14231,1-Jul-23,27
MID STATES BOMGAARS,PRD:IND:IND-GEODIS WHSE IND US,PAC00-14231,1-Aug-23,38
MID STATES BOMGAARS,PRD:IND:IND-GEODIS WHSE IND US,PAC00-14231,1-Sep-23,49
MID STATES BOMGAARS,PRD:IND:IND-GEODIS WHSE IND US,PAC00-14231,1-Oct-23,60
MID STATES BOMGAARS,PRD:IND:IND-GEODIS WHSE IND US,PAC00-14231,1-Nov-23,17
MID STATES BOMGAARS,PRD:IND:IND-GEODIS WHSE IND US,PAC00-14231,1-Dec-23,46
MID STATES BOMGAARS,PRD:IND:IND-GEODIS WHSE IND US,PAC00-14231,1-Jan-24,49
MID STATES BOMGAARS,PRD:IND:IND-GEODIS WHSE IND US,PAC00-14231,1-Feb-24,53
MID STATES BOMGAARS,PRD:IND:IND-GEODIS WHSE IND US,PAC00-14231,1-Mar-24,62
MID STATES BOMGAARS,PRD:IND:IND-GEODIS WHSE IND US,PAC00-14231,1-Apr-24,50
MID STATES BOMGAARS,PRD:IND:IND-GEODIS WHSE IND US,PAC00-14231,1-May-24,65
MID STATES BOMGAARS,PRD:IND:IND-GEODIS WHSE IND US,PAC00-14231,1-Jun-24,30
MID STATES BOMGAARS,PRD:IND:IND-GEODIS WHSE IND US,PAC00-14231,1-Jul-24,51
MID STATES BOMGAARS,PRD:IND:IND-GEODIS WHSE IND US,PAC00-14231,1-Aug-24,50
MID STATES BOMGAARS,PRD:IND:IND-GEODIS WHSE IND US,PAC00-14231,1-Sep-24,64
MID STATES BOMGAARS,PRD:IND:IND-GEODIS WHSE IND US,PAC00-14231,1-Oct-24,44
MID STATES BOMGAARS,PRD:IND:IND-GEODIS WHSE IND US,PAC00-14231,1-Nov-24,27
MID STATES BOMGAARS,PRD:IND:IND-GEODIS WHSE IND US,PAC00-14231,1-Dec-24,67
MID STATES BOMGAARS,PRD:IND:IND-GEODIS WHSE IND US,PAC00-14231,1-Jan-25,37
MID STATES BOMGAARS,PRD:IND:IND-GEODIS WHSE IND US,PAC00-14231,1-Feb-25,78
MID STATES BOMGAARS,PRD:IND:IND-GEODIS WHSE IND US,PAC00-14231,1-Mar-25,38
MID STATES BOMGAARS,PRD:IND:IND-GEODIS WHSE IND US,PAC00-14231,1-Apr-25,26
MID STATES BOMGAARS,PRD:IND:IND-GEODIS WHSE IND US,PAC00-14231,1-May-25,42
MID STATES BOMGAARS,PRD:IND:IND-GEODIS WHSE IND US,PAC00-14231,1-Jun-25,46
MID STATES BOMGAARS,PRD:IND:IND-GEODIS WHSE IND US,PAC00-14231,1-Jul-25,38
MID STATES BOMGAARS,PRD:IND:IND-GEODIS WHSE IND US,PAC00-14231,1-Aug-25,28
MID STATES BOMGAARS,PRD:IND:IND-GEODIS WHSE IND US,PAC00-14231,1-Sep-25,52
MID STATES BOMGAARS,PRD:IND:IND-GEODIS WHSE IND US,PAC00-14231,1-Oct-25,36
MID STATES BOMGAARS,PRD:IND:IND-GEODIS WHSE IND US,PAC00-14231,1-Nov-25,17
MID STATES BOMGAARS,PRD:IND:IND-GEODIS WHSE IND US,PAC00-14231,1-Dec-25,34
MID STATES BOMGAARS,PRD:IND:IND-GEODIS WHSE IND US,PAC00-14231,1-Jan-26,33
MID STATES BOMGAARS,PRD:IND:IND-GEODIS WHSE IND US,PAC00-14231,1-Feb-26,72
MID STATES BOMGAARS,PRD:IND:IND-GEODIS WHSE IND US,PAC00-14231,1-Mar-26,
MID STATES BOMGAARS,PRD:IND:IND-GEODIS WHSE IND US,PAC00-14231,1-Apr-26,5
MID STATES BOMGAARS,PRD:IND:IND-GEODIS WHSE IND US,PBC-1000,1-May-23,
MID STATES BOMGAARS,PRD:IND:IND-GEODIS WHSE IND US,PBC-1000,1-Jun-23,
MID STATES BOMGAARS,PRD:IND:IND-GEODIS WHSE IND US,PBC-1000,1-Jul-23,
MID STATES BOMGAARS,PRD:IND:IND-GEODIS WHSE IND US,PBC-1000,1-Aug-23,
MID STATES BOMGAARS,PRD:IND:IND-GEODIS WHSE IND US,PBC-1000,1-Sep-23,
MID STATES BOMGAARS,PRD:IND:IND-GEODIS WHSE IND US,PBC-1000,1-Oct-23,
MID STATES BOMGAARS,PRD:IND:IND-GEODIS WHSE IND US,PBC-1000,1-Nov-23,
MID STATES BOMGAARS,PRD:IND:IND-GEODIS WHSE IND US,PBC-1000,1-Dec-23,
MID STATES BOMGAARS,PRD:IND:IND-GEODIS WHSE IND US,PBC-1000,1-Jan-24,
MID STATES BOMGAARS,PRD:IND:IND-GEODIS WHSE IND US,PBC-1000,1-Feb-24,
MID STATES BOMGAARS,PRD:IND:IND-GEODIS WHSE IND US,PBC-1000,1-Mar-24,
MID STATES BOMGAARS,PRD:IND:IND-GEODIS WHSE IND US,PBC-1000,1-Apr-24,
MID STATES BOMGAARS,PRD:IND:IND-GEODIS WHSE IND US,PBC-1000,1-May-24,
MID STATES BOMGAARS,PRD:IND:IND-GEODIS WHSE IND US,PBC-1000,1-Jun-24,
MID STATES BOMGAARS,PRD:IND:IND-GEODIS WHSE IND US,PBC-1000,1-Jul-24,
MID STATES BOMGAARS,PRD:IND:IND-GEODIS WHSE IND US,PBC-1000,1-Aug-24,
MID STATES BOMGAARS,PRD:IND:IND-GEODIS WHSE IND US,PBC-1000,1-Sep-24,
MID STATES BOMGAARS,PRD:IND:IND-GEODIS WHSE IND US,PBC-1000,1-Oct-24,
MID STATES BOMGAARS,PRD:IND:IND-GEODIS WHSE IND US,PBC-1000,1-Nov-24,
MID STATES BOMGAARS,PRD:IND:IND-GEODIS WHSE IND US,PBC-1000,1-Dec-24,
MID STATES BOMGAARS,PRD:IND:IND-GEODIS WHSE IND US,PBC-1000,1-Jan-25,
MID STATES BOMGAARS,PRD:IND:IND-GEODIS WHSE IND US,PBC-1000,1-Feb-25,
MID STATES BOMGAARS,PRD:IND:IND-GEODIS WHSE IND US,PBC-1000,1-Mar-25,
MID STATES BOMGAARS,PRD:IND:IND-GEODIS WHSE IND US,PBC-1000,1-Apr-25,
MID STATES BOMGAARS,PRD:IND:IND-GEODIS WHSE IND US,PBC-1000,1-May-25,
MID STATES BOMGAARS,PRD:IND:IND-GEODIS WHSE IND US,PBC-1000,1-Jun-25,
MID STATES BOMGAARS,PRD:IND:IND-GEODIS WHSE IND US,PBC-1000,1-Jul-25,1
MID STATES BOMGAARS,PRD:IND:IND-GEODIS WHSE IND US,PBC-1000,1-Aug-25,
MID STATES BOMGAARS,PRD:IND:IND-GEODIS WHSE IND US,PBC-1000,1-Sep-25,
MID STATES BOMGAARS,PRD:IND:IND-GEODIS WHSE IND US,PBC-1000,1-Oct-25,
MID STATES BOMGAARS,PRD:IND:IND-GEODIS WHSE IND US,PBC-1000,1-Nov-25,
MID STATES BOMGAARS,PRD:IND:IND-GEODIS WHSE IND US,PBC-1000,1-Dec-25,
MID STATES BOMGAARS,PRD:IND:IND-GEODIS WHSE IND US,PBC-1000,1-Jan-26,
MID STATES BOMGAARS,PRD:IND:IND-GEODIS WHSE IND US,PBC-1000,1-Feb-26,
MID STATES BOMGAARS,PRD:IND:IND-GEODIS WHSE IND US,PBC-1000,1-Mar-26,
MID STATES BOMGAARS,PRD:IND:IND-GEODIS WHSE IND US,PBC-1000,1-Apr-26,
MID STATES C-A-L RANCH CLOSED,PRD:IND:IND-GEODIS WHSE IND US,PAC00-14231,1-May-23,12
MID STATES C-A-L RANCH CLOSED,PRD:IND:IND-GEODIS WHSE IND US,PAC00-14231,1-Jun-23,18
MID STATES C-A-L RANCH CLOSED,PRD:IND:IND-GEODIS WHSE IND US,PAC00-14231,1-Jul-23,8
MID STATES C-A-L RANCH CLOSED,PRD:IND:IND-GEODIS WHSE IND US,PAC00-14231,1-Aug-23,9
MID STATES C-A-L RANCH CLOSED,PRD:IND:IND-GEODIS WHSE IND US,PAC00-14231,1-Sep-23,3
MID STATES C-A-L RANCH CLOSED,PRD:IND:IND-GEODIS WHSE IND US,PAC00-14231,1-Oct-23,1
MID STATES C-A-L RANCH CLOSED,PRD:IND:IND-GEODIS WHSE IND US,PAC00-14231,1-Nov-23,17
MID STATES C-A-L RANCH CLOSED,PRD:IND:IND-GEODIS WHSE IND US,PAC00-14231,1-Dec-23,
MID STATES C-A-L RANCH CLOSED,PRD:IND:IND-GEODIS WHSE IND US,PAC00-14231,1-Jan-24,
MID STATES C-A-L RANCH CLOSED,PRD:IND:IND-GEODIS WHSE IND US,PAC00-14231,1-Feb-24,
MID STATES C-A-L RANCH CLOSED,PRD:IND:IND-GEODIS WHSE IND US,PAC00-14231,1-Mar-24,
MID STATES C-A-L RANCH CLOSED,PRD:IND:IND-GEODIS WHSE IND US,PAC00-14231,1-Apr-24,
MID STATES C-A-L RANCH CLOSED,PRD:IND:IND-GEODIS WHSE IND US,PAC00-14231,1-May-24,
MID STATES C-A-L RANCH CLOSED,PRD:IND:IND-GEODIS WHSE IND US,PAC00-14231,1-Jun-24,
MID STATES C-A-L RANCH CLOSED,PRD:IND:IND-GEODIS WHSE IND US,PAC00-14231,1-Jul-24,
MID STATES C-A-L RANCH CLOSED,PRD:IND:IND-GEODIS WHSE IND US,PAC00-14231,1-Aug-24,
MID STATES C-A-L RANCH CLOSED,PRD:IND:IND-GEODIS WHSE IND US,PAC00-14231,1-Sep-24,
MID STATES C-A-L RANCH CLOSED,PRD:IND:IND-GEODIS WHSE IND US,PAC00-14231,1-Oct-24,
MID STATES C-A-L RANCH CLOSED,PRD:IND:IND-GEODIS WHSE IND US,PAC00-14231,1-Nov-24,
MID STATES C-A-L RANCH CLOSED,PRD:IND:IND-GEODIS WHSE IND US,PAC00-14231,1-Dec-24,
MID STATES C-A-L RANCH CLOSED,PRD:IND:IND-GEODIS WHSE IND US,PAC00-14231,1-Jan-25,
MID STATES C-A-L RANCH CLOSED,PRD:IND:IND-GEODIS WHSE IND US,PAC00-14231,1-Feb-25,
MID STATES C-A-L RANCH CLOSED,PRD:IND:IND-GEODIS WHSE IND US,PAC00-14231,1-Mar-25,
MID STATES C-A-L RANCH CLOSED,PRD:IND:IND-GEODIS WHSE IND US,PAC00-14231,1-Apr-25,
MID STATES C-A-L RANCH CLOSED,PRD:IND:IND-GEODIS WHSE IND US,PAC00-14231,1-May-25,
MID STATES C-A-L RANCH CLOSED,PRD:IND:IND-GEODIS WHSE IND US,PAC00-14231,1-Jun-25,
MID STATES C-A-L RANCH CLOSED,PRD:IND:IND-GEODIS WHSE IND US,PAC00-14231,1-Jul-25,
MID STATES C-A-L RANCH CLOSED,PRD:IND:IND-GEODIS WHSE IND US,PAC00-14231,1-Aug-25,
MID STATES C-A-L RANCH CLOSED,PRD:IND:IND-GEODIS WHSE IND US,PAC00-14231,1-Sep-25,
MID STATES C-A-L RANCH CLOSED,PRD:IND:IND-GEODIS WHSE IND US,PAC00-14231,1-Oct-25,
MID STATES C-A-L RANCH CLOSED,PRD:IND:IND-GEODIS WHSE IND US,PAC00-14231,1-Nov-25,
MID STATES C-A-L RANCH CLOSED,PRD:IND:IND-GEODIS WHSE IND US,PAC00-14231,1-Dec-25,
MID STATES C-A-L RANCH CLOSED,PRD:IND:IND-GEODIS WHSE IND US,PAC00-14231,1-Jan-26,
MID STATES C-A-L RANCH CLOSED,PRD:IND:IND-GEODIS WHSE IND US,PAC00-14231,1-Feb-26,
MID STATES C-A-L RANCH CLOSED,PRD:IND:IND-GEODIS WHSE IND US,PAC00-14231,1-Mar-26,
MID STATES C-A-L RANCH CLOSED,PRD:IND:IND-GEODIS WHSE IND US,PAC00-14231,1-Apr-26,
MID STATES COASTAL FARM,PRD:IND:IND-GEODIS WHSE IND US,PAC00-14231,1-May-23,
MID STATES COASTAL FARM,PRD:IND:IND-GEODIS WHSE IND US,PAC00-14231,1-Jun-23,
MID STATES COASTAL FARM,PRD:IND:IND-GEODIS WHSE IND US,PAC00-14231,1-Jul-23,1
MID STATES COASTAL FARM,PRD:IND:IND-GEODIS WHSE IND US,PAC00-14231,1-Aug-23,3
MID STATES COASTAL FARM,PRD:IND:IND-GEODIS WHSE IND US,PAC00-14231,1-Sep-23,2
MID STATES COASTAL FARM,PRD:IND:IND-GEODIS WHSE IND US,PAC00-14231,1-Oct-23,
MID STATES COASTAL FARM,PRD:IND:IND-GEODIS WHSE IND US,PAC00-14231,1-Nov-23,13
MID STATES COASTAL FARM,PRD:IND:IND-GEODIS WHSE IND US,PAC00-14231,1-Dec-23,
MID STATES COASTAL FARM,PRD:IND:IND-GEODIS WHSE IND US,PAC00-14231,1-Jan-24,
MID STATES COASTAL FARM,PRD:IND:IND-GEODIS WHSE IND US,PAC00-14231,1-Feb-24,
MID STATES COASTAL FARM,PRD:IND:IND-GEODIS WHSE IND US,PAC00-14231,1-Mar-24,
MID STATES COASTAL FARM,PRD:IND:IND-GEODIS WHSE IND US,PAC00-14231,1-Apr-24,
MID STATES COASTAL FARM,PRD:IND:IND-GEODIS WHSE IND US,PAC00-14231,1-May-24,
MID STATES COASTAL FARM,PRD:IND:IND-GEODIS WHSE IND US,PAC00-14231,1-Jun-24,
MID STATES COASTAL FARM,PRD:IND:IND-GEODIS WHSE IND US,PAC00-14231,1-Jul-24,
MID STATES COASTAL FARM,PRD:IND:IND-GEODIS WHSE IND US,PAC00-14231,1-Aug-24,
MID STATES COASTAL FARM,PRD:IND:IND-GEODIS WHSE IND US,PAC00-14231,1-Sep-24,
MID STATES COASTAL FARM,PRD:IND:IND-GEODIS WHSE IND US,PAC00-14231,1-Oct-24,
MID STATES COASTAL FARM,PRD:IND:IND-GEODIS WHSE IND US,PAC00-14231,1-Nov-24,
MID STATES COASTAL FARM,PRD:IND:IND-GEODIS WHSE IND US,PAC00-14231,1-Dec-24,
MID STATES COASTAL FARM,PRD:IND:IND-GEODIS WHSE IND US,PAC00-14231,1-Jan-25,
MID STATES COASTAL FARM,PRD:IND:IND-GEODIS WHSE IND US,PAC00-14231,1-Feb-25,
MID STATES COASTAL FARM,PRD:IND:IND-GEODIS WHSE IND US,PAC00-14231,1-Mar-25,
MID STATES COASTAL FARM,PRD:IND:IND-GEODIS WHSE IND US,PAC00-14231,1-Apr-25,
MID STATES COASTAL FARM,PRD:IND:IND-GEODIS WHSE IND US,PAC00-14231,1-May-25,
MID STATES COASTAL FARM,PRD:IND:IND-GEODIS WHSE IND US,PAC00-14231,1-Jun-25,
MID STATES COASTAL FARM,PRD:IND:IND-GEODIS WHSE IND US,PAC00-14231,1-Jul-25,
MID STATES COASTAL FARM,PRD:IND:IND-GEODIS WHSE IND US,PAC00-14231,1-Aug-25,
MID STATES COASTAL FARM,PRD:IND:IND-GEODIS WHSE IND US,PAC00-14231,1-Sep-25,
MID STATES COASTAL FARM,PRD:IND:IND-GEODIS WHSE IND US,PAC00-14231,1-Oct-25,
MID STATES COASTAL FARM,PRD:IND:IND-GEODIS WHSE IND US,PAC00-14231,1-Nov-25,
MID STATES COASTAL FARM,PRD:IND:IND-GEODIS WHSE IND US,PAC00-14231,1-Dec-25,
MID STATES COASTAL FARM,PRD:IND:IND-GEODIS WHSE IND US,PAC00-14231,1-Jan-26,
MID STATES COASTAL FARM,PRD:IND:IND-GEODIS WHSE IND US,PAC00-14231,1-Feb-26,
MID STATES COASTAL FARM,PRD:IND:IND-GEODIS WHSE IND US,PAC00-14231,1-Mar-26,
MID STATES COASTAL FARM,PRD:IND:IND-GEODIS WHSE IND US,PAC00-14231,1-Apr-26,
MID STATES COASTAL FARM,PRD:IND:IND-GEODIS WHSE IND US,PBC-1000,1-May-23,
MID STATES COASTAL FARM,PRD:IND:IND-GEODIS WHSE IND US,PBC-1000,1-Jun-23,
MID STATES COASTAL FARM,PRD:IND:IND-GEODIS WHSE IND US,PBC-1000,1-Jul-23,
MID STATES COASTAL FARM,PRD:IND:IND-GEODIS WHSE IND US,PBC-1000,1-Aug-23,
MID STATES COASTAL FARM,PRD:IND:IND-GEODIS WHSE IND US,PBC-1000,1-Sep-23,
MID STATES COASTAL FARM,PRD:IND:IND-GEODIS WHSE IND US,PBC-1000,1-Oct-23,3
MID STATES COASTAL FARM,PRD:IND:IND-GEODIS WHSE IND US,PBC-1000,1-Nov-23,
MID STATES COASTAL FARM,PRD:IND:IND-GEODIS WHSE IND US,PBC-1000,1-Dec-23,
MID STATES COASTAL FARM,PRD:IND:IND-GEODIS WHSE IND US,PBC-1000,1-Jan-24,
MID STATES COASTAL FARM,PRD:IND:IND-GEODIS WHSE IND US,PBC-1000,1-Feb-24,
MID STATES COASTAL FARM,PRD:IND:IND-GEODIS WHSE IND US,PBC-1000,1-Mar-24,
MID STATES COASTAL FARM,PRD:IND:IND-GEODIS WHSE IND US,PBC-1000,1-Apr-24,
MID STATES COASTAL FARM,PRD:IND:IND-GEODIS WHSE IND US,PBC-1000,1-May-24,
MID STATES COASTAL FARM,PRD:IND:IND-GEODIS WHSE IND US,PBC-1000,1-Jun-24,
MID STATES COASTAL FARM,PRD:IND:IND-GEODIS WHSE IND US,PBC-1000,1-Jul-24,
MID STATES COASTAL FARM,PRD:IND:IND-GEODIS WHSE IND US,PBC-1000,1-Aug-24,
MID STATES COASTAL FARM,PRD:IND:IND-GEODIS WHSE IND US,PBC-1000,1-Sep-24,
MID STATES COASTAL FARM,PRD:IND:IND-GEODIS WHSE IND US,PBC-1000,1-Oct-24,
MID STATES COASTAL FARM,PRD:IND:IND-GEODIS WHSE IND US,PBC-1000,1-Nov-24,
MID STATES COASTAL FARM,PRD:IND:IND-GEODIS WHSE IND US,PBC-1000,1-Dec-24,
MID STATES COASTAL FARM,PRD:IND:IND-GEODIS WHSE IND US,PBC-1000,1-Jan-25,
MID STATES COASTAL FARM,PRD:IND:IND-GEODIS WHSE IND US,PBC-1000,1-Feb-25,
MID STATES COASTAL FARM,PRD:IND:IND-GEODIS WHSE IND US,PBC-1000,1-Mar-25,
MID STATES COASTAL FARM,PRD:IND:IND-GEODIS WHSE IND US,PBC-1000,1-Apr-25,
MID STATES COASTAL FARM,PRD:IND:IND-GEODIS WHSE IND US,PBC-1000,1-May-25,
MID STATES COASTAL FARM,PRD:IND:IND-GEODIS WHSE IND US,PBC-1000,1-Jun-25,
MID STATES COASTAL FARM,PRD:IND:IND-GEODIS WHSE IND US,PBC-1000,1-Jul-25,
MID STATES COASTAL FARM,PRD:IND:IND-GEODIS WHSE IND US,PBC-1000,1-Aug-25,
MID STATES COASTAL FARM,PRD:IND:IND-GEODIS WHSE IND US,PBC-1000,1-Sep-25,
MID STATES COASTAL FARM,PRD:IND:IND-GEODIS WHSE IND US,PBC-1000,1-Oct-25,
MID STATES COASTAL FARM,PRD:IND:IND-GEODIS WHSE IND US,PBC-1000,1-Nov-25,
MID STATES COASTAL FARM,PRD:IND:IND-GEODIS WHSE IND US,PBC-1000,1-Dec-25,
MID STATES COASTAL FARM,PRD:IND:IND-GEODIS WHSE IND US,PBC-1000,1-Jan-26,
MID STATES COASTAL FARM,PRD:IND:IND-GEODIS WHSE IND US,PBC-1000,1-Feb-26,
MID STATES COASTAL FARM,PRD:IND:IND-GEODIS WHSE IND US,PBC-1000,1-Mar-26,
MID STATES COASTAL FARM,PRD:IND:IND-GEODIS WHSE IND US,PBC-1000,1-Apr-26,
MID STATES COUNTRY SUPPLIER LLC,PRD:IND:IND-GEODIS WHSE IND US,PAC00-14231,1-May-23,
MID STATES COUNTRY SUPPLIER LLC,PRD:IND:IND-GEODIS WHSE IND US,PAC00-14231,1-Jun-23,
MID STATES COUNTRY SUPPLIER LLC,PRD:IND:IND-GEODIS WHSE IND US,PAC00-14231,1-Jul-23,
MID STATES COUNTRY SUPPLIER LLC,PRD:IND:IND-GEODIS WHSE IND US,PAC00-14231,1-Aug-23,
MID STATES COUNTRY SUPPLIER LLC,PRD:IND:IND-GEODIS WHSE IND US,PAC00-14231,1-Sep-23,
MID STATES COUNTRY SUPPLIER LLC,PRD:IND:IND-GEODIS WHSE IND US,PAC00-14231,1-Oct-23,
MID STATES COUNTRY SUPPLIER LLC,PRD:IND:IND-GEODIS WHSE IND US,PAC00-14231,1-Nov-23,4
MID STATES COUNTRY SUPPLIER LLC,PRD:IND:IND-GEODIS WHSE IND US,PAC00-14231,1-Dec-23,7
MID STATES COUNTRY SUPPLIER LLC,PRD:IND:IND-GEODIS WHSE IND US,PAC00-14231,1-Jan-24,28
MID STATES COUNTRY SUPPLIER LLC,PRD:IND:IND-GEODIS WHSE IND US,PAC00-14231,1-Feb-24,7
MID STATES COUNTRY SUPPLIER LLC,PRD:IND:IND-GEODIS WHSE IND US,PAC00-14231,1-Mar-24,35
MID STATES COUNTRY SUPPLIER LLC,PRD:IND:IND-GEODIS WHSE IND US,PAC00-14231,1-Apr-24,12
MID STATES COUNTRY SUPPLIER LLC,PRD:IND:IND-GEODIS WHSE IND US,PAC00-14231,1-May-24,13
MID STATES COUNTRY SUPPLIER LLC,PRD:IND:IND-GEODIS WHSE IND US,PAC00-14231,1-Jun-24,7
MID STATES COUNTRY SUPPLIER LLC,PRD:IND:IND-GEODIS WHSE IND US,PAC00-14231,1-Jul-24,7
MID STATES COUNTRY SUPPLIER LLC,PRD:IND:IND-GEODIS WHSE IND US,PAC00-14231,1-Aug-24,4
MID STATES COUNTRY SUPPLIER LLC,PRD:IND:IND-GEODIS WHSE IND US,PAC00-14231,1-Sep-24,11
MID STATES COUNTRY SUPPLIER LLC,PRD:IND:IND-GEODIS WHSE IND US,PAC00-14231,1-Oct-24,5
MID STATES COUNTRY SUPPLIER LLC,PRD:IND:IND-GEODIS WHSE IND US,PAC00-14231,1-Nov-24,10
MID STATES COUNTRY SUPPLIER LLC,PRD:IND:IND-GEODIS WHSE IND US,PAC00-14231,1-Dec-24,7
MID STATES COUNTRY SUPPLIER LLC,PRD:IND:IND-GEODIS WHSE IND US,PAC00-14231,1-Jan-25,9
MID STATES COUNTRY SUPPLIER LLC,PRD:IND:IND-GEODIS WHSE IND US,PAC00-14231,1-Feb-25,8
MID STATES COUNTRY SUPPLIER LLC,PRD:IND:IND-GEODIS WHSE IND US,PAC00-14231,1-Mar-25,16
MID STATES COUNTRY SUPPLIER LLC,PRD:IND:IND-GEODIS WHSE IND US,PAC00-14231,1-Apr-25,9
MID STATES COUNTRY SUPPLIER LLC,PRD:IND:IND-GEODIS WHSE IND US,PAC00-14231,1-May-25,4
MID STATES COUNTRY SUPPLIER LLC,PRD:IND:IND-GEODIS WHSE IND US,PAC00-14231,1-Jun-25,4
MID STATES COUNTRY SUPPLIER LLC,PRD:IND:IND-GEODIS WHSE IND US,PAC00-14231,1-Jul-25,
MID STATES COUNTRY SUPPLIER LLC,PRD:IND:IND-GEODIS WHSE IND US,PAC00-14231,1-Aug-25,5
MID STATES COUNTRY SUPPLIER LLC,PRD:IND:IND-GEODIS WHSE IND US,PAC00-14231,1-Sep-25,5
MID STATES COUNTRY SUPPLIER LLC,PRD:IND:IND-GEODIS WHSE IND US,PAC00-14231,1-Oct-25,5
MID STATES COUNTRY SUPPLIER LLC,PRD:IND:IND-GEODIS WHSE IND US,PAC00-14231,1-Nov-25,8
MID STATES COUNTRY SUPPLIER LLC,PRD:IND:IND-GEODIS WHSE IND US,PAC00-14231,1-Dec-25,11
MID STATES COUNTRY SUPPLIER LLC,PRD:IND:IND-GEODIS WHSE IND US,PAC00-14231,1-Jan-26,6
MID STATES COUNTRY SUPPLIER LLC,PRD:IND:IND-GEODIS WHSE IND US,PAC00-14231,1-Feb-26,
MID STATES COUNTRY SUPPLIER LLC,PRD:IND:IND-GEODIS WHSE IND US,PAC00-14231,1-Mar-26,3
MID STATES COUNTRY SUPPLIER LLC,PRD:IND:IND-GEODIS WHSE IND US,PAC00-14231,1-Apr-26,19
MID STATES COUNTRY SUPPLIER LLC,PRD:IND:IND-GEODIS WHSE IND US,PBC-1000,1-May-23,
MID STATES COUNTRY SUPPLIER LLC,PRD:IND:IND-GEODIS WHSE IND US,PBC-1000,1-Jun-23,
MID STATES COUNTRY SUPPLIER LLC,PRD:IND:IND-GEODIS WHSE IND US,PBC-1000,1-Jul-23,
MID STATES COUNTRY SUPPLIER LLC,PRD:IND:IND-GEODIS WHSE IND US,PBC-1000,1-Aug-23,
MID STATES COUNTRY SUPPLIER LLC,PRD:IND:IND-GEODIS WHSE IND US,PBC-1000,1-Sep-23,
MID STATES COUNTRY SUPPLIER LLC,PRD:IND:IND-GEODIS WHSE IND US,PBC-1000,1-Oct-23,
MID STATES COUNTRY SUPPLIER LLC,PRD:IND:IND-GEODIS WHSE IND US,PBC-1000,1-Nov-23,
MID STATES COUNTRY SUPPLIER LLC,PRD:IND:IND-GEODIS WHSE IND US,PBC-1000,1-Dec-23,1
MID STATES COUNTRY SUPPLIER LLC,PRD:IND:IND-GEODIS WHSE IND US,PBC-1000,1-Jan-24,
MID STATES COUNTRY SUPPLIER LLC,PRD:IND:IND-GEODIS WHSE IND US,PBC-1000,1-Feb-24,1
MID STATES COUNTRY SUPPLIER LLC,PRD:IND:IND-GEODIS WHSE IND US,PBC-1000,1-Mar-24,1
MID STATES COUNTRY SUPPLIER LLC,PRD:IND:IND-GEODIS WHSE IND US,PBC-1000,1-Apr-24,3
MID STATES COUNTRY SUPPLIER LLC,PRD:IND:IND-GEODIS WHSE IND US,PBC-1000,1-May-24,
MID STATES COUNTRY SUPPLIER LLC,PRD:IND:IND-GEODIS WHSE IND US,PBC-1000,1-Jun-24,
MID STATES COUNTRY SUPPLIER LLC,PRD:IND:IND-GEODIS WHSE IND US,PBC-1000,1-Jul-24,
MID STATES COUNTRY SUPPLIER LLC,PRD:IND:IND-GEODIS WHSE IND US,PBC-1000,1-Aug-24,
MID STATES COUNTRY SUPPLIER LLC,PRD:IND:IND-GEODIS WHSE IND US,PBC-1000,1-Sep-24,
MID STATES COUNTRY SUPPLIER LLC,PRD:IND:IND-GEODIS WHSE IND US,PBC-1000,1-Oct-24,
MID STATES COUNTRY SUPPLIER LLC,PRD:IND:IND-GEODIS WHSE IND US,PBC-1000,1-Nov-24,
MID STATES COUNTRY SUPPLIER LLC,PRD:IND:IND-GEODIS WHSE IND US,PBC-1000,1-Dec-24,
MID STATES COUNTRY SUPPLIER LLC,PRD:IND:IND-GEODIS WHSE IND US,PBC-1000,1-Jan-25,
MID STATES COUNTRY SUPPLIER LLC,PRD:IND:IND-GEODIS WHSE IND US,PBC-1000,1-Feb-25,
MID STATES COUNTRY SUPPLIER LLC,PRD:IND:IND-GEODIS WHSE IND US,PBC-1000,1-Mar-25,
MID STATES COUNTRY SUPPLIER LLC,PRD:IND:IND-GEODIS WHSE IND US,PBC-1000,1-Apr-25,
MID STATES COUNTRY SUPPLIER LLC,PRD:IND:IND-GEODIS WHSE IND US,PBC-1000,1-May-25,
MID STATES COUNTRY SUPPLIER LLC,PRD:IND:IND-GEODIS WHSE IND US,PBC-1000,1-Jun-25,
MID STATES COUNTRY SUPPLIER LLC,PRD:IND:IND-GEODIS WHSE IND US,PBC-1000,1-Jul-25,
MID STATES COUNTRY SUPPLIER LLC,PRD:IND:IND-GEODIS WHSE IND US,PBC-1000,1-Aug-25,
MID STATES COUNTRY SUPPLIER LLC,PRD:IND:IND-GEODIS WHSE IND US,PBC-1000,1-Sep-25,
MID STATES COUNTRY SUPPLIER LLC,PRD:IND:IND-GEODIS WHSE IND US,PBC-1000,1-Oct-25,
MID STATES COUNTRY SUPPLIER LLC,PRD:IND:IND-GEODIS WHSE IND US,PBC-1000,1-Nov-25,
MID STATES COUNTRY SUPPLIER LLC,PRD:IND:IND-GEODIS WHSE IND US,PBC-1000,1-Dec-25,
MID STATES COUNTRY SUPPLIER LLC,PRD:IND:IND-GEODIS WHSE IND US,PBC-1000,1-Jan-26,
MID STATES COUNTRY SUPPLIER LLC,PRD:IND:IND-GEODIS WHSE IND US,PBC-1000,1-Feb-26,
MID STATES COUNTRY SUPPLIER LLC,PRD:IND:IND-GEODIS WHSE IND US,PBC-1000,1-Mar-26,
MID STATES COUNTRY SUPPLIER LLC,PRD:IND:IND-GEODIS WHSE IND US,PBC-1000,1-Apr-26,
MID STATES D & B SUPPLY,PRD:IND:IND-GEODIS WHSE IND US,PAC00-14231,1-May-23,17
MID STATES D & B SUPPLY,PRD:IND:IND-GEODIS WHSE IND US,PAC00-14231,1-Jun-23,7
MID STATES D & B SUPPLY,PRD:IND:IND-GEODIS WHSE IND US,PAC00-14231,1-Jul-23,6
MID STATES D & B SUPPLY,PRD:IND:IND-GEODIS WHSE IND US,PAC00-14231,1-Aug-23,3
MID STATES D & B SUPPLY,PRD:IND:IND-GEODIS WHSE IND US,PAC00-14231,1-Sep-23,7
MID STATES D & B SUPPLY,PRD:IND:IND-GEODIS WHSE IND US,PAC00-14231,1-Oct-23,28
MID STATES D & B SUPPLY,PRD:IND:IND-GEODIS WHSE IND US,PAC00-14231,1-Nov-23,16
MID STATES D & B SUPPLY,PRD:IND:IND-GEODIS WHSE IND US,PAC00-14231,1-Dec-23,14
MID STATES D & B SUPPLY,PRD:IND:IND-GEODIS WHSE IND US,PAC00-14231,1-Jan-24,
MID STATES D & B SUPPLY,PRD:IND:IND-GEODIS WHSE IND US,PAC00-14231,1-Feb-24,33
MID STATES D & B SUPPLY,PRD:IND:IND-GEODIS WHSE IND US,PAC00-14231,1-Mar-24,20
MID STATES D & B SUPPLY,PRD:IND:IND-GEODIS WHSE IND US,PAC00-14231,1-Apr-24,6
MID STATES D & B SUPPLY,PRD:IND:IND-GEODIS WHSE IND US,PAC00-14231,1-May-24,13
MID STATES D & B SUPPLY,PRD:IND:IND-GEODIS WHSE IND US,PAC00-14231,1-Jun-24,12
MID STATES D & B SUPPLY,PRD:IND:IND-GEODIS WHSE IND US,PAC00-14231,1-Jul-24,13
MID STATES D & B SUPPLY,PRD:IND:IND-GEODIS WHSE IND US,PAC00-14231,1-Aug-24,
MID STATES D & B SUPPLY,PRD:IND:IND-GEODIS WHSE IND US,PAC00-14231,1-Sep-24,32
MID STATES D & B SUPPLY,PRD:IND:IND-GEODIS WHSE IND US,PAC00-14231,1-Oct-24,18
MID STATES D & B SUPPLY,PRD:IND:IND-GEODIS WHSE IND US,PAC00-14231,1-Nov-24,10
MID STATES D & B SUPPLY,PRD:IND:IND-GEODIS WHSE IND US,PAC00-14231,1-Dec-24,9
MID STATES D & B SUPPLY,PRD:IND:IND-GEODIS WHSE IND US,PAC00-14231,1-Jan-25,23
MID STATES D & B SUPPLY,PRD:IND:IND-GEODIS WHSE IND US,PAC00-14231,1-Feb-25,8
MID STATES D & B SUPPLY,PRD:IND:IND-GEODIS WHSE IND US,PAC00-14231,1-Mar-25,17
MID STATES D & B SUPPLY,PRD:IND:IND-GEODIS WHSE IND US,PAC00-14231,1-Apr-25,8
MID STATES D & B SUPPLY,PRD:IND:IND-GEODIS WHSE IND US,PAC00-14231,1-May-25,7
MID STATES D & B SUPPLY,PRD:IND:IND-GEODIS WHSE IND US,PAC00-14231,1-Jun-25,6
MID STATES D & B SUPPLY,PRD:IND:IND-GEODIS WHSE IND US,PAC00-14231,1-Jul-25,13
MID STATES D & B SUPPLY,PRD:IND:IND-GEODIS WHSE IND US,PAC00-14231,1-Aug-25,
MID STATES D & B SUPPLY,PRD:IND:IND-GEODIS WHSE IND US,PAC00-14231,1-Sep-25,18
MID STATES D & B SUPPLY,PRD:IND:IND-GEODIS WHSE IND US,PAC00-14231,1-Oct-25,6
MID STATES D & B SUPPLY,PRD:IND:IND-GEODIS WHSE IND US,PAC00-14231,1-Nov-25,26
MID STATES D & B SUPPLY,PRD:IND:IND-GEODIS WHSE IND US,PAC00-14231,1-Dec-25,3
MID STATES D & B SUPPLY,PRD:IND:IND-GEODIS WHSE IND US,PAC00-14231,1-Jan-26,8
MID STATES D & B SUPPLY,PRD:IND:IND-GEODIS WHSE IND US,PAC00-14231,1-Feb-26,17
MID STATES D & B SUPPLY,PRD:IND:IND-GEODIS WHSE IND US,PAC00-14231,1-Mar-26,5
MID STATES D & B SUPPLY,PRD:IND:IND-GEODIS WHSE IND US,PAC00-14231,1-Apr-26,8
MID STATES D & B SUPPLY,PRD:IND:IND-GEODIS WHSE IND US,PBC-1000,1-May-23,
MID STATES D & B SUPPLY,PRD:IND:IND-GEODIS WHSE IND US,PBC-1000,1-Jun-23,
MID STATES D & B SUPPLY,PRD:IND:IND-GEODIS WHSE IND US,PBC-1000,1-Jul-23,6
MID STATES D & B SUPPLY,PRD:IND:IND-GEODIS WHSE IND US,PBC-1000,1-Aug-23,
MID STATES D & B SUPPLY,PRD:IND:IND-GEODIS WHSE IND US,PBC-1000,1-Sep-23,
MID STATES D & B SUPPLY,PRD:IND:IND-GEODIS WHSE IND US,PBC-1000,1-Oct-23,6
MID STATES D & B SUPPLY,PRD:IND:IND-GEODIS WHSE IND US,PBC-1000,1-Nov-23,
MID STATES D & B SUPPLY,PRD:IND:IND-GEODIS WHSE IND US,PBC-1000,1-Dec-23,
MID STATES D & B SUPPLY,PRD:IND:IND-GEODIS WHSE IND US,PBC-1000,1-Jan-24,
MID STATES D & B SUPPLY,PRD:IND:IND-GEODIS WHSE IND US,PBC-1000,1-Feb-24,6
MID STATES D & B SUPPLY,PRD:IND:IND-GEODIS WHSE IND US,PBC-1000,1-Mar-24,6
MID STATES D & B SUPPLY,PRD:IND:IND-GEODIS WHSE IND US,PBC-1000,1-Apr-24,6
MID STATES D & B SUPPLY,PRD:IND:IND-GEODIS WHSE IND US,PBC-1000,1-May-24,
MID STATES D & B SUPPLY,PRD:IND:IND-GEODIS WHSE IND US,PBC-1000,1-Jun-24,
MID STATES D & B SUPPLY,PRD:IND:IND-GEODIS WHSE IND US,PBC-1000,1-Jul-24,6
MID STATES D & B SUPPLY,PRD:IND:IND-GEODIS WHSE IND US,PBC-1000,1-Aug-24,
MID STATES D & B SUPPLY,PRD:IND:IND-GEODIS WHSE IND US,PBC-1000,1-Sep-24,
MID STATES D & B SUPPLY,PRD:IND:IND-GEODIS WHSE IND US,PBC-1000,1-Oct-24,
MID STATES D & B SUPPLY,PRD:IND:IND-GEODIS WHSE IND US,PBC-1000,1-Nov-24,
MID STATES D & B SUPPLY,PRD:IND:IND-GEODIS WHSE IND US,PBC-1000,1-Dec-24,
MID STATES D & B SUPPLY,PRD:IND:IND-GEODIS WHSE IND US,PBC-1000,1-Jan-25,
MID STATES D & B SUPPLY,PRD:IND:IND-GEODIS WHSE IND US,PBC-1000,1-Feb-25,
MID STATES D & B SUPPLY,PRD:IND:IND-GEODIS WHSE IND US,PBC-1000,1-Mar-25,6
MID STATES D & B SUPPLY,PRD:IND:IND-GEODIS WHSE IND US,PBC-1000,1-Apr-25,
MID STATES D & B SUPPLY,PRD:IND:IND-GEODIS WHSE IND US,PBC-1000,1-May-25,6
MID STATES D & B SUPPLY,PRD:IND:IND-GEODIS WHSE IND US,PBC-1000,1-Jun-25,
MID STATES D & B SUPPLY,PRD:IND:IND-GEODIS WHSE IND US,PBC-1000,1-Jul-25,
MID STATES D & B SUPPLY,PRD:IND:IND-GEODIS WHSE IND US,PBC-1000,1-Aug-25,
MID STATES D & B SUPPLY,PRD:IND:IND-GEODIS WHSE IND US,PBC-1000,1-Sep-25,
MID STATES D & B SUPPLY,PRD:IND:IND-GEODIS WHSE IND US,PBC-1000,1-Oct-25,
MID STATES D & B SUPPLY,PRD:IND:IND-GEODIS WHSE IND US,PBC-1000,1-Nov-25,
MID STATES D & B SUPPLY,PRD:IND:IND-GEODIS WHSE IND US,PBC-1000,1-Dec-25,
MID STATES D & B SUPPLY,PRD:IND:IND-GEODIS WHSE IND US,PBC-1000,1-Jan-26,
MID STATES D & B SUPPLY,PRD:IND:IND-GEODIS WHSE IND US,PBC-1000,1-Feb-26,
MID STATES D & B SUPPLY,PRD:IND:IND-GEODIS WHSE IND US,PBC-1000,1-Mar-26,
MID STATES D & B SUPPLY,PRD:IND:IND-GEODIS WHSE IND US,PBC-1000,1-Apr-26,
MID STATES FAMILY CENTER FARM & HOME,PRD:IND:IND-GEODIS WHSE IND US,PAC00-14231,1-May-23,
MID STATES FAMILY CENTER FARM & HOME,PRD:IND:IND-GEODIS WHSE IND US,PAC00-14231,1-Jun-23,
MID STATES FAMILY CENTER FARM & HOME,PRD:IND:IND-GEODIS WHSE IND US,PAC00-14231,1-Jul-23,
MID STATES FAMILY CENTER FARM & HOME,PRD:IND:IND-GEODIS WHSE IND US,PAC00-14231,1-Aug-23,
MID STATES FAMILY CENTER FARM & HOME,PRD:IND:IND-GEODIS WHSE IND US,PAC00-14231,1-Sep-23,
MID STATES FAMILY CENTER FARM & HOME,PRD:IND:IND-GEODIS WHSE IND US,PAC00-14231,1-Oct-23,
MID STATES FAMILY CENTER FARM & HOME,PRD:IND:IND-GEODIS WHSE IND US,PAC00-14231,1-Nov-23,
MID STATES FAMILY CENTER FARM & HOME,PRD:IND:IND-GEODIS WHSE IND US,PAC00-14231,1-Dec-23,
MID STATES FAMILY CENTER FARM & HOME,PRD:IND:IND-GEODIS WHSE IND US,PAC00-14231,1-Jan-24,
MID STATES FAMILY CENTER FARM & HOME,PRD:IND:IND-GEODIS WHSE IND US,PAC00-14231,1-Feb-24,
MID STATES FAMILY CENTER FARM & HOME,PRD:IND:IND-GEODIS WHSE IND US,PAC00-14231,1-Mar-24,
MID STATES FAMILY CENTER FARM & HOME,PRD:IND:IND-GEODIS WHSE IND US,PAC00-14231,1-Apr-24,
MID STATES FAMILY CENTER FARM & HOME,PRD:IND:IND-GEODIS WHSE IND US,PAC00-14231,1-May-24,9
MID STATES FAMILY CENTER FARM & HOME,PRD:IND:IND-GEODIS WHSE IND US,PAC00-14231,1-Jun-24,
MID STATES FAMILY CENTER FARM & HOME,PRD:IND:IND-GEODIS WHSE IND US,PAC00-14231,1-Jul-24,12
MID STATES FAMILY CENTER FARM & HOME,PRD:IND:IND-GEODIS WHSE IND US,PAC00-14231,1-Aug-24,
MID STATES FAMILY CENTER FARM & HOME,PRD:IND:IND-GEODIS WHSE IND US,PAC00-14231,1-Sep-24,
MID STATES FAMILY CENTER FARM & HOME,PRD:IND:IND-GEODIS WHSE IND US,PAC00-14231,1-Oct-24,
MID STATES FAMILY CENTER FARM & HOME,PRD:IND:IND-GEODIS WHSE IND US,PAC00-14231,1-Nov-24,4
MID STATES FAMILY CENTER FARM & HOME,PRD:IND:IND-GEODIS WHSE IND US,PAC00-14231,1-Dec-24,
MID STATES FAMILY CENTER FARM & HOME,PRD:IND:IND-GEODIS WHSE IND US,PAC00-14231,1-Jan-25,
MID STATES FAMILY CENTER FARM & HOME,PRD:IND:IND-GEODIS WHSE IND US,PAC00-14231,1-Feb-25,
MID STATES FAMILY CENTER FARM & HOME,PRD:IND:IND-GEODIS WHSE IND US,PAC00-14231,1-Mar-25,42
MID STATES FAMILY CENTER FARM & HOME,PRD:IND:IND-GEODIS WHSE IND US,PAC00-14231,1-Apr-25,
MID STATES FAMILY CENTER FARM & HOME,PRD:IND:IND-GEODIS WHSE IND US,PAC00-14231,1-May-25,
MID STATES FAMILY CENTER FARM & HOME,PRD:IND:IND-GEODIS WHSE IND US,PAC00-14231,1-Jun-25,10
MID STATES FAMILY CENTER FARM & HOME,PRD:IND:IND-GEODIS WHSE IND US,PAC00-14231,1-Jul-25,
MID STATES FAMILY CENTER FARM & HOME,PRD:IND:IND-GEODIS WHSE IND US,PAC00-14231,1-Aug-25,
MID STATES FAMILY CENTER FARM & HOME,PRD:IND:IND-GEODIS WHSE IND US,PAC00-14231,1-Sep-25,45
MID STATES FAMILY CENTER FARM & HOME,PRD:IND:IND-GEODIS WHSE IND US,PAC00-14231,1-Oct-25,
MID STATES FAMILY CENTER FARM & HOME,PRD:IND:IND-GEODIS WHSE IND US,PAC00-14231,1-Nov-25,
MID STATES FAMILY CENTER FARM & HOME,PRD:IND:IND-GEODIS WHSE IND US,PAC00-14231,1-Dec-25,
MID STATES FAMILY CENTER FARM & HOME,PRD:IND:IND-GEODIS WHSE IND US,PAC00-14231,1-Jan-26,
MID STATES FAMILY CENTER FARM & HOME,PRD:IND:IND-GEODIS WHSE IND US,PAC00-14231,1-Feb-26,
MID STATES FAMILY CENTER FARM & HOME,PRD:IND:IND-GEODIS WHSE IND US,PAC00-14231,1-Mar-26,8
MID STATES FAMILY CENTER FARM & HOME,PRD:IND:IND-GEODIS WHSE IND US,PAC00-14231,1-Apr-26,3
MID STATES FAMILY CENTER FARM & HOME,PRD:IND:IND-GEODIS WHSE IND US,PBC-1000,1-May-23,
MID STATES FAMILY CENTER FARM & HOME,PRD:IND:IND-GEODIS WHSE IND US,PBC-1000,1-Jun-23,
MID STATES FAMILY CENTER FARM & HOME,PRD:IND:IND-GEODIS WHSE IND US,PBC-1000,1-Jul-23,
MID STATES FAMILY CENTER FARM & HOME,PRD:IND:IND-GEODIS WHSE IND US,PBC-1000,1-Aug-23,
MID STATES FAMILY CENTER FARM & HOME,PRD:IND:IND-GEODIS WHSE IND US,PBC-1000,1-Sep-23,
MID STATES FAMILY CENTER FARM & HOME,PRD:IND:IND-GEODIS WHSE IND US,PBC-1000,1-Oct-23,
MID STATES FAMILY CENTER FARM & HOME,PRD:IND:IND-GEODIS WHSE IND US,PBC-1000,1-Nov-23,
MID STATES FAMILY CENTER FARM & HOME,PRD:IND:IND-GEODIS WHSE IND US,PBC-1000,1-Dec-23,
MID STATES FAMILY CENTER FARM & HOME,PRD:IND:IND-GEODIS WHSE IND US,PBC-1000,1-Jan-24,
MID STATES FAMILY CENTER FARM & HOME,PRD:IND:IND-GEODIS WHSE IND US,PBC-1000,1-Feb-24,
MID STATES FAMILY CENTER FARM & HOME,PRD:IND:IND-GEODIS WHSE IND US,PBC-1000,1-Mar-24,
MID STATES FAMILY CENTER FARM & HOME,PRD:IND:IND-GEODIS WHSE IND US,PBC-1000,1-Apr-24,
MID STATES FAMILY CENTER FARM & HOME,PRD:IND:IND-GEODIS WHSE IND US,PBC-1000,1-May-24,
MID STATES FAMILY CENTER FARM & HOME,PRD:IND:IND-GEODIS WHSE IND US,PBC-1000,1-Jun-24,
MID STATES FAMILY CENTER FARM & HOME,PRD:IND:IND-GEODIS WHSE IND US,PBC-1000,1-Jul-24,
MID STATES FAMILY CENTER FARM & HOME,PRD:IND:IND-GEODIS WHSE IND US,PBC-1000,1-Aug-24,
MID STATES FAMILY CENTER FARM & HOME,PRD:IND:IND-GEODIS WHSE IND US,PBC-1000,1-Sep-24,
MID STATES FAMILY CENTER FARM & HOME,PRD:IND:IND-GEODIS WHSE IND US,PBC-1000,1-Oct-24,
MID STATES FAMILY CENTER FARM & HOME,PRD:IND:IND-GEODIS WHSE IND US,PBC-1000,1-Nov-24,
MID STATES FAMILY CENTER FARM & HOME,PRD:IND:IND-GEODIS WHSE IND US,PBC-1000,1-Dec-24,
MID STATES FAMILY CENTER FARM & HOME,PRD:IND:IND-GEODIS WHSE IND US,PBC-1000,1-Jan-25,
MID STATES FAMILY CENTER FARM & HOME,PRD:IND:IND-GEODIS WHSE IND US,PBC-1000,1-Feb-25,
MID STATES FAMILY CENTER FARM & HOME,PRD:IND:IND-GEODIS WHSE IND US,PBC-1000,1-Mar-25,
MID STATES FAMILY CENTER FARM & HOME,PRD:IND:IND-GEODIS WHSE IND US,PBC-1000,1-Apr-25,
MID STATES FAMILY CENTER FARM & HOME,PRD:IND:IND-GEODIS WHSE IND US,PBC-1000,1-May-25,
MID STATES FAMILY CENTER FARM & HOME,PRD:IND:IND-GEODIS WHSE IND US,PBC-1000,1-Jun-25,
MID STATES FAMILY CENTER FARM & HOME,PRD:IND:IND-GEODIS WHSE IND US,PBC-1000,1-Jul-25,
MID STATES FAMILY CENTER FARM & HOME,PRD:IND:IND-GEODIS WHSE IND US,PBC-1000,1-Aug-25,
MID STATES FAMILY CENTER FARM & HOME,PRD:IND:IND-GEODIS WHSE IND US,PBC-1000,1-Sep-25,
MID STATES FAMILY CENTER FARM & HOME,PRD:IND:IND-GEODIS WHSE IND US,PBC-1000,1-Oct-25,
MID STATES FAMILY CENTER FARM & HOME,PRD:IND:IND-GEODIS WHSE IND US,PBC-1000,1-Nov-25,
MID STATES FAMILY CENTER FARM & HOME,PRD:IND:IND-GEODIS WHSE IND US,PBC-1000,1-Dec-25,
MID STATES FAMILY CENTER FARM & HOME,PRD:IND:IND-GEODIS WHSE IND US,PBC-1000,1-Jan-26,
MID STATES FAMILY CENTER FARM & HOME,PRD:IND:IND-GEODIS WHSE IND US,PBC-1000,1-Feb-26,
MID STATES FAMILY CENTER FARM & HOME,PRD:IND:IND-GEODIS WHSE IND US,PBC-1000,1-Mar-26,6
MID STATES FAMILY CENTER FARM & HOME,PRD:IND:IND-GEODIS WHSE IND US,PBC-1000,1-Apr-26,
MID STATES MURDOCH'S RANCH & HOME,PRD:IND:IND-GEODIS WHSE IND US,PAC00-14231,1-May-23,
MID STATES MURDOCH'S RANCH & HOME,PRD:IND:IND-GEODIS WHSE IND US,PAC00-14231,1-Jun-23,
MID STATES MURDOCH'S RANCH & HOME,PRD:IND:IND-GEODIS WHSE IND US,PAC00-14231,1-Jul-23,
MID STATES MURDOCH'S RANCH & HOME,PRD:IND:IND-GEODIS WHSE IND US,PAC00-14231,1-Aug-23,
MID STATES MURDOCH'S RANCH & HOME,PRD:IND:IND-GEODIS WHSE IND US,PAC00-14231,1-Sep-23,
MID STATES MURDOCH'S RANCH & HOME,PRD:IND:IND-GEODIS WHSE IND US,PAC00-14231,1-Oct-23,
MID STATES MURDOCH'S RANCH & HOME,PRD:IND:IND-GEODIS WHSE IND US,PAC00-14231,1-Nov-23,
MID STATES MURDOCH'S RANCH & HOME,PRD:IND:IND-GEODIS WHSE IND US,PAC00-14231,1-Dec-23,
MID STATES MURDOCH'S RANCH & HOME,PRD:IND:IND-GEODIS WHSE IND US,PAC00-14231,1-Jan-24,
MID STATES MURDOCH'S RANCH & HOME,PRD:IND:IND-GEODIS WHSE IND US,PAC00-14231,1-Feb-24,
MID STATES MURDOCH'S RANCH & HOME,PRD:IND:IND-GEODIS WHSE IND US,PAC00-14231,1-Mar-24,
MID STATES MURDOCH'S RANCH & HOME,PRD:IND:IND-GEODIS WHSE IND US,PAC00-14231,1-Apr-24,
MID STATES MURDOCH'S RANCH & HOME,PRD:IND:IND-GEODIS WHSE IND US,PAC00-14231,1-May-24,
MID STATES MURDOCH'S RANCH & HOME,PRD:IND:IND-GEODIS WHSE IND US,PAC00-14231,1-Jun-24,
MID STATES MURDOCH'S RANCH & HOME,PRD:IND:IND-GEODIS WHSE IND US,PAC00-14231,1-Jul-24,
MID STATES MURDOCH'S RANCH & HOME,PRD:IND:IND-GEODIS WHSE IND US,PAC00-14231,1-Aug-24,
MID STATES MURDOCH'S RANCH & HOME,PRD:IND:IND-GEODIS WHSE IND US,PAC00-14231,1-Sep-24,
MID STATES MURDOCH'S RANCH & HOME,PRD:IND:IND-GEODIS WHSE IND US,PAC00-14231,1-Oct-24,43
MID STATES MURDOCH'S RANCH & HOME,PRD:IND:IND-GEODIS WHSE IND US,PAC00-14231,1-Nov-24,
MID STATES MURDOCH'S RANCH & HOME,PRD:IND:IND-GEODIS WHSE IND US,PAC00-14231,1-Dec-24,
MID STATES MURDOCH'S RANCH & HOME,PRD:IND:IND-GEODIS WHSE IND US,PAC00-14231,1-Jan-25,
MID STATES MURDOCH'S RANCH & HOME,PRD:IND:IND-GEODIS WHSE IND US,PAC00-14231,1-Feb-25,1
MID STATES MURDOCH'S RANCH & HOME,PRD:IND:IND-GEODIS WHSE IND US,PAC00-14231,1-Mar-25,3
MID STATES MURDOCH'S RANCH & HOME,PRD:IND:IND-GEODIS WHSE IND US,PAC00-14231,1-Apr-25,5
MID STATES MURDOCH'S RANCH & HOME,PRD:IND:IND-GEODIS WHSE IND US,PAC00-14231,1-May-25,7
MID STATES MURDOCH'S RANCH & HOME,PRD:IND:IND-GEODIS WHSE IND US,PAC00-14231,1-Jun-25,2
MID STATES MURDOCH'S RANCH & HOME,PRD:IND:IND-GEODIS WHSE IND US,PAC00-14231,1-Jul-25,6
MID STATES MURDOCH'S RANCH & HOME,PRD:IND:IND-GEODIS WHSE IND US,PAC00-14231,1-Aug-25,6
MID STATES MURDOCH'S RANCH & HOME,PRD:IND:IND-GEODIS WHSE IND US,PAC00-14231,1-Sep-25,3
MID STATES MURDOCH'S RANCH & HOME,PRD:IND:IND-GEODIS WHSE IND US,PAC00-14231,1-Oct-25,3
MID STATES MURDOCH'S RANCH & HOME,PRD:IND:IND-GEODIS WHSE IND US,PAC00-14231,1-Nov-25,3
MID STATES MURDOCH'S RANCH & HOME,PRD:IND:IND-GEODIS WHSE IND US,PAC00-14231,1-Dec-25,8
MID STATES MURDOCH'S RANCH & HOME,PRD:IND:IND-GEODIS WHSE IND US,PAC00-14231,1-Jan-26,9
MID STATES MURDOCH'S RANCH & HOME,PRD:IND:IND-GEODIS WHSE IND US,PAC00-14231,1-Feb-26,
MID STATES MURDOCH'S RANCH & HOME,PRD:IND:IND-GEODIS WHSE IND US,PAC00-14231,1-Mar-26,
MID STATES MURDOCH'S RANCH & HOME,PRD:IND:IND-GEODIS WHSE IND US,PAC00-14231,1-Apr-26,
MID STATES NORBY'S,PRD:IND:IND-GEODIS WHSE IND US,PBC-1000,1-May-23,
MID STATES NORBY'S,PRD:IND:IND-GEODIS WHSE IND US,PBC-1000,1-Jun-23,6
MID STATES NORBY'S,PRD:IND:IND-GEODIS WHSE IND US,PBC-1000,1-Jul-23,6
MID STATES NORBY'S,PRD:IND:IND-GEODIS WHSE IND US,PBC-1000,1-Aug-23,6
MID STATES NORBY'S,PRD:IND:IND-GEODIS WHSE IND US,PBC-1000,1-Sep-23,
MID STATES NORBY'S,PRD:IND:IND-GEODIS WHSE IND US,PBC-1000,1-Oct-23,
MID STATES NORBY'S,PRD:IND:IND-GEODIS WHSE IND US,PBC-1000,1-Nov-23,
MID STATES NORBY'S,PRD:IND:IND-GEODIS WHSE IND US,PBC-1000,1-Dec-23,
MID STATES NORBY'S,PRD:IND:IND-GEODIS WHSE IND US,PBC-1000,1-Jan-24,6
MID STATES NORBY'S,PRD:IND:IND-GEODIS WHSE IND US,PBC-1000,1-Feb-24,6
MID STATES NORBY'S,PRD:IND:IND-GEODIS WHSE IND US,PBC-1000,1-Mar-24,
MID STATES NORBY'S,PRD:IND:IND-GEODIS WHSE IND US,PBC-1000,1-Apr-24,
MID STATES NORBY'S,PRD:IND:IND-GEODIS WHSE IND US,PBC-1000,1-May-24,12
MID STATES NORBY'S,PRD:IND:IND-GEODIS WHSE IND US,PBC-1000,1-Jun-24,
MID STATES NORBY'S,PRD:IND:IND-GEODIS WHSE IND US,PBC-1000,1-Jul-24,
MID STATES NORBY'S,PRD:IND:IND-GEODIS WHSE IND US,PBC-1000,1-Aug-24,
MID STATES NORBY'S,PRD:IND:IND-GEODIS WHSE IND US,PBC-1000,1-Sep-24,6
MID STATES NORBY'S,PRD:IND:IND-GEODIS WHSE IND US,PBC-1000,1-Oct-24,
MID STATES NORBY'S,PRD:IND:IND-GEODIS WHSE IND US,PBC-1000,1-Nov-24,6
MID STATES NORBY'S,PRD:IND:IND-GEODIS WHSE IND US,PBC-1000,1-Dec-24,
MID STATES NORBY'S,PRD:IND:IND-GEODIS WHSE IND US,PBC-1000,1-Jan-25,
MID STATES NORBY'S,PRD:IND:IND-GEODIS WHSE IND US,PBC-1000,1-Feb-25,
MID STATES NORBY'S,PRD:IND:IND-GEODIS WHSE IND US,PBC-1000,1-Mar-25,
MID STATES NORBY'S,PRD:IND:IND-GEODIS WHSE IND US,PBC-1000,1-Apr-25,
MID STATES NORBY'S,PRD:IND:IND-GEODIS WHSE IND US,PBC-1000,1-May-25,2
MID STATES NORBY'S,PRD:IND:IND-GEODIS WHSE IND US,PBC-1000,1-Jun-25,6
MID STATES NORBY'S,PRD:IND:IND-GEODIS WHSE IND US,PBC-1000,1-Jul-25,3
MID STATES NORBY'S,PRD:IND:IND-GEODIS WHSE IND US,PBC-1000,1-Aug-25,
MID STATES NORBY'S,PRD:IND:IND-GEODIS WHSE IND US,PBC-1000,1-Sep-25,
MID STATES NORBY'S,PRD:IND:IND-GEODIS WHSE IND US,PBC-1000,1-Oct-25,6
MID STATES NORBY'S,PRD:IND:IND-GEODIS WHSE IND US,PBC-1000,1-Nov-25,
MID STATES NORBY'S,PRD:IND:IND-GEODIS WHSE IND US,PBC-1000,1-Dec-25,
MID STATES NORBY'S,PRD:IND:IND-GEODIS WHSE IND US,PBC-1000,1-Jan-26,
MID STATES NORBY'S,PRD:IND:IND-GEODIS WHSE IND US,PBC-1000,1-Feb-26,
MID STATES NORBY'S,PRD:IND:IND-GEODIS WHSE IND US,PBC-1000,1-Mar-26,
MID STATES NORBY'S,PRD:IND:IND-GEODIS WHSE IND US,PBC-1000,1-Apr-26,
MID STATES NORTH 40 OUTFITTERS,PRD:IND:IND-GEODIS WHSE IND US,PAC00-14231,1-May-23,35
MID STATES NORTH 40 OUTFITTERS,PRD:IND:IND-GEODIS WHSE IND US,PAC00-14231,1-Jun-23,30
MID STATES NORTH 40 OUTFITTERS,PRD:IND:IND-GEODIS WHSE IND US,PAC00-14231,1-Jul-23,52
MID STATES NORTH 40 OUTFITTERS,PRD:IND:IND-GEODIS WHSE IND US,PAC00-14231,1-Aug-23,33
MID STATES NORTH 40 OUTFITTERS,PRD:IND:IND-GEODIS WHSE IND US,PAC00-14231,1-Sep-23,27
MID STATES NORTH 40 OUTFITTERS,PRD:IND:IND-GEODIS WHSE IND US,PAC00-14231,1-Oct-23,22
MID STATES NORTH 40 OUTFITTERS,PRD:IND:IND-GEODIS WHSE IND US,PAC00-14231,1-Nov-23,60
MID STATES NORTH 40 OUTFITTERS,PRD:IND:IND-GEODIS WHSE IND US,PAC00-14231,1-Dec-23,24
MID STATES NORTH 40 OUTFITTERS,PRD:IND:IND-GEODIS WHSE IND US,PAC00-14231,1-Jan-24,42
MID STATES NORTH 40 OUTFITTERS,PRD:IND:IND-GEODIS WHSE IND US,PAC00-14231,1-Feb-24,51
MID STATES NORTH 40 OUTFITTERS,PRD:IND:IND-GEODIS WHSE IND US,PAC00-14231,1-Mar-24,15
MID STATES NORTH 40 OUTFITTERS,PRD:IND:IND-GEODIS WHSE IND US,PAC00-14231,1-Apr-24,32
MID STATES NORTH 40 OUTFITTERS,PRD:IND:IND-GEODIS WHSE IND US,PAC00-14231,1-May-24,32
MID STATES NORTH 40 OUTFITTERS,PRD:IND:IND-GEODIS WHSE IND US,PAC00-14231,1-Jun-24,44
MID STATES NORTH 40 OUTFITTERS,PRD:IND:IND-GEODIS WHSE IND US,PAC00-14231,1-Jul-24,44
MID STATES NORTH 40 OUTFITTERS,PRD:IND:IND-GEODIS WHSE IND US,PAC00-14231,1-Aug-24,38
MID STATES NORTH 40 OUTFITTERS,PRD:IND:IND-GEODIS WHSE IND US,PAC00-14231,1-Sep-24,13
MID STATES NORTH 40 OUTFITTERS,PRD:IND:IND-GEODIS WHSE IND US,PAC00-14231,1-Oct-24,115
MID STATES NORTH 40 OUTFITTERS,PRD:IND:IND-GEODIS WHSE IND US,PAC00-14231,1-Nov-24,10
MID STATES NORTH 40 OUTFITTERS,PRD:IND:IND-GEODIS WHSE IND US,PAC00-14231,1-Dec-24,29
MID STATES NORTH 40 OUTFITTERS,PRD:IND:IND-GEODIS WHSE IND US,PAC00-14231,1-Jan-25,43
MID STATES NORTH 40 OUTFITTERS,PRD:IND:IND-GEODIS WHSE IND US,PAC00-14231,1-Feb-25,11
MID STATES NORTH 40 OUTFITTERS,PRD:IND:IND-GEODIS WHSE IND US,PAC00-14231,1-Mar-25,55
MID STATES NORTH 40 OUTFITTERS,PRD:IND:IND-GEODIS WHSE IND US,PAC00-14231,1-Apr-25,27
MID STATES NORTH 40 OUTFITTERS,PRD:IND:IND-GEODIS WHSE IND US,PAC00-14231,1-May-25,34
MID STATES NORTH 40 OUTFITTERS,PRD:IND:IND-GEODIS WHSE IND US,PAC00-14231,1-Jun-25,36
MID STATES NORTH 40 OUTFITTERS,PRD:IND:IND-GEODIS WHSE IND US,PAC00-14231,1-Jul-25,54
MID STATES NORTH 40 OUTFITTERS,PRD:IND:IND-GEODIS WHSE IND US,PAC00-14231,1-Aug-25,36
MID STATES NORTH 40 OUTFITTERS,PRD:IND:IND-GEODIS WHSE IND US,PAC00-14231,1-Sep-25,39
MID STATES NORTH 40 OUTFITTERS,PRD:IND:IND-GEODIS WHSE IND US,PAC00-14231,1-Oct-25,52
MID STATES NORTH 40 OUTFITTERS,PRD:IND:IND-GEODIS WHSE IND US,PAC00-14231,1-Nov-25,21
MID STATES NORTH 40 OUTFITTERS,PRD:IND:IND-GEODIS WHSE IND US,PAC00-14231,1-Dec-25,64
MID STATES NORTH 40 OUTFITTERS,PRD:IND:IND-GEODIS WHSE IND US,PAC00-14231,1-Jan-26,47
MID STATES NORTH 40 OUTFITTERS,PRD:IND:IND-GEODIS WHSE IND US,PAC00-14231,1-Feb-26,159
MID STATES NORTH 40 OUTFITTERS,PRD:IND:IND-GEODIS WHSE IND US,PAC00-14231,1-Mar-26,6
MID STATES NORTH 40 OUTFITTERS,PRD:IND:IND-GEODIS WHSE IND US,PAC00-14231,1-Apr-26,36
MID STATES NORTH 40 OUTFITTERS,PRD:IND:IND-GEODIS WHSE IND US,PBC-1000,1-May-23,18
MID STATES NORTH 40 OUTFITTERS,PRD:IND:IND-GEODIS WHSE IND US,PBC-1000,1-Jun-23,
MID STATES NORTH 40 OUTFITTERS,PRD:IND:IND-GEODIS WHSE IND US,PBC-1000,1-Jul-23,36
MID STATES NORTH 40 OUTFITTERS,PRD:IND:IND-GEODIS WHSE IND US,PBC-1000,1-Aug-23,6
MID STATES NORTH 40 OUTFITTERS,PRD:IND:IND-GEODIS WHSE IND US,PBC-1000,1-Sep-23,
MID STATES NORTH 40 OUTFITTERS,PRD:IND:IND-GEODIS WHSE IND US,PBC-1000,1-Oct-23,18
MID STATES NORTH 40 OUTFITTERS,PRD:IND:IND-GEODIS WHSE IND US,PBC-1000,1-Nov-23,48
MID STATES NORTH 40 OUTFITTERS,PRD:IND:IND-GEODIS WHSE IND US,PBC-1000,1-Dec-23,
MID STATES NORTH 40 OUTFITTERS,PRD:IND:IND-GEODIS WHSE IND US,PBC-1000,1-Jan-24,18
MID STATES NORTH 40 OUTFITTERS,PRD:IND:IND-GEODIS WHSE IND US,PBC-1000,1-Feb-24,6
MID STATES NORTH 40 OUTFITTERS,PRD:IND:IND-GEODIS WHSE IND US,PBC-1000,1-Mar-24,18
MID STATES NORTH 40 OUTFITTERS,PRD:IND:IND-GEODIS WHSE IND US,PBC-1000,1-Apr-24,
MID STATES NORTH 40 OUTFITTERS,PRD:IND:IND-GEODIS WHSE IND US,PBC-1000,1-May-24,12
MID STATES NORTH 40 OUTFITTERS,PRD:IND:IND-GEODIS WHSE IND US,PBC-1000,1-Jun-24,12
MID STATES NORTH 40 OUTFITTERS,PRD:IND:IND-GEODIS WHSE IND US,PBC-1000,1-Jul-24,6
MID STATES NORTH 40 OUTFITTERS,PRD:IND:IND-GEODIS WHSE IND US,PBC-1000,1-Aug-24,18
MID STATES NORTH 40 OUTFITTERS,PRD:IND:IND-GEODIS WHSE IND US,PBC-1000,1-Sep-24,
MID STATES NORTH 40 OUTFITTERS,PRD:IND:IND-GEODIS WHSE IND US,PBC-1000,1-Oct-24,36
MID STATES NORTH 40 OUTFITTERS,PRD:IND:IND-GEODIS WHSE IND US,PBC-1000,1-Nov-24,6
MID STATES NORTH 40 OUTFITTERS,PRD:IND:IND-GEODIS WHSE IND US,PBC-1000,1-Dec-24,18
MID STATES NORTH 40 OUTFITTERS,PRD:IND:IND-GEODIS WHSE IND US,PBC-1000,1-Jan-25,12
MID STATES NORTH 40 OUTFITTERS,PRD:IND:IND-GEODIS WHSE IND US,PBC-1000,1-Feb-25,6
MID STATES NORTH 40 OUTFITTERS,PRD:IND:IND-GEODIS WHSE IND US,PBC-1000,1-Mar-25,12
MID STATES NORTH 40 OUTFITTERS,PRD:IND:IND-GEODIS WHSE IND US,PBC-1000,1-Apr-25,18
MID STATES NORTH 40 OUTFITTERS,PRD:IND:IND-GEODIS WHSE IND US,PBC-1000,1-May-25,24
MID STATES NORTH 40 OUTFITTERS,PRD:IND:IND-GEODIS WHSE IND US,PBC-1000,1-Jun-25,6
MID STATES NORTH 40 OUTFITTERS,PRD:IND:IND-GEODIS WHSE IND US,PBC-1000,1-Jul-25,12
MID STATES NORTH 40 OUTFITTERS,PRD:IND:IND-GEODIS WHSE IND US,PBC-1000,1-Aug-25,30
MID STATES NORTH 40 OUTFITTERS,PRD:IND:IND-GEODIS WHSE IND US,PBC-1000,1-Sep-25,6
MID STATES NORTH 40 OUTFITTERS,PRD:IND:IND-GEODIS WHSE IND US,PBC-1000,1-Oct-25,
MID STATES NORTH 40 OUTFITTERS,PRD:IND:IND-GEODIS WHSE IND US,PBC-1000,1-Nov-25,6
MID STATES NORTH 40 OUTFITTERS,PRD:IND:IND-GEODIS WHSE IND US,PBC-1000,1-Dec-25,24
MID STATES NORTH 40 OUTFITTERS,PRD:IND:IND-GEODIS WHSE IND US,PBC-1000,1-Jan-26,
MID STATES NORTH 40 OUTFITTERS,PRD:IND:IND-GEODIS WHSE IND US,PBC-1000,1-Feb-26,6
MID STATES NORTH 40 OUTFITTERS,PRD:IND:IND-GEODIS WHSE IND US,PBC-1000,1-Mar-26,12
MID STATES NORTH 40 OUTFITTERS,PRD:IND:IND-GEODIS WHSE IND US,PBC-1000,1-Apr-26,18
MID STATES QUINCY FARM & HOME,PRD:IND:IND-GEODIS WHSE IND US,PAC00-14231,1-May-23,6
MID STATES QUINCY FARM & HOME,PRD:IND:IND-GEODIS WHSE IND US,PAC00-14231,1-Jun-23,6
MID STATES QUINCY FARM & HOME,PRD:IND:IND-GEODIS WHSE IND US,PAC00-14231,1-Jul-23,12
MID STATES QUINCY FARM & HOME,PRD:IND:IND-GEODIS WHSE IND US,PAC00-14231,1-Aug-23,6
MID STATES QUINCY FARM & HOME,PRD:IND:IND-GEODIS WHSE IND US,PAC00-14231,1-Sep-23,12
MID STATES QUINCY FARM & HOME,PRD:IND:IND-GEODIS WHSE IND US,PAC00-14231,1-Oct-23,6
MID STATES QUINCY FARM & HOME,PRD:IND:IND-GEODIS WHSE IND US,PAC00-14231,1-Nov-23,6
MID STATES QUINCY FARM & HOME,PRD:IND:IND-GEODIS WHSE IND US,PAC00-14231,1-Dec-23,
MID STATES QUINCY FARM & HOME,PRD:IND:IND-GEODIS WHSE IND US,PAC00-14231,1-Jan-24,6
MID STATES QUINCY FARM & HOME,PRD:IND:IND-GEODIS WHSE IND US,PAC00-14231,1-Feb-24,24
MID STATES QUINCY FARM & HOME,PRD:IND:IND-GEODIS WHSE IND US,PAC00-14231,1-Mar-24,8
MID STATES QUINCY FARM & HOME,PRD:IND:IND-GEODIS WHSE IND US,PAC00-14231,1-Apr-24,
MID STATES QUINCY FARM & HOME,PRD:IND:IND-GEODIS WHSE IND US,PAC00-14231,1-May-24,6
MID STATES QUINCY FARM & HOME,PRD:IND:IND-GEODIS WHSE IND US,PAC00-14231,1-Jun-24,
MID STATES QUINCY FARM & HOME,PRD:IND:IND-GEODIS WHSE IND US,PAC00-14231,1-Jul-24,6
MID STATES QUINCY FARM & HOME,PRD:IND:IND-GEODIS WHSE IND US,PAC00-14231,1-Aug-24,
MID STATES QUINCY FARM & HOME,PRD:IND:IND-GEODIS WHSE IND US,PAC00-14231,1-Sep-24,12
MID STATES QUINCY FARM & HOME,PRD:IND:IND-GEODIS WHSE IND US,PAC00-14231,1-Oct-24,12
MID STATES QUINCY FARM & HOME,PRD:IND:IND-GEODIS WHSE IND US,PAC00-14231,1-Nov-24,
MID STATES QUINCY FARM & HOME,PRD:IND:IND-GEODIS WHSE IND US,PAC00-14231,1-Dec-24,12
MID STATES QUINCY FARM & HOME,PRD:IND:IND-GEODIS WHSE IND US,PAC00-14231,1-Jan-25,18
MID STATES QUINCY FARM & HOME,PRD:IND:IND-GEODIS WHSE IND US,PAC00-14231,1-Feb-25,
MID STATES QUINCY FARM & HOME,PRD:IND:IND-GEODIS WHSE IND US,PAC00-14231,1-Mar-25,
MID STATES QUINCY FARM & HOME,PRD:IND:IND-GEODIS WHSE IND US,PAC00-14231,1-Apr-25,
MID STATES QUINCY FARM & HOME,PRD:IND:IND-GEODIS WHSE IND US,PAC00-14231,1-May-25,18
MID STATES QUINCY FARM & HOME,PRD:IND:IND-GEODIS WHSE IND US,PAC00-14231,1-Jun-25,
MID STATES QUINCY FARM & HOME,PRD:IND:IND-GEODIS WHSE IND US,PAC00-14231,1-Jul-25,6
MID STATES QUINCY FARM & HOME,PRD:IND:IND-GEODIS WHSE IND US,PAC00-14231,1-Aug-25,6
MID STATES QUINCY FARM & HOME,PRD:IND:IND-GEODIS WHSE IND US,PAC00-14231,1-Sep-25,
MID STATES QUINCY FARM & HOME,PRD:IND:IND-GEODIS WHSE IND US,PAC00-14231,1-Oct-25,24
MID STATES QUINCY FARM & HOME,PRD:IND:IND-GEODIS WHSE IND US,PAC00-14231,1-Nov-25,
MID STATES QUINCY FARM & HOME,PRD:IND:IND-GEODIS WHSE IND US,PAC00-14231,1-Dec-25,6
MID STATES QUINCY FARM & HOME,PRD:IND:IND-GEODIS WHSE IND US,PAC00-14231,1-Jan-26,6
MID STATES QUINCY FARM & HOME,PRD:IND:IND-GEODIS WHSE IND US,PAC00-14231,1-Feb-26,6
MID STATES QUINCY FARM & HOME,PRD:IND:IND-GEODIS WHSE IND US,PAC00-14231,1-Mar-26,
MID STATES QUINCY FARM & HOME,PRD:IND:IND-GEODIS WHSE IND US,PAC00-14231,1-Apr-26,
MID STATES QUINCY FARM & HOME,PRD:IND:IND-GEODIS WHSE IND US,PBC-1000,1-May-23,
MID STATES QUINCY FARM & HOME,PRD:IND:IND-GEODIS WHSE IND US,PBC-1000,1-Jun-23,
MID STATES QUINCY FARM & HOME,PRD:IND:IND-GEODIS WHSE IND US,PBC-1000,1-Jul-23,
MID STATES QUINCY FARM & HOME,PRD:IND:IND-GEODIS WHSE IND US,PBC-1000,1-Aug-23,
MID STATES QUINCY FARM & HOME,PRD:IND:IND-GEODIS WHSE IND US,PBC-1000,1-Sep-23,
MID STATES QUINCY FARM & HOME,PRD:IND:IND-GEODIS WHSE IND US,PBC-1000,1-Oct-23,
MID STATES QUINCY FARM & HOME,PRD:IND:IND-GEODIS WHSE IND US,PBC-1000,1-Nov-23,6
MID STATES QUINCY FARM & HOME,PRD:IND:IND-GEODIS WHSE IND US,PBC-1000,1-Dec-23,
MID STATES QUINCY FARM & HOME,PRD:IND:IND-GEODIS WHSE IND US,PBC-1000,1-Jan-24,
MID STATES QUINCY FARM & HOME,PRD:IND:IND-GEODIS WHSE IND US,PBC-1000,1-Feb-24,6
MID STATES QUINCY FARM & HOME,PRD:IND:IND-GEODIS WHSE IND US,PBC-1000,1-Mar-24,
MID STATES QUINCY FARM & HOME,PRD:IND:IND-GEODIS WHSE IND US,PBC-1000,1-Apr-24,6
MID STATES QUINCY FARM & HOME,PRD:IND:IND-GEODIS WHSE IND US,PBC-1000,1-May-24,12
MID STATES QUINCY FARM & HOME,PRD:IND:IND-GEODIS WHSE IND US,PBC-1000,1-Jun-24,
MID STATES QUINCY FARM & HOME,PRD:IND:IND-GEODIS WHSE IND US,PBC-1000,1-Jul-24,
MID STATES QUINCY FARM & HOME,PRD:IND:IND-GEODIS WHSE IND US,PBC-1000,1-Aug-24,
MID STATES QUINCY FARM & HOME,PRD:IND:IND-GEODIS WHSE IND US,PBC-1000,1-Sep-24,12
MID STATES QUINCY FARM & HOME,PRD:IND:IND-GEODIS WHSE IND US,PBC-1000,1-Oct-24,
MID STATES QUINCY FARM & HOME,PRD:IND:IND-GEODIS WHSE IND US,PBC-1000,1-Nov-24,
MID STATES QUINCY FARM & HOME,PRD:IND:IND-GEODIS WHSE IND US,PBC-1000,1-Dec-24,
MID STATES QUINCY FARM & HOME,PRD:IND:IND-GEODIS WHSE IND US,PBC-1000,1-Jan-25,
MID STATES QUINCY FARM & HOME,PRD:IND:IND-GEODIS WHSE IND US,PBC-1000,1-Feb-25,
MID STATES QUINCY FARM & HOME,PRD:IND:IND-GEODIS WHSE IND US,PBC-1000,1-Mar-25,6
MID STATES QUINCY FARM & HOME,PRD:IND:IND-GEODIS WHSE IND US,PBC-1000,1-Apr-25,
MID STATES QUINCY FARM & HOME,PRD:IND:IND-GEODIS WHSE IND US,PBC-1000,1-May-25,
MID STATES QUINCY FARM & HOME,PRD:IND:IND-GEODIS WHSE IND US,PBC-1000,1-Jun-25,
MID STATES QUINCY FARM & HOME,PRD:IND:IND-GEODIS WHSE IND US,PBC-1000,1-Jul-25,
MID STATES QUINCY FARM & HOME,PRD:IND:IND-GEODIS WHSE IND US,PBC-1000,1-Aug-25,
MID STATES QUINCY FARM & HOME,PRD:IND:IND-GEODIS WHSE IND US,PBC-1000,1-Sep-25,
MID STATES QUINCY FARM & HOME,PRD:IND:IND-GEODIS WHSE IND US,PBC-1000,1-Oct-25,
MID STATES QUINCY FARM & HOME,PRD:IND:IND-GEODIS WHSE IND US,PBC-1000,1-Nov-25,6
MID STATES QUINCY FARM & HOME,PRD:IND:IND-GEODIS WHSE IND US,PBC-1000,1-Dec-25,6
MID STATES QUINCY FARM & HOME,PRD:IND:IND-GEODIS WHSE IND US,PBC-1000,1-Jan-26,
MID STATES QUINCY FARM & HOME,PRD:IND:IND-GEODIS WHSE IND US,PBC-1000,1-Feb-26,
MID STATES QUINCY FARM & HOME,PRD:IND:IND-GEODIS WHSE IND US,PBC-1000,1-Mar-26,6
MID STATES QUINCY FARM & HOME,PRD:IND:IND-GEODIS WHSE IND US,PBC-1000,1-Apr-26,6
MID STATES RANCH & HOME,PRD:IND:IND-GEODIS WHSE IND US,PAC00-14231,1-May-23,
MID STATES RANCH & HOME,PRD:IND:IND-GEODIS WHSE IND US,PAC00-14231,1-Jun-23,
MID STATES RANCH & HOME,PRD:IND:IND-GEODIS WHSE IND US,PAC00-14231,1-Jul-23,
MID STATES RANCH & HOME,PRD:IND:IND-GEODIS WHSE IND US,PAC00-14231,1-Aug-23,
MID STATES RANCH & HOME,PRD:IND:IND-GEODIS WHSE IND US,PAC00-14231,1-Sep-23,
MID STATES RANCH & HOME,PRD:IND:IND-GEODIS WHSE IND US,PAC00-14231,1-Oct-23,
MID STATES RANCH & HOME,PRD:IND:IND-GEODIS WHSE IND US,PAC00-14231,1-Nov-23,
MID STATES RANCH & HOME,PRD:IND:IND-GEODIS WHSE IND US,PAC00-14231,1-Dec-23,
MID STATES RANCH & HOME,PRD:IND:IND-GEODIS WHSE IND US,PAC00-14231,1-Jan-24,
MID STATES RANCH & HOME,PRD:IND:IND-GEODIS WHSE IND US,PAC00-14231,1-Feb-24,
MID STATES RANCH & HOME,PRD:IND:IND-GEODIS WHSE IND US,PAC00-14231,1-Mar-24,
MID STATES RANCH & HOME,PRD:IND:IND-GEODIS WHSE IND US,PAC00-14231,1-Apr-24,
MID STATES RANCH & HOME,PRD:IND:IND-GEODIS WHSE IND US,PAC00-14231,1-May-24,
MID STATES RANCH & HOME,PRD:IND:IND-GEODIS WHSE IND US,PAC00-14231,1-Jun-24,
MID STATES RANCH & HOME,PRD:IND:IND-GEODIS WHSE IND US,PAC00-14231,1-Jul-24,
MID STATES RANCH & HOME,PRD:IND:IND-GEODIS WHSE IND US,PAC00-14231,1-Aug-24,
MID STATES RANCH & HOME,PRD:IND:IND-GEODIS WHSE IND US,PAC00-14231,1-Sep-24,
MID STATES RANCH & HOME,PRD:IND:IND-GEODIS WHSE IND US,PAC00-14231,1-Oct-24,
MID STATES RANCH & HOME,PRD:IND:IND-GEODIS WHSE IND US,PAC00-14231,1-Nov-24,
MID STATES RANCH & HOME,PRD:IND:IND-GEODIS WHSE IND US,PAC00-14231,1-Dec-24,
MID STATES RANCH & HOME,PRD:IND:IND-GEODIS WHSE IND US,PAC00-14231,1-Jan-25,
MID STATES RANCH & HOME,PRD:IND:IND-GEODIS WHSE IND US,PAC00-14231,1-Feb-25,12
MID STATES RANCH & HOME,PRD:IND:IND-GEODIS WHSE IND US,PAC00-14231,1-Mar-25,
MID STATES RANCH & HOME,PRD:IND:IND-GEODIS WHSE IND US,PAC00-14231,1-Apr-25,
MID STATES RANCH & HOME,PRD:IND:IND-GEODIS WHSE IND US,PAC00-14231,1-May-25,
MID STATES RANCH & HOME,PRD:IND:IND-GEODIS WHSE IND US,PAC00-14231,1-Jun-25,
MID STATES RANCH & HOME,PRD:IND:IND-GEODIS WHSE IND US,PAC00-14231,1-Jul-25,
MID STATES RANCH & HOME,PRD:IND:IND-GEODIS WHSE IND US,PAC00-14231,1-Aug-25,
MID STATES RANCH & HOME,PRD:IND:IND-GEODIS WHSE IND US,PAC00-14231,1-Sep-25,
MID STATES RANCH & HOME,PRD:IND:IND-GEODIS WHSE IND US,PAC00-14231,1-Oct-25,
MID STATES RANCH & HOME,PRD:IND:IND-GEODIS WHSE IND US,PAC00-14231,1-Nov-25,
MID STATES RANCH & HOME,PRD:IND:IND-GEODIS WHSE IND US,PAC00-14231,1-Dec-25,
MID STATES RANCH & HOME,PRD:IND:IND-GEODIS WHSE IND US,PAC00-14231,1-Jan-26,
MID STATES RANCH & HOME,PRD:IND:IND-GEODIS WHSE IND US,PAC00-14231,1-Feb-26,
MID STATES RANCH & HOME,PRD:IND:IND-GEODIS WHSE IND US,PAC00-14231,1-Mar-26,
MID STATES RANCH & HOME,PRD:IND:IND-GEODIS WHSE IND US,PAC00-14231,1-Apr-26,
MID STATES RANCH & HOME,PRD:IND:IND-GEODIS WHSE IND US,PBC-1000,1-May-23,
MID STATES RANCH & HOME,PRD:IND:IND-GEODIS WHSE IND US,PBC-1000,1-Jun-23,
MID STATES RANCH & HOME,PRD:IND:IND-GEODIS WHSE IND US,PBC-1000,1-Jul-23,
MID STATES RANCH & HOME,PRD:IND:IND-GEODIS WHSE IND US,PBC-1000,1-Aug-23,
MID STATES RANCH & HOME,PRD:IND:IND-GEODIS WHSE IND US,PBC-1000,1-Sep-23,
MID STATES RANCH & HOME,PRD:IND:IND-GEODIS WHSE IND US,PBC-1000,1-Oct-23,
MID STATES RANCH & HOME,PRD:IND:IND-GEODIS WHSE IND US,PBC-1000,1-Nov-23,
MID STATES RANCH & HOME,PRD:IND:IND-GEODIS WHSE IND US,PBC-1000,1-Dec-23,
MID STATES RANCH & HOME,PRD:IND:IND-GEODIS WHSE IND US,PBC-1000,1-Jan-24,
MID STATES RANCH & HOME,PRD:IND:IND-GEODIS WHSE IND US,PBC-1000,1-Feb-24,
MID STATES RANCH & HOME,PRD:IND:IND-GEODIS WHSE IND US,PBC-1000,1-Mar-24,
MID STATES RANCH & HOME,PRD:IND:IND-GEODIS WHSE IND US,PBC-1000,1-Apr-24,
MID STATES RANCH & HOME,PRD:IND:IND-GEODIS WHSE IND US,PBC-1000,1-May-24,
MID STATES RANCH & HOME,PRD:IND:IND-GEODIS WHSE IND US,PBC-1000,1-Jun-24,
MID STATES RANCH & HOME,PRD:IND:IND-GEODIS WHSE IND US,PBC-1000,1-Jul-24,
MID STATES RANCH & HOME,PRD:IND:IND-GEODIS WHSE IND US,PBC-1000,1-Aug-24,
MID STATES RANCH & HOME,PRD:IND:IND-GEODIS WHSE IND US,PBC-1000,1-Sep-24,
MID STATES RANCH & HOME,PRD:IND:IND-GEODIS WHSE IND US,PBC-1000,1-Oct-24,
MID STATES RANCH & HOME,PRD:IND:IND-GEODIS WHSE IND US,PBC-1000,1-Nov-24,
MID STATES RANCH & HOME,PRD:IND:IND-GEODIS WHSE IND US,PBC-1000,1-Dec-24,
MID STATES RANCH & HOME,PRD:IND:IND-GEODIS WHSE IND US,PBC-1000,1-Jan-25,
MID STATES RANCH & HOME,PRD:IND:IND-GEODIS WHSE IND US,PBC-1000,1-Feb-25,12
MID STATES RANCH & HOME,PRD:IND:IND-GEODIS WHSE IND US,PBC-1000,1-Mar-25,
MID STATES RANCH & HOME,PRD:IND:IND-GEODIS WHSE IND US,PBC-1000,1-Apr-25,
MID STATES RANCH & HOME,PRD:IND:IND-GEODIS WHSE IND US,PBC-1000,1-May-25,
MID STATES RANCH & HOME,PRD:IND:IND-GEODIS WHSE IND US,PBC-1000,1-Jun-25,
MID STATES RANCH & HOME,PRD:IND:IND-GEODIS WHSE IND US,PBC-1000,1-Jul-25,
MID STATES RANCH & HOME,PRD:IND:IND-GEODIS WHSE IND US,PBC-1000,1-Aug-25,
MID STATES RANCH & HOME,PRD:IND:IND-GEODIS WHSE IND US,PBC-1000,1-Sep-25,
MID STATES RANCH & HOME,PRD:IND:IND-GEODIS WHSE IND US,PBC-1000,1-Oct-25,
MID STATES RANCH & HOME,PRD:IND:IND-GEODIS WHSE IND US,PBC-1000,1-Nov-25,
MID STATES RANCH & HOME,PRD:IND:IND-GEODIS WHSE IND US,PBC-1000,1-Dec-25,
MID STATES RANCH & HOME,PRD:IND:IND-GEODIS WHSE IND US,PBC-1000,1-Jan-26,
MID STATES RANCH & HOME,PRD:IND:IND-GEODIS WHSE IND US,PBC-1000,1-Feb-26,
MID STATES RANCH & HOME,PRD:IND:IND-GEODIS WHSE IND US,PBC-1000,1-Mar-26,
MID STATES RANCH & HOME,PRD:IND:IND-GEODIS WHSE IND US,PBC-1000,1-Apr-26,
MID STATES SHOPPERS SUPPLY,PRD:IND:IND-GEODIS WHSE IND US,PAC00-14231,1-May-23,
MID STATES SHOPPERS SUPPLY,PRD:IND:IND-GEODIS WHSE IND US,PAC00-14231,1-Jun-23,
MID STATES SHOPPERS SUPPLY,PRD:IND:IND-GEODIS WHSE IND US,PAC00-14231,1-Jul-23,
MID STATES SHOPPERS SUPPLY,PRD:IND:IND-GEODIS WHSE IND US,PAC00-14231,1-Aug-23,
MID STATES SHOPPERS SUPPLY,PRD:IND:IND-GEODIS WHSE IND US,PAC00-14231,1-Sep-23,
MID STATES SHOPPERS SUPPLY,PRD:IND:IND-GEODIS WHSE IND US,PAC00-14231,1-Oct-23,
MID STATES SHOPPERS SUPPLY,PRD:IND:IND-GEODIS WHSE IND US,PAC00-14231,1-Nov-23,
MID STATES SHOPPERS SUPPLY,PRD:IND:IND-GEODIS WHSE IND US,PAC00-14231,1-Dec-23,
MID STATES SHOPPERS SUPPLY,PRD:IND:IND-GEODIS WHSE IND US,PAC00-14231,1-Jan-24,
MID STATES SHOPPERS SUPPLY,PRD:IND:IND-GEODIS WHSE IND US,PAC00-14231,1-Feb-24,
MID STATES SHOPPERS SUPPLY,PRD:IND:IND-GEODIS WHSE IND US,PAC00-14231,1-Mar-24,
MID STATES SHOPPERS SUPPLY,PRD:IND:IND-GEODIS WHSE IND US,PAC00-14231,1-Apr-24,
MID STATES SHOPPERS SUPPLY,PRD:IND:IND-GEODIS WHSE IND US,PAC00-14231,1-May-24,
MID STATES SHOPPERS SUPPLY,PRD:IND:IND-GEODIS WHSE IND US,PAC00-14231,1-Jun-24,2
MID STATES SHOPPERS SUPPLY,PRD:IND:IND-GEODIS WHSE IND US,PAC00-14231,1-Jul-24,
MID STATES SHOPPERS SUPPLY,PRD:IND:IND-GEODIS WHSE IND US,PAC00-14231,1-Aug-24,
MID STATES SHOPPERS SUPPLY,PRD:IND:IND-GEODIS WHSE IND US,PAC00-14231,1-Sep-24,
MID STATES SHOPPERS SUPPLY,PRD:IND:IND-GEODIS WHSE IND US,PAC00-14231,1-Oct-24,
MID STATES SHOPPERS SUPPLY,PRD:IND:IND-GEODIS WHSE IND US,PAC00-14231,1-Nov-24,
MID STATES SHOPPERS SUPPLY,PRD:IND:IND-GEODIS WHSE IND US,PAC00-14231,1-Dec-24,4
MID STATES SHOPPERS SUPPLY,PRD:IND:IND-GEODIS WHSE IND US,PAC00-14231,1-Jan-25,
MID STATES SHOPPERS SUPPLY,PRD:IND:IND-GEODIS WHSE IND US,PAC00-14231,1-Feb-25,2
MID STATES SHOPPERS SUPPLY,PRD:IND:IND-GEODIS WHSE IND US,PAC00-14231,1-Mar-25,
MID STATES SHOPPERS SUPPLY,PRD:IND:IND-GEODIS WHSE IND US,PAC00-14231,1-Apr-25,
MID STATES SHOPPERS SUPPLY,PRD:IND:IND-GEODIS WHSE IND US,PAC00-14231,1-May-25,
MID STATES SHOPPERS SUPPLY,PRD:IND:IND-GEODIS WHSE IND US,PAC00-14231,1-Jun-25,
MID STATES SHOPPERS SUPPLY,PRD:IND:IND-GEODIS WHSE IND US,PAC00-14231,1-Jul-25,
MID STATES SHOPPERS SUPPLY,PRD:IND:IND-GEODIS WHSE IND US,PAC00-14231,1-Aug-25,
MID STATES SHOPPERS SUPPLY,PRD:IND:IND-GEODIS WHSE IND US,PAC00-14231,1-Sep-25,
MID STATES SHOPPERS SUPPLY,PRD:IND:IND-GEODIS WHSE IND US,PAC00-14231,1-Oct-25,
MID STATES SHOPPERS SUPPLY,PRD:IND:IND-GEODIS WHSE IND US,PAC00-14231,1-Nov-25,
MID STATES SHOPPERS SUPPLY,PRD:IND:IND-GEODIS WHSE IND US,PAC00-14231,1-Dec-25,
MID STATES SHOPPERS SUPPLY,PRD:IND:IND-GEODIS WHSE IND US,PAC00-14231,1-Jan-26,
MID STATES SHOPPERS SUPPLY,PRD:IND:IND-GEODIS WHSE IND US,PAC00-14231,1-Feb-26,
MID STATES SHOPPERS SUPPLY,PRD:IND:IND-GEODIS WHSE IND US,PAC00-14231,1-Mar-26,
MID STATES SHOPPERS SUPPLY,PRD:IND:IND-GEODIS WHSE IND US,PAC00-14231,1-Apr-26,
MID STATES SHOPPERS SUPPLY,PRD:IND:IND-GEODIS WHSE IND US,PBC-1000,1-May-23,
MID STATES SHOPPERS SUPPLY,PRD:IND:IND-GEODIS WHSE IND US,PBC-1000,1-Jun-23,
MID STATES SHOPPERS SUPPLY,PRD:IND:IND-GEODIS WHSE IND US,PBC-1000,1-Jul-23,
MID STATES SHOPPERS SUPPLY,PRD:IND:IND-GEODIS WHSE IND US,PBC-1000,1-Aug-23,
MID STATES SHOPPERS SUPPLY,PRD:IND:IND-GEODIS WHSE IND US,PBC-1000,1-Sep-23,
MID STATES SHOPPERS SUPPLY,PRD:IND:IND-GEODIS WHSE IND US,PBC-1000,1-Oct-23,
MID STATES SHOPPERS SUPPLY,PRD:IND:IND-GEODIS WHSE IND US,PBC-1000,1-Nov-23,
MID STATES SHOPPERS SUPPLY,PRD:IND:IND-GEODIS WHSE IND US,PBC-1000,1-Dec-23,
MID STATES SHOPPERS SUPPLY,PRD:IND:IND-GEODIS WHSE IND US,PBC-1000,1-Jan-24,
MID STATES SHOPPERS SUPPLY,PRD:IND:IND-GEODIS WHSE IND US,PBC-1000,1-Feb-24,
MID STATES SHOPPERS SUPPLY,PRD:IND:IND-GEODIS WHSE IND US,PBC-1000,1-Mar-24,
MID STATES SHOPPERS SUPPLY,PRD:IND:IND-GEODIS WHSE IND US,PBC-1000,1-Apr-24,
MID STATES SHOPPERS SUPPLY,PRD:IND:IND-GEODIS WHSE IND US,PBC-1000,1-May-24,
MID STATES SHOPPERS SUPPLY,PRD:IND:IND-GEODIS WHSE IND US,PBC-1000,1-Jun-24,2
MID STATES SHOPPERS SUPPLY,PRD:IND:IND-GEODIS WHSE IND US,PBC-1000,1-Jul-24,
MID STATES SHOPPERS SUPPLY,PRD:IND:IND-GEODIS WHSE IND US,PBC-1000,1-Aug-24,
MID STATES SHOPPERS SUPPLY,PRD:IND:IND-GEODIS WHSE IND US,PBC-1000,1-Sep-24,
MID STATES SHOPPERS SUPPLY,PRD:IND:IND-GEODIS WHSE IND US,PBC-1000,1-Oct-24,
MID STATES SHOPPERS SUPPLY,PRD:IND:IND-GEODIS WHSE IND US,PBC-1000,1-Nov-24,
MID STATES SHOPPERS SUPPLY,PRD:IND:IND-GEODIS WHSE IND US,PBC-1000,1-Dec-24,
MID STATES SHOPPERS SUPPLY,PRD:IND:IND-GEODIS WHSE IND US,PBC-1000,1-Jan-25,
MID STATES SHOPPERS SUPPLY,PRD:IND:IND-GEODIS WHSE IND US,PBC-1000,1-Feb-25,
MID STATES SHOPPERS SUPPLY,PRD:IND:IND-GEODIS WHSE IND US,PBC-1000,1-Mar-25,
MID STATES SHOPPERS SUPPLY,PRD:IND:IND-GEODIS WHSE IND US,PBC-1000,1-Apr-25,1
MID STATES SHOPPERS SUPPLY,PRD:IND:IND-GEODIS WHSE IND US,PBC-1000,1-May-25,
MID STATES SHOPPERS SUPPLY,PRD:IND:IND-GEODIS WHSE IND US,PBC-1000,1-Jun-25,
MID STATES SHOPPERS SUPPLY,PRD:IND:IND-GEODIS WHSE IND US,PBC-1000,1-Jul-25,
MID STATES SHOPPERS SUPPLY,PRD:IND:IND-GEODIS WHSE IND US,PBC-1000,1-Aug-25,
MID STATES SHOPPERS SUPPLY,PRD:IND:IND-GEODIS WHSE IND US,PBC-1000,1-Sep-25,
MID STATES SHOPPERS SUPPLY,PRD:IND:IND-GEODIS WHSE IND US,PBC-1000,1-Oct-25,
MID STATES SHOPPERS SUPPLY,PRD:IND:IND-GEODIS WHSE IND US,PBC-1000,1-Nov-25,
MID STATES SHOPPERS SUPPLY,PRD:IND:IND-GEODIS WHSE IND US,PBC-1000,1-Dec-25,
MID STATES SHOPPERS SUPPLY,PRD:IND:IND-GEODIS WHSE IND US,PBC-1000,1-Jan-26,
MID STATES SHOPPERS SUPPLY,PRD:IND:IND-GEODIS WHSE IND US,PBC-1000,1-Feb-26,
MID STATES SHOPPERS SUPPLY,PRD:IND:IND-GEODIS WHSE IND US,PBC-1000,1-Mar-26,
MID STATES SHOPPERS SUPPLY,PRD:IND:IND-GEODIS WHSE IND US,PBC-1000,1-Apr-26,
MID STATES THEISEN'S SUPPLY,PRD:IND:IND-GEODIS WHSE IND US,PAC00-14231,1-May-23,12
MID STATES THEISEN'S SUPPLY,PRD:IND:IND-GEODIS WHSE IND US,PAC00-14231,1-Jun-23,4
MID STATES THEISEN'S SUPPLY,PRD:IND:IND-GEODIS WHSE IND US,PAC00-14231,1-Jul-23,4
MID STATES THEISEN'S SUPPLY,PRD:IND:IND-GEODIS WHSE IND US,PAC00-14231,1-Aug-23,6
MID STATES THEISEN'S SUPPLY,PRD:IND:IND-GEODIS WHSE IND US,PAC00-14231,1-Sep-23,5
MID STATES THEISEN'S SUPPLY,PRD:IND:IND-GEODIS WHSE IND US,PAC00-14231,1-Oct-23,6
MID STATES THEISEN'S SUPPLY,PRD:IND:IND-GEODIS WHSE IND US,PAC00-14231,1-Nov-23,8
MID STATES THEISEN'S SUPPLY,PRD:IND:IND-GEODIS WHSE IND US,PAC00-14231,1-Dec-23,1
MID STATES THEISEN'S SUPPLY,PRD:IND:IND-GEODIS WHSE IND US,PAC00-14231,1-Jan-24,6
MID STATES THEISEN'S SUPPLY,PRD:IND:IND-GEODIS WHSE IND US,PAC00-14231,1-Feb-24,4
MID STATES THEISEN'S SUPPLY,PRD:IND:IND-GEODIS WHSE IND US,PAC00-14231,1-Mar-24,5
MID STATES THEISEN'S SUPPLY,PRD:IND:IND-GEODIS WHSE IND US,PAC00-14231,1-Apr-24,4
MID STATES THEISEN'S SUPPLY,PRD:IND:IND-GEODIS WHSE IND US,PAC00-14231,1-May-24,3
MID STATES THEISEN'S SUPPLY,PRD:IND:IND-GEODIS WHSE IND US,PAC00-14231,1-Jun-24,1
MID STATES THEISEN'S SUPPLY,PRD:IND:IND-GEODIS WHSE IND US,PAC00-14231,1-Jul-24,19
MID STATES THEISEN'S SUPPLY,PRD:IND:IND-GEODIS WHSE IND US,PAC00-14231,1-Aug-24,2
MID STATES THEISEN'S SUPPLY,PRD:IND:IND-GEODIS WHSE IND US,PAC00-14231,1-Sep-24,
MID STATES THEISEN'S SUPPLY,PRD:IND:IND-GEODIS WHSE IND US,PAC00-14231,1-Oct-24,8
MID STATES THEISEN'S SUPPLY,PRD:IND:IND-GEODIS WHSE IND US,PAC00-14231,1-Nov-24,2
MID STATES THEISEN'S SUPPLY,PRD:IND:IND-GEODIS WHSE IND US,PAC00-14231,1-Dec-24,5
MID STATES THEISEN'S SUPPLY,PRD:IND:IND-GEODIS WHSE IND US,PAC00-14231,1-Jan-25,3
MID STATES THEISEN'S SUPPLY,PRD:IND:IND-GEODIS WHSE IND US,PAC00-14231,1-Feb-25,4
MID STATES THEISEN'S SUPPLY,PRD:IND:IND-GEODIS WHSE IND US,PAC00-14231,1-Mar-25,6
MID STATES THEISEN'S SUPPLY,PRD:IND:IND-GEODIS WHSE IND US,PAC00-14231,1-Apr-25,4
MID STATES THEISEN'S SUPPLY,PRD:IND:IND-GEODIS WHSE IND US,PAC00-14231,1-May-25,2
MID STATES THEISEN'S SUPPLY,PRD:IND:IND-GEODIS WHSE IND US,PAC00-14231,1-Jun-25,3
MID STATES THEISEN'S SUPPLY,PRD:IND:IND-GEODIS WHSE IND US,PAC00-14231,1-Jul-25,14
MID STATES THEISEN'S SUPPLY,PRD:IND:IND-GEODIS WHSE IND US,PAC00-14231,1-Aug-25,5
MID STATES THEISEN'S SUPPLY,PRD:IND:IND-GEODIS WHSE IND US,PAC00-14231,1-Sep-25,
MID STATES THEISEN'S SUPPLY,PRD:IND:IND-GEODIS WHSE IND US,PAC00-14231,1-Oct-25,
MID STATES THEISEN'S SUPPLY,PRD:IND:IND-GEODIS WHSE IND US,PAC00-14231,1-Nov-25,2
MID STATES THEISEN'S SUPPLY,PRD:IND:IND-GEODIS WHSE IND US,PAC00-14231,1-Dec-25,4
MID STATES THEISEN'S SUPPLY,PRD:IND:IND-GEODIS WHSE IND US,PAC00-14231,1-Jan-26,5
MID STATES THEISEN'S SUPPLY,PRD:IND:IND-GEODIS WHSE IND US,PAC00-14231,1-Feb-26,3
MID STATES THEISEN'S SUPPLY,PRD:IND:IND-GEODIS WHSE IND US,PAC00-14231,1-Mar-26,5
MID STATES THEISEN'S SUPPLY,PRD:IND:IND-GEODIS WHSE IND US,PAC00-14231,1-Apr-26,7
MID STATES WESTERN BIG R,PRD:IND:IND-GEODIS WHSE IND US,PAC00-14231,1-May-23,4
MID STATES WESTERN BIG R,PRD:IND:IND-GEODIS WHSE IND US,PAC00-14231,1-Jun-23,28
MID STATES WESTERN BIG R,PRD:IND:IND-GEODIS WHSE IND US,PAC00-14231,1-Jul-23,
MID STATES WESTERN BIG R,PRD:IND:IND-GEODIS WHSE IND US,PAC00-14231,1-Aug-23,
MID STATES WESTERN BIG R,PRD:IND:IND-GEODIS WHSE IND US,PAC00-14231,1-Sep-23,11
MID STATES WESTERN BIG R,PRD:IND:IND-GEODIS WHSE IND US,PAC00-14231,1-Oct-23,
MID STATES WESTERN BIG R,PRD:IND:IND-GEODIS WHSE IND US,PAC00-14231,1-Nov-23,
MID STATES WESTERN BIG R,PRD:IND:IND-GEODIS WHSE IND US,PAC00-14231,1-Dec-23,16
MID STATES WESTERN BIG R,PRD:IND:IND-GEODIS WHSE IND US,PAC00-14231,1-Jan-24,
MID STATES WESTERN BIG R,PRD:IND:IND-GEODIS WHSE IND US,PAC00-14231,1-Feb-24,7
MID STATES WESTERN BIG R,PRD:IND:IND-GEODIS WHSE IND US,PAC00-14231,1-Mar-24,11
MID STATES WESTERN BIG R,PRD:IND:IND-GEODIS WHSE IND US,PAC00-14231,1-Apr-24,
MID STATES WESTERN BIG R,PRD:IND:IND-GEODIS WHSE IND US,PAC00-14231,1-May-24,
MID STATES WESTERN BIG R,PRD:IND:IND-GEODIS WHSE IND US,PAC00-14231,1-Jun-24,8
MID STATES WESTERN BIG R,PRD:IND:IND-GEODIS WHSE IND US,PAC00-14231,1-Jul-24,5
MID STATES WESTERN BIG R,PRD:IND:IND-GEODIS WHSE IND US,PAC00-14231,1-Aug-24,7
MID STATES WESTERN BIG R,PRD:IND:IND-GEODIS WHSE IND US,PAC00-14231,1-Sep-24,5
MID STATES WESTERN BIG R,PRD:IND:IND-GEODIS WHSE IND US,PAC00-14231,1-Oct-24,2
MID STATES WESTERN BIG R,PRD:IND:IND-GEODIS WHSE IND US,PAC00-14231,1-Nov-24,4
MID STATES WESTERN BIG R,PRD:IND:IND-GEODIS WHSE IND US,PAC00-14231,1-Dec-24,
MID STATES WESTERN BIG R,PRD:IND:IND-GEODIS WHSE IND US,PAC00-14231,1-Jan-25,9
MID STATES WESTERN BIG R,PRD:IND:IND-GEODIS WHSE IND US,PAC00-14231,1-Feb-25,4
MID STATES WESTERN BIG R,PRD:IND:IND-GEODIS WHSE IND US,PAC00-14231,1-Mar-25,3
MID STATES WESTERN BIG R,PRD:IND:IND-GEODIS WHSE IND US,PAC00-14231,1-Apr-25,7
MID STATES WESTERN BIG R,PRD:IND:IND-GEODIS WHSE IND US,PAC00-14231,1-May-25,1
MID STATES WESTERN BIG R,PRD:IND:IND-GEODIS WHSE IND US,PAC00-14231,1-Jun-25,3
MID STATES WESTERN BIG R,PRD:IND:IND-GEODIS WHSE IND US,PAC00-14231,1-Jul-25,4
MID STATES WESTERN BIG R,PRD:IND:IND-GEODIS WHSE IND US,PAC00-14231,1-Aug-25,5
MID STATES WESTERN BIG R,PRD:IND:IND-GEODIS WHSE IND US,PAC00-14231,1-Sep-25,4
MID STATES WESTERN BIG R,PRD:IND:IND-GEODIS WHSE IND US,PAC00-14231,1-Oct-25,1
MID STATES WESTERN BIG R,PRD:IND:IND-GEODIS WHSE IND US,PAC00-14231,1-Nov-25,
MID STATES WESTERN BIG R,PRD:IND:IND-GEODIS WHSE IND US,PAC00-14231,1-Dec-25,8
MID STATES WESTERN BIG R,PRD:IND:IND-GEODIS WHSE IND US,PAC00-14231,1-Jan-26,6
MID STATES WESTERN BIG R,PRD:IND:IND-GEODIS WHSE IND US,PAC00-14231,1-Feb-26,5
MID STATES WESTERN BIG R,PRD:IND:IND-GEODIS WHSE IND US,PAC00-14231,1-Mar-26,2
MID STATES WESTERN BIG R,PRD:IND:IND-GEODIS WHSE IND US,PAC00-14231,1-Apr-26,
MID STATES WESTERN BIG R,PRD:IND:IND-GEODIS WHSE IND US,PBC-1000,1-May-23,12
MID STATES WESTERN BIG R,PRD:IND:IND-GEODIS WHSE IND US,PBC-1000,1-Jun-23,
MID STATES WESTERN BIG R,PRD:IND:IND-GEODIS WHSE IND US,PBC-1000,1-Jul-23,12
MID STATES WESTERN BIG R,PRD:IND:IND-GEODIS WHSE IND US,PBC-1000,1-Aug-23,
MID STATES WESTERN BIG R,PRD:IND:IND-GEODIS WHSE IND US,PBC-1000,1-Sep-23,
MID STATES WESTERN BIG R,PRD:IND:IND-GEODIS WHSE IND US,PBC-1000,1-Oct-23,
MID STATES WESTERN BIG R,PRD:IND:IND-GEODIS WHSE IND US,PBC-1000,1-Nov-23,
MID STATES WESTERN BIG R,PRD:IND:IND-GEODIS WHSE IND US,PBC-1000,1-Dec-23,
MID STATES WESTERN BIG R,PRD:IND:IND-GEODIS WHSE IND US,PBC-1000,1-Jan-24,
MID STATES WESTERN BIG R,PRD:IND:IND-GEODIS WHSE IND US,PBC-1000,1-Feb-24,
MID STATES WESTERN BIG R,PRD:IND:IND-GEODIS WHSE IND US,PBC-1000,1-Mar-24,
MID STATES WESTERN BIG R,PRD:IND:IND-GEODIS WHSE IND US,PBC-1000,1-Apr-24,
MID STATES WESTERN BIG R,PRD:IND:IND-GEODIS WHSE IND US,PBC-1000,1-May-24,
MID STATES WESTERN BIG R,PRD:IND:IND-GEODIS WHSE IND US,PBC-1000,1-Jun-24,
MID STATES WESTERN BIG R,PRD:IND:IND-GEODIS WHSE IND US,PBC-1000,1-Jul-24,
MID STATES WESTERN BIG R,PRD:IND:IND-GEODIS WHSE IND US,PBC-1000,1-Aug-24,
MID STATES WESTERN BIG R,PRD:IND:IND-GEODIS WHSE IND US,PBC-1000,1-Sep-24,
MID STATES WESTERN BIG R,PRD:IND:IND-GEODIS WHSE IND US,PBC-1000,1-Oct-24,6
MID STATES WESTERN BIG R,PRD:IND:IND-GEODIS WHSE IND US,PBC-1000,1-Nov-24,
MID STATES WESTERN BIG R,PRD:IND:IND-GEODIS WHSE IND US,PBC-1000,1-Dec-24,
MID STATES WESTERN BIG R,PRD:IND:IND-GEODIS WHSE IND US,PBC-1000,1-Jan-25,
MID STATES WESTERN BIG R,PRD:IND:IND-GEODIS WHSE IND US,PBC-1000,1-Feb-25,
MID STATES WESTERN BIG R,PRD:IND:IND-GEODIS WHSE IND US,PBC-1000,1-Mar-25,
MID STATES WESTERN BIG R,PRD:IND:IND-GEODIS WHSE IND US,PBC-1000,1-Apr-25,
MID STATES WESTERN BIG R,PRD:IND:IND-GEODIS WHSE IND US,PBC-1000,1-May-25,
MID STATES WESTERN BIG R,PRD:IND:IND-GEODIS WHSE IND US,PBC-1000,1-Jun-25,
MID STATES WESTERN BIG R,PRD:IND:IND-GEODIS WHSE IND US,PBC-1000,1-Jul-25,
MID STATES WESTERN BIG R,PRD:IND:IND-GEODIS WHSE IND US,PBC-1000,1-Aug-25,
MID STATES WESTERN BIG R,PRD:IND:IND-GEODIS WHSE IND US,PBC-1000,1-Sep-25,
MID STATES WESTERN BIG R,PRD:IND:IND-GEODIS WHSE IND US,PBC-1000,1-Oct-25,
MID STATES WESTERN BIG R,PRD:IND:IND-GEODIS WHSE IND US,PBC-1000,1-Nov-25,
MID STATES WESTERN BIG R,PRD:IND:IND-GEODIS WHSE IND US,PBC-1000,1-Dec-25,
MID STATES WESTERN BIG R,PRD:IND:IND-GEODIS WHSE IND US,PBC-1000,1-Jan-26,
MID STATES WESTERN BIG R,PRD:IND:IND-GEODIS WHSE IND US,PBC-1000,1-Feb-26,
MID STATES WESTERN BIG R,PRD:IND:IND-GEODIS WHSE IND US,PBC-1000,1-Mar-26,
MID STATES WESTERN BIG R,PRD:IND:IND-GEODIS WHSE IND US,PBC-1000,1-Apr-26,
MINI PET MART  GOLDENWEST LTD,PRD:IND:IND-GEODIS WHSE IND US,PAC00-14231,1-May-23,29
MINI PET MART  GOLDENWEST LTD,PRD:IND:IND-GEODIS WHSE IND US,PAC00-14231,1-Jun-23,26
MINI PET MART  GOLDENWEST LTD,PRD:IND:IND-GEODIS WHSE IND US,PAC00-14231,1-Jul-23,20
MINI PET MART  GOLDENWEST LTD,PRD:IND:IND-GEODIS WHSE IND US,PAC00-14231,1-Aug-23,12
MINI PET MART  GOLDENWEST LTD,PRD:IND:IND-GEODIS WHSE IND US,PAC00-14231,1-Sep-23,24
MINI PET MART  GOLDENWEST LTD,PRD:IND:IND-GEODIS WHSE IND US,PAC00-14231,1-Oct-23,6
MINI PET MART  GOLDENWEST LTD,PRD:IND:IND-GEODIS WHSE IND US,PAC00-14231,1-Nov-23,38
MINI PET MART  GOLDENWEST LTD,PRD:IND:IND-GEODIS WHSE IND US,PAC00-14231,1-Dec-23,16
MINI PET MART  GOLDENWEST LTD,PRD:IND:IND-GEODIS WHSE IND US,PAC00-14231,1-Jan-24,27
MINI PET MART  GOLDENWEST LTD,PRD:IND:IND-GEODIS WHSE IND US,PAC00-14231,1-Feb-24,28
MINI PET MART  GOLDENWEST LTD,PRD:IND:IND-GEODIS WHSE IND US,PAC00-14231,1-Mar-24,13
MINI PET MART  GOLDENWEST LTD,PRD:IND:IND-GEODIS WHSE IND US,PAC00-14231,1-Apr-24,29
MINI PET MART  GOLDENWEST LTD,PRD:IND:IND-GEODIS WHSE IND US,PAC00-14231,1-May-24,31
MINI PET MART  GOLDENWEST LTD,PRD:IND:IND-GEODIS WHSE IND US,PAC00-14231,1-Jun-24,21
MINI PET MART  GOLDENWEST LTD,PRD:IND:IND-GEODIS WHSE IND US,PAC00-14231,1-Jul-24,17
MINI PET MART  GOLDENWEST LTD,PRD:IND:IND-GEODIS WHSE IND US,PAC00-14231,1-Aug-24,5
MINI PET MART  GOLDENWEST LTD,PRD:IND:IND-GEODIS WHSE IND US,PAC00-14231,1-Sep-24,20
MINI PET MART  GOLDENWEST LTD,PRD:IND:IND-GEODIS WHSE IND US,PAC00-14231,1-Oct-24,23
MINI PET MART  GOLDENWEST LTD,PRD:IND:IND-GEODIS WHSE IND US,PAC00-14231,1-Nov-24,12
MINI PET MART  GOLDENWEST LTD,PRD:IND:IND-GEODIS WHSE IND US,PAC00-14231,1-Dec-24,18
MINI PET MART  GOLDENWEST LTD,PRD:IND:IND-GEODIS WHSE IND US,PAC00-14231,1-Jan-25,26
MINI PET MART  GOLDENWEST LTD,PRD:IND:IND-GEODIS WHSE IND US,PAC00-14231,1-Feb-25,12
MINI PET MART  GOLDENWEST LTD,PRD:IND:IND-GEODIS WHSE IND US,PAC00-14231,1-Mar-25,20
MINI PET MART  GOLDENWEST LTD,PRD:IND:IND-GEODIS WHSE IND US,PAC00-14231,1-Apr-25,18
MINI PET MART  GOLDENWEST LTD,PRD:IND:IND-GEODIS WHSE IND US,PAC00-14231,1-May-25,21
MINI PET MART  GOLDENWEST LTD,PRD:IND:IND-GEODIS WHSE IND US,PAC00-14231,1-Jun-25,20
MINI PET MART  GOLDENWEST LTD,PRD:IND:IND-GEODIS WHSE IND US,PAC00-14231,1-Jul-25,28
MINI PET MART  GOLDENWEST LTD,PRD:IND:IND-GEODIS WHSE IND US,PAC00-14231,1-Aug-25,14
MINI PET MART  GOLDENWEST LTD,PRD:IND:IND-GEODIS WHSE IND US,PAC00-14231,1-Sep-25,18
MINI PET MART  GOLDENWEST LTD,PRD:IND:IND-GEODIS WHSE IND US,PAC00-14231,1-Oct-25,17
MINI PET MART  GOLDENWEST LTD,PRD:IND:IND-GEODIS WHSE IND US,PAC00-14231,1-Nov-25,18
MINI PET MART  GOLDENWEST LTD,PRD:IND:IND-GEODIS WHSE IND US,PAC00-14231,1-Dec-25,12
MINI PET MART  GOLDENWEST LTD,PRD:IND:IND-GEODIS WHSE IND US,PAC00-14231,1-Jan-26,21
MINI PET MART  GOLDENWEST LTD,PRD:IND:IND-GEODIS WHSE IND US,PAC00-14231,1-Feb-26,15
MINI PET MART  GOLDENWEST LTD,PRD:IND:IND-GEODIS WHSE IND US,PAC00-14231,1-Mar-26,14
MINI PET MART  GOLDENWEST LTD,PRD:IND:IND-GEODIS WHSE IND US,PAC00-14231,1-Apr-26,10
MINI PET MART  GOLDENWEST LTD,PRD:IND:IND-GEODIS WHSE IND US,PBC-1000,1-May-23,3
MINI PET MART  GOLDENWEST LTD,PRD:IND:IND-GEODIS WHSE IND US,PBC-1000,1-Jun-23,4
MINI PET MART  GOLDENWEST LTD,PRD:IND:IND-GEODIS WHSE IND US,PBC-1000,1-Jul-23,1
MINI PET MART  GOLDENWEST LTD,PRD:IND:IND-GEODIS WHSE IND US,PBC-1000,1-Aug-23,
MINI PET MART  GOLDENWEST LTD,PRD:IND:IND-GEODIS WHSE IND US,PBC-1000,1-Sep-23,
MINI PET MART  GOLDENWEST LTD,PRD:IND:IND-GEODIS WHSE IND US,PBC-1000,1-Oct-23,
MINI PET MART  GOLDENWEST LTD,PRD:IND:IND-GEODIS WHSE IND US,PBC-1000,1-Nov-23,3
MINI PET MART  GOLDENWEST LTD,PRD:IND:IND-GEODIS WHSE IND US,PBC-1000,1-Dec-23,3
MINI PET MART  GOLDENWEST LTD,PRD:IND:IND-GEODIS WHSE IND US,PBC-1000,1-Jan-24,
MINI PET MART  GOLDENWEST LTD,PRD:IND:IND-GEODIS WHSE IND US,PBC-1000,1-Feb-24,3
MINI PET MART  GOLDENWEST LTD,PRD:IND:IND-GEODIS WHSE IND US,PBC-1000,1-Mar-24,
MINI PET MART  GOLDENWEST LTD,PRD:IND:IND-GEODIS WHSE IND US,PBC-1000,1-Apr-24,1
MINI PET MART  GOLDENWEST LTD,PRD:IND:IND-GEODIS WHSE IND US,PBC-1000,1-May-24,
MINI PET MART  GOLDENWEST LTD,PRD:IND:IND-GEODIS WHSE IND US,PBC-1000,1-Jun-24,1
MINI PET MART  GOLDENWEST LTD,PRD:IND:IND-GEODIS WHSE IND US,PBC-1000,1-Jul-24,
MINI PET MART  GOLDENWEST LTD,PRD:IND:IND-GEODIS WHSE IND US,PBC-1000,1-Aug-24,
MINI PET MART  GOLDENWEST LTD,PRD:IND:IND-GEODIS WHSE IND US,PBC-1000,1-Sep-24,
MINI PET MART  GOLDENWEST LTD,PRD:IND:IND-GEODIS WHSE IND US,PBC-1000,1-Oct-24,2
MINI PET MART  GOLDENWEST LTD,PRD:IND:IND-GEODIS WHSE IND US,PBC-1000,1-Nov-24,1
MINI PET MART  GOLDENWEST LTD,PRD:IND:IND-GEODIS WHSE IND US,PBC-1000,1-Dec-24,1
MINI PET MART  GOLDENWEST LTD,PRD:IND:IND-GEODIS WHSE IND US,PBC-1000,1-Jan-25,1
MINI PET MART  GOLDENWEST LTD,PRD:IND:IND-GEODIS WHSE IND US,PBC-1000,1-Feb-25,
MINI PET MART  GOLDENWEST LTD,PRD:IND:IND-GEODIS WHSE IND US,PBC-1000,1-Mar-25,
MINI PET MART  GOLDENWEST LTD,PRD:IND:IND-GEODIS WHSE IND US,PBC-1000,1-Apr-25,1
MINI PET MART  GOLDENWEST LTD,PRD:IND:IND-GEODIS WHSE IND US,PBC-1000,1-May-25,
MINI PET MART  GOLDENWEST LTD,PRD:IND:IND-GEODIS WHSE IND US,PBC-1000,1-Jun-25,
MINI PET MART  GOLDENWEST LTD,PRD:IND:IND-GEODIS WHSE IND US,PBC-1000,1-Jul-25,4
MINI PET MART  GOLDENWEST LTD,PRD:IND:IND-GEODIS WHSE IND US,PBC-1000,1-Aug-25,1
MINI PET MART  GOLDENWEST LTD,PRD:IND:IND-GEODIS WHSE IND US,PBC-1000,1-Sep-25,1
MINI PET MART  GOLDENWEST LTD,PRD:IND:IND-GEODIS WHSE IND US,PBC-1000,1-Oct-25,2
MINI PET MART  GOLDENWEST LTD,PRD:IND:IND-GEODIS WHSE IND US,PBC-1000,1-Nov-25,
MINI PET MART  GOLDENWEST LTD,PRD:IND:IND-GEODIS WHSE IND US,PBC-1000,1-Dec-25,
MINI PET MART  GOLDENWEST LTD,PRD:IND:IND-GEODIS WHSE IND US,PBC-1000,1-Jan-26,2
MINI PET MART  GOLDENWEST LTD,PRD:IND:IND-GEODIS WHSE IND US,PBC-1000,1-Feb-26,3
MINI PET MART  GOLDENWEST LTD,PRD:IND:IND-GEODIS WHSE IND US,PBC-1000,1-Mar-26,
MINI PET MART  GOLDENWEST LTD,PRD:IND:IND-GEODIS WHSE IND US,PBC-1000,1-Apr-26,2
MT BARKER PET CENTRE,PRD:AU1:AU1-AUSTRALIA B2B B2C INV ORG,PAC00-14231,1-May-23,
MT BARKER PET CENTRE,PRD:AU1:AU1-AUSTRALIA B2B B2C INV ORG,PAC00-14231,1-Jun-23,
MT BARKER PET CENTRE,PRD:AU1:AU1-AUSTRALIA B2B B2C INV ORG,PAC00-14231,1-Jul-23,
MT BARKER PET CENTRE,PRD:AU1:AU1-AUSTRALIA B2B B2C INV ORG,PAC00-14231,1-Aug-23,
MT BARKER PET CENTRE,PRD:AU1:AU1-AUSTRALIA B2B B2C INV ORG,PAC00-14231,1-Sep-23,
MT BARKER PET CENTRE,PRD:AU1:AU1-AUSTRALIA B2B B2C INV ORG,PAC00-14231,1-Oct-23,
MT BARKER PET CENTRE,PRD:AU1:AU1-AUSTRALIA B2B B2C INV ORG,PAC00-14231,1-Nov-23,
MT BARKER PET CENTRE,PRD:AU1:AU1-AUSTRALIA B2B B2C INV ORG,PAC00-14231,1-Dec-23,
MT BARKER PET CENTRE,PRD:AU1:AU1-AUSTRALIA B2B B2C INV ORG,PAC00-14231,1-Jan-24,
MT BARKER PET CENTRE,PRD:AU1:AU1-AUSTRALIA B2B B2C INV ORG,PAC00-14231,1-Feb-24,
MT BARKER PET CENTRE,PRD:AU1:AU1-AUSTRALIA B2B B2C INV ORG,PAC00-14231,1-Mar-24,
MT BARKER PET CENTRE,PRD:AU1:AU1-AUSTRALIA B2B B2C INV ORG,PAC00-14231,1-Apr-24,
MT BARKER PET CENTRE,PRD:AU1:AU1-AUSTRALIA B2B B2C INV ORG,PAC00-14231,1-May-24,
MT BARKER PET CENTRE,PRD:AU1:AU1-AUSTRALIA B2B B2C INV ORG,PAC00-14231,1-Jun-24,
MT BARKER PET CENTRE,PRD:AU1:AU1-AUSTRALIA B2B B2C INV ORG,PAC00-14231,1-Jul-24,
MT BARKER PET CENTRE,PRD:AU1:AU1-AUSTRALIA B2B B2C INV ORG,PAC00-14231,1-Aug-24,
MT BARKER PET CENTRE,PRD:AU1:AU1-AUSTRALIA B2B B2C INV ORG,PAC00-14231,1-Sep-24,
MT BARKER PET CENTRE,PRD:AU1:AU1-AUSTRALIA B2B B2C INV ORG,PAC00-14231,1-Oct-24,
MT BARKER PET CENTRE,PRD:AU1:AU1-AUSTRALIA B2B B2C INV ORG,PAC00-14231,1-Nov-24,
MT BARKER PET CENTRE,PRD:AU1:AU1-AUSTRALIA B2B B2C INV ORG,PAC00-14231,1-Dec-24,
MT BARKER PET CENTRE,PRD:AU1:AU1-AUSTRALIA B2B B2C INV ORG,PAC00-14231,1-Jan-25,
MT BARKER PET CENTRE,PRD:AU1:AU1-AUSTRALIA B2B B2C INV ORG,PAC00-14231,1-Feb-25,
MT BARKER PET CENTRE,PRD:AU1:AU1-AUSTRALIA B2B B2C INV ORG,PAC00-14231,1-Mar-25,6
MT BARKER PET CENTRE,PRD:AU1:AU1-AUSTRALIA B2B B2C INV ORG,PAC00-14231,1-Apr-25,3
MT BARKER PET CENTRE,PRD:AU1:AU1-AUSTRALIA B2B B2C INV ORG,PAC00-14231,1-May-25,4
MT BARKER PET CENTRE,PRD:AU1:AU1-AUSTRALIA B2B B2C INV ORG,PAC00-14231,1-Jun-25,6
MT BARKER PET CENTRE,PRD:AU1:AU1-AUSTRALIA B2B B2C INV ORG,PAC00-14231,1-Jul-25,
MT BARKER PET CENTRE,PRD:AU1:AU1-AUSTRALIA B2B B2C INV ORG,PAC00-14231,1-Aug-25,4
MT BARKER PET CENTRE,PRD:AU1:AU1-AUSTRALIA B2B B2C INV ORG,PAC00-14231,1-Sep-25,6
MT BARKER PET CENTRE,PRD:AU1:AU1-AUSTRALIA B2B B2C INV ORG,PAC00-14231,1-Oct-25,5
MT BARKER PET CENTRE,PRD:AU1:AU1-AUSTRALIA B2B B2C INV ORG,PAC00-14231,1-Nov-25,3
MT BARKER PET CENTRE,PRD:AU1:AU1-AUSTRALIA B2B B2C INV ORG,PAC00-14231,1-Dec-25,
MT BARKER PET CENTRE,PRD:AU1:AU1-AUSTRALIA B2B B2C INV ORG,PAC00-14231,1-Jan-26,8
MT BARKER PET CENTRE,PRD:AU1:AU1-AUSTRALIA B2B B2C INV ORG,PAC00-14231,1-Feb-26,4
MT BARKER PET CENTRE,PRD:AU1:AU1-AUSTRALIA B2B B2C INV ORG,PAC00-14231,1-Mar-26,2
MT BARKER PET CENTRE,PRD:AU1:AU1-AUSTRALIA B2B B2C INV ORG,PAC00-14231,1-Apr-26,
MY PETS RURAL,PRD:AU1:AU1-AUSTRALIA B2B B2C INV ORG,PAC00-14231,1-May-23,
MY PETS RURAL,PRD:AU1:AU1-AUSTRALIA B2B B2C INV ORG,PAC00-14231,1-Jun-23,
MY PETS RURAL,PRD:AU1:AU1-AUSTRALIA B2B B2C INV ORG,PAC00-14231,1-Jul-23,
MY PETS RURAL,PRD:AU1:AU1-AUSTRALIA B2B B2C INV ORG,PAC00-14231,1-Aug-23,
MY PETS RURAL,PRD:AU1:AU1-AUSTRALIA B2B B2C INV ORG,PAC00-14231,1-Sep-23,
MY PETS RURAL,PRD:AU1:AU1-AUSTRALIA B2B B2C INV ORG,PAC00-14231,1-Oct-23,
MY PETS RURAL,PRD:AU1:AU1-AUSTRALIA B2B B2C INV ORG,PAC00-14231,1-Nov-23,
MY PETS RURAL,PRD:AU1:AU1-AUSTRALIA B2B B2C INV ORG,PAC00-14231,1-Dec-23,
MY PETS RURAL,PRD:AU1:AU1-AUSTRALIA B2B B2C INV ORG,PAC00-14231,1-Jan-24,
MY PETS RURAL,PRD:AU1:AU1-AUSTRALIA B2B B2C INV ORG,PAC00-14231,1-Feb-24,
MY PETS RURAL,PRD:AU1:AU1-AUSTRALIA B2B B2C INV ORG,PAC00-14231,1-Mar-24,
MY PETS RURAL,PRD:AU1:AU1-AUSTRALIA B2B B2C INV ORG,PAC00-14231,1-Apr-24,
MY PETS RURAL,PRD:AU1:AU1-AUSTRALIA B2B B2C INV ORG,PAC00-14231,1-May-24,
MY PETS RURAL,PRD:AU1:AU1-AUSTRALIA B2B B2C INV ORG,PAC00-14231,1-Jun-24,
MY PETS RURAL,PRD:AU1:AU1-AUSTRALIA B2B B2C INV ORG,PAC00-14231,1-Jul-24,
MY PETS RURAL,PRD:AU1:AU1-AUSTRALIA B2B B2C INV ORG,PAC00-14231,1-Aug-24,
MY PETS RURAL,PRD:AU1:AU1-AUSTRALIA B2B B2C INV ORG,PAC00-14231,1-Sep-24,
MY PETS RURAL,PRD:AU1:AU1-AUSTRALIA B2B B2C INV ORG,PAC00-14231,1-Oct-24,
MY PETS RURAL,PRD:AU1:AU1-AUSTRALIA B2B B2C INV ORG,PAC00-14231,1-Nov-24,
MY PETS RURAL,PRD:AU1:AU1-AUSTRALIA B2B B2C INV ORG,PAC00-14231,1-Dec-24,
MY PETS RURAL,PRD:AU1:AU1-AUSTRALIA B2B B2C INV ORG,PAC00-14231,1-Jan-25,
MY PETS RURAL,PRD:AU1:AU1-AUSTRALIA B2B B2C INV ORG,PAC00-14231,1-Feb-25,
MY PETS RURAL,PRD:AU1:AU1-AUSTRALIA B2B B2C INV ORG,PAC00-14231,1-Mar-25,
MY PETS RURAL,PRD:AU1:AU1-AUSTRALIA B2B B2C INV ORG,PAC00-14231,1-Apr-25,
MY PETS RURAL,PRD:AU1:AU1-AUSTRALIA B2B B2C INV ORG,PAC00-14231,1-May-25,1
MY PETS RURAL,PRD:AU1:AU1-AUSTRALIA B2B B2C INV ORG,PAC00-14231,1-Jun-25,
MY PETS RURAL,PRD:AU1:AU1-AUSTRALIA B2B B2C INV ORG,PAC00-14231,1-Jul-25,
MY PETS RURAL,PRD:AU1:AU1-AUSTRALIA B2B B2C INV ORG,PAC00-14231,1-Aug-25,
MY PETS RURAL,PRD:AU1:AU1-AUSTRALIA B2B B2C INV ORG,PAC00-14231,1-Sep-25,
MY PETS RURAL,PRD:AU1:AU1-AUSTRALIA B2B B2C INV ORG,PAC00-14231,1-Oct-25,
MY PETS RURAL,PRD:AU1:AU1-AUSTRALIA B2B B2C INV ORG,PAC00-14231,1-Nov-25,
MY PETS RURAL,PRD:AU1:AU1-AUSTRALIA B2B B2C INV ORG,PAC00-14231,1-Dec-25,
MY PETS RURAL,PRD:AU1:AU1-AUSTRALIA B2B B2C INV ORG,PAC00-14231,1-Jan-26,
MY PETS RURAL,PRD:AU1:AU1-AUSTRALIA B2B B2C INV ORG,PAC00-14231,1-Feb-26,
MY PETS RURAL,PRD:AU1:AU1-AUSTRALIA B2B B2C INV ORG,PAC00-14231,1-Mar-26,
MY PETS RURAL,PRD:AU1:AU1-AUSTRALIA B2B B2C INV ORG,PAC00-14231,1-Apr-26,
NAKED DOG BISTRO INC.,PRD:IND:IND-GEODIS WHSE IND US,PBC-1000,1-May-23,
NAKED DOG BISTRO INC.,PRD:IND:IND-GEODIS WHSE IND US,PBC-1000,1-Jun-23,
NAKED DOG BISTRO INC.,PRD:IND:IND-GEODIS WHSE IND US,PBC-1000,1-Jul-23,2
NAKED DOG BISTRO INC.,PRD:IND:IND-GEODIS WHSE IND US,PBC-1000,1-Aug-23,
NAKED DOG BISTRO INC.,PRD:IND:IND-GEODIS WHSE IND US,PBC-1000,1-Sep-23,
NAKED DOG BISTRO INC.,PRD:IND:IND-GEODIS WHSE IND US,PBC-1000,1-Oct-23,
NAKED DOG BISTRO INC.,PRD:IND:IND-GEODIS WHSE IND US,PBC-1000,1-Nov-23,
NAKED DOG BISTRO INC.,PRD:IND:IND-GEODIS WHSE IND US,PBC-1000,1-Dec-23,
NAKED DOG BISTRO INC.,PRD:IND:IND-GEODIS WHSE IND US,PBC-1000,1-Jan-24,
NAKED DOG BISTRO INC.,PRD:IND:IND-GEODIS WHSE IND US,PBC-1000,1-Feb-24,
NAKED DOG BISTRO INC.,PRD:IND:IND-GEODIS WHSE IND US,PBC-1000,1-Mar-24,
NAKED DOG BISTRO INC.,PRD:IND:IND-GEODIS WHSE IND US,PBC-1000,1-Apr-24,
NAKED DOG BISTRO INC.,PRD:IND:IND-GEODIS WHSE IND US,PBC-1000,1-May-24,
NAKED DOG BISTRO INC.,PRD:IND:IND-GEODIS WHSE IND US,PBC-1000,1-Jun-24,
NAKED DOG BISTRO INC.,PRD:IND:IND-GEODIS WHSE IND US,PBC-1000,1-Jul-24,
NAKED DOG BISTRO INC.,PRD:IND:IND-GEODIS WHSE IND US,PBC-1000,1-Aug-24,
NAKED DOG BISTRO INC.,PRD:IND:IND-GEODIS WHSE IND US,PBC-1000,1-Sep-24,
NAKED DOG BISTRO INC.,PRD:IND:IND-GEODIS WHSE IND US,PBC-1000,1-Oct-24,
NAKED DOG BISTRO INC.,PRD:IND:IND-GEODIS WHSE IND US,PBC-1000,1-Nov-24,
NAKED DOG BISTRO INC.,PRD:IND:IND-GEODIS WHSE IND US,PBC-1000,1-Dec-24,
NAKED DOG BISTRO INC.,PRD:IND:IND-GEODIS WHSE IND US,PBC-1000,1-Jan-25,
NAKED DOG BISTRO INC.,PRD:IND:IND-GEODIS WHSE IND US,PBC-1000,1-Feb-25,
NAKED DOG BISTRO INC.,PRD:IND:IND-GEODIS WHSE IND US,PBC-1000,1-Mar-25,
NAKED DOG BISTRO INC.,PRD:IND:IND-GEODIS WHSE IND US,PBC-1000,1-Apr-25,
NAKED DOG BISTRO INC.,PRD:IND:IND-GEODIS WHSE IND US,PBC-1000,1-May-25,
NAKED DOG BISTRO INC.,PRD:IND:IND-GEODIS WHSE IND US,PBC-1000,1-Jun-25,
NAKED DOG BISTRO INC.,PRD:IND:IND-GEODIS WHSE IND US,PBC-1000,1-Jul-25,
NAKED DOG BISTRO INC.,PRD:IND:IND-GEODIS WHSE IND US,PBC-1000,1-Aug-25,
NAKED DOG BISTRO INC.,PRD:IND:IND-GEODIS WHSE IND US,PBC-1000,1-Sep-25,
NAKED DOG BISTRO INC.,PRD:IND:IND-GEODIS WHSE IND US,PBC-1000,1-Oct-25,
NAKED DOG BISTRO INC.,PRD:IND:IND-GEODIS WHSE IND US,PBC-1000,1-Nov-25,
NAKED DOG BISTRO INC.,PRD:IND:IND-GEODIS WHSE IND US,PBC-1000,1-Dec-25,
NAKED DOG BISTRO INC.,PRD:IND:IND-GEODIS WHSE IND US,PBC-1000,1-Jan-26,
NAKED DOG BISTRO INC.,PRD:IND:IND-GEODIS WHSE IND US,PBC-1000,1-Feb-26,
NAKED DOG BISTRO INC.,PRD:IND:IND-GEODIS WHSE IND US,PBC-1000,1-Mar-26,
NAKED DOG BISTRO INC.,PRD:IND:IND-GEODIS WHSE IND US,PBC-1000,1-Apr-26,
NEXCOM,PRD:IND:IND-GEODIS WHSE IND US,PAC00-14231,1-May-23,3
NEXCOM,PRD:IND:IND-GEODIS WHSE IND US,PAC00-14231,1-Jun-23,
NEXCOM,PRD:IND:IND-GEODIS WHSE IND US,PAC00-14231,1-Jul-23,2
NEXCOM,PRD:IND:IND-GEODIS WHSE IND US,PAC00-14231,1-Aug-23,
NEXCOM,PRD:IND:IND-GEODIS WHSE IND US,PAC00-14231,1-Sep-23,1
NEXCOM,PRD:IND:IND-GEODIS WHSE IND US,PAC00-14231,1-Oct-23,1
NEXCOM,PRD:IND:IND-GEODIS WHSE IND US,PAC00-14231,1-Nov-23,1
NEXCOM,PRD:IND:IND-GEODIS WHSE IND US,PAC00-14231,1-Dec-23,2
NEXCOM,PRD:IND:IND-GEODIS WHSE IND US,PAC00-14231,1-Jan-24,3
NEXCOM,PRD:IND:IND-GEODIS WHSE IND US,PAC00-14231,1-Feb-24,1
NEXCOM,PRD:IND:IND-GEODIS WHSE IND US,PAC00-14231,1-Mar-24,1
NEXCOM,PRD:IND:IND-GEODIS WHSE IND US,PAC00-14231,1-Apr-24,
NEXCOM,PRD:IND:IND-GEODIS WHSE IND US,PAC00-14231,1-May-24,
NEXCOM,PRD:IND:IND-GEODIS WHSE IND US,PAC00-14231,1-Jun-24,1
NEXCOM,PRD:IND:IND-GEODIS WHSE IND US,PAC00-14231,1-Jul-24,21
NEXCOM,PRD:IND:IND-GEODIS WHSE IND US,PAC00-14231,1-Aug-24,1
NEXCOM,PRD:IND:IND-GEODIS WHSE IND US,PAC00-14231,1-Sep-24,
NEXCOM,PRD:IND:IND-GEODIS WHSE IND US,PAC00-14231,1-Oct-24,15
NEXCOM,PRD:IND:IND-GEODIS WHSE IND US,PAC00-14231,1-Nov-24,2
NEXCOM,PRD:IND:IND-GEODIS WHSE IND US,PAC00-14231,1-Dec-24,9
NEXCOM,PRD:IND:IND-GEODIS WHSE IND US,PAC00-14231,1-Jan-25,13
NEXCOM,PRD:IND:IND-GEODIS WHSE IND US,PAC00-14231,1-Feb-25,4
NEXCOM,PRD:IND:IND-GEODIS WHSE IND US,PAC00-14231,1-Mar-25,15
NEXCOM,PRD:IND:IND-GEODIS WHSE IND US,PAC00-14231,1-Apr-25,10
NEXCOM,PRD:IND:IND-GEODIS WHSE IND US,PAC00-14231,1-May-25,3
NEXCOM,PRD:IND:IND-GEODIS WHSE IND US,PAC00-14231,1-Jun-25,32
NEXCOM,PRD:IND:IND-GEODIS WHSE IND US,PAC00-14231,1-Jul-25,20
NEXCOM,PRD:IND:IND-GEODIS WHSE IND US,PAC00-14231,1-Aug-25,30
NEXCOM,PRD:IND:IND-GEODIS WHSE IND US,PAC00-14231,1-Sep-25,6
NEXCOM,PRD:IND:IND-GEODIS WHSE IND US,PAC00-14231,1-Oct-25,18
NEXCOM,PRD:IND:IND-GEODIS WHSE IND US,PAC00-14231,1-Nov-25,29
NEXCOM,PRD:IND:IND-GEODIS WHSE IND US,PAC00-14231,1-Dec-25,21
NEXCOM,PRD:IND:IND-GEODIS WHSE IND US,PAC00-14231,1-Jan-26,23
NEXCOM,PRD:IND:IND-GEODIS WHSE IND US,PAC00-14231,1-Feb-26,4
NEXCOM,PRD:IND:IND-GEODIS WHSE IND US,PAC00-14231,1-Mar-26,15
NEXCOM,PRD:IND:IND-GEODIS WHSE IND US,PAC00-14231,1-Apr-26,24
NO BONES ABOUT IT RUIDOSO,PRD:IND:IND-GEODIS WHSE IND US,PAC00-14231,1-May-23,
NO BONES ABOUT IT RUIDOSO,PRD:IND:IND-GEODIS WHSE IND US,PAC00-14231,1-Jun-23,
NO BONES ABOUT IT RUIDOSO,PRD:IND:IND-GEODIS WHSE IND US,PAC00-14231,1-Jul-23,
NO BONES ABOUT IT RUIDOSO,PRD:IND:IND-GEODIS WHSE IND US,PAC00-14231,1-Aug-23,
NO BONES ABOUT IT RUIDOSO,PRD:IND:IND-GEODIS WHSE IND US,PAC00-14231,1-Sep-23,
NO BONES ABOUT IT RUIDOSO,PRD:IND:IND-GEODIS WHSE IND US,PAC00-14231,1-Oct-23,
NO BONES ABOUT IT RUIDOSO,PRD:IND:IND-GEODIS WHSE IND US,PAC00-14231,1-Nov-23,
NO BONES ABOUT IT RUIDOSO,PRD:IND:IND-GEODIS WHSE IND US,PAC00-14231,1-Dec-23,
NO BONES ABOUT IT RUIDOSO,PRD:IND:IND-GEODIS WHSE IND US,PAC00-14231,1-Jan-24,
NO BONES ABOUT IT RUIDOSO,PRD:IND:IND-GEODIS WHSE IND US,PAC00-14231,1-Feb-24,
NO BONES ABOUT IT RUIDOSO,PRD:IND:IND-GEODIS WHSE IND US,PAC00-14231,1-Mar-24,
NO BONES ABOUT IT RUIDOSO,PRD:IND:IND-GEODIS WHSE IND US,PAC00-14231,1-Apr-24,
NO BONES ABOUT IT RUIDOSO,PRD:IND:IND-GEODIS WHSE IND US,PAC00-14231,1-May-24,
NO BONES ABOUT IT RUIDOSO,PRD:IND:IND-GEODIS WHSE IND US,PAC00-14231,1-Jun-24,
NO BONES ABOUT IT RUIDOSO,PRD:IND:IND-GEODIS WHSE IND US,PAC00-14231,1-Jul-24,
NO BONES ABOUT IT RUIDOSO,PRD:IND:IND-GEODIS WHSE IND US,PAC00-14231,1-Aug-24,
NO BONES ABOUT IT RUIDOSO,PRD:IND:IND-GEODIS WHSE IND US,PAC00-14231,1-Sep-24,
NO BONES ABOUT IT RUIDOSO,PRD:IND:IND-GEODIS WHSE IND US,PAC00-14231,1-Oct-24,
NO BONES ABOUT IT RUIDOSO,PRD:IND:IND-GEODIS WHSE IND US,PAC00-14231,1-Nov-24,
NO BONES ABOUT IT RUIDOSO,PRD:IND:IND-GEODIS WHSE IND US,PAC00-14231,1-Dec-24,1
NO BONES ABOUT IT RUIDOSO,PRD:IND:IND-GEODIS WHSE IND US,PAC00-14231,1-Jan-25,
NO BONES ABOUT IT RUIDOSO,PRD:IND:IND-GEODIS WHSE IND US,PAC00-14231,1-Feb-25,
NO BONES ABOUT IT RUIDOSO,PRD:IND:IND-GEODIS WHSE IND US,PAC00-14231,1-Mar-25,
NO BONES ABOUT IT RUIDOSO,PRD:IND:IND-GEODIS WHSE IND US,PAC00-14231,1-Apr-25,
NO BONES ABOUT IT RUIDOSO,PRD:IND:IND-GEODIS WHSE IND US,PAC00-14231,1-May-25,
NO BONES ABOUT IT RUIDOSO,PRD:IND:IND-GEODIS WHSE IND US,PAC00-14231,1-Jun-25,
NO BONES ABOUT IT RUIDOSO,PRD:IND:IND-GEODIS WHSE IND US,PAC00-14231,1-Jul-25,
NO BONES ABOUT IT RUIDOSO,PRD:IND:IND-GEODIS WHSE IND US,PAC00-14231,1-Aug-25,
NO BONES ABOUT IT RUIDOSO,PRD:IND:IND-GEODIS WHSE IND US,PAC00-14231,1-Sep-25,
NO BONES ABOUT IT RUIDOSO,PRD:IND:IND-GEODIS WHSE IND US,PAC00-14231,1-Oct-25,
NO BONES ABOUT IT RUIDOSO,PRD:IND:IND-GEODIS WHSE IND US,PAC00-14231,1-Nov-25,
NO BONES ABOUT IT RUIDOSO,PRD:IND:IND-GEODIS WHSE IND US,PAC00-14231,1-Dec-25,
NO BONES ABOUT IT RUIDOSO,PRD:IND:IND-GEODIS WHSE IND US,PAC00-14231,1-Jan-26,
NO BONES ABOUT IT RUIDOSO,PRD:IND:IND-GEODIS WHSE IND US,PAC00-14231,1-Feb-26,
NO BONES ABOUT IT RUIDOSO,PRD:IND:IND-GEODIS WHSE IND US,PAC00-14231,1-Mar-26,
NO BONES ABOUT IT RUIDOSO,PRD:IND:IND-GEODIS WHSE IND US,PAC00-14231,1-Apr-26,
NOAHS ARK PET SUPPLIES,PRD:IND:IND-GEODIS WHSE IND US,PAC00-14231,1-May-23,2
NOAHS ARK PET SUPPLIES,PRD:IND:IND-GEODIS WHSE IND US,PAC00-14231,1-Jun-23,
NOAHS ARK PET SUPPLIES,PRD:IND:IND-GEODIS WHSE IND US,PAC00-14231,1-Jul-23,
NOAHS ARK PET SUPPLIES,PRD:IND:IND-GEODIS WHSE IND US,PAC00-14231,1-Aug-23,
NOAHS ARK PET SUPPLIES,PRD:IND:IND-GEODIS WHSE IND US,PAC00-14231,1-Sep-23,2
NOAHS ARK PET SUPPLIES,PRD:IND:IND-GEODIS WHSE IND US,PAC00-14231,1-Oct-23,
NOAHS ARK PET SUPPLIES,PRD:IND:IND-GEODIS WHSE IND US,PAC00-14231,1-Nov-23,
NOAHS ARK PET SUPPLIES,PRD:IND:IND-GEODIS WHSE IND US,PAC00-14231,1-Dec-23,
NOAHS ARK PET SUPPLIES,PRD:IND:IND-GEODIS WHSE IND US,PAC00-14231,1-Jan-24,
NOAHS ARK PET SUPPLIES,PRD:IND:IND-GEODIS WHSE IND US,PAC00-14231,1-Feb-24,5
NOAHS ARK PET SUPPLIES,PRD:IND:IND-GEODIS WHSE IND US,PAC00-14231,1-Mar-24,
NOAHS ARK PET SUPPLIES,PRD:IND:IND-GEODIS WHSE IND US,PAC00-14231,1-Apr-24,
NOAHS ARK PET SUPPLIES,PRD:IND:IND-GEODIS WHSE IND US,PAC00-14231,1-May-24,1
NOAHS ARK PET SUPPLIES,PRD:IND:IND-GEODIS WHSE IND US,PAC00-14231,1-Jun-24,
NOAHS ARK PET SUPPLIES,PRD:IND:IND-GEODIS WHSE IND US,PAC00-14231,1-Jul-24,
NOAHS ARK PET SUPPLIES,PRD:IND:IND-GEODIS WHSE IND US,PAC00-14231,1-Aug-24,
NOAHS ARK PET SUPPLIES,PRD:IND:IND-GEODIS WHSE IND US,PAC00-14231,1-Sep-24,2
NOAHS ARK PET SUPPLIES,PRD:IND:IND-GEODIS WHSE IND US,PAC00-14231,1-Oct-24,
NOAHS ARK PET SUPPLIES,PRD:IND:IND-GEODIS WHSE IND US,PAC00-14231,1-Nov-24,2
NOAHS ARK PET SUPPLIES,PRD:IND:IND-GEODIS WHSE IND US,PAC00-14231,1-Dec-24,
NOAHS ARK PET SUPPLIES,PRD:IND:IND-GEODIS WHSE IND US,PAC00-14231,1-Jan-25,
NOAHS ARK PET SUPPLIES,PRD:IND:IND-GEODIS WHSE IND US,PAC00-14231,1-Feb-25,
NOAHS ARK PET SUPPLIES,PRD:IND:IND-GEODIS WHSE IND US,PAC00-14231,1-Mar-25,1
NOAHS ARK PET SUPPLIES,PRD:IND:IND-GEODIS WHSE IND US,PAC00-14231,1-Apr-25,1
NOAHS ARK PET SUPPLIES,PRD:IND:IND-GEODIS WHSE IND US,PAC00-14231,1-May-25,1
NOAHS ARK PET SUPPLIES,PRD:IND:IND-GEODIS WHSE IND US,PAC00-14231,1-Jun-25,
NOAHS ARK PET SUPPLIES,PRD:IND:IND-GEODIS WHSE IND US,PAC00-14231,1-Jul-25,
NOAHS ARK PET SUPPLIES,PRD:IND:IND-GEODIS WHSE IND US,PAC00-14231,1-Aug-25,4
NOAHS ARK PET SUPPLIES,PRD:IND:IND-GEODIS WHSE IND US,PAC00-14231,1-Sep-25,
NOAHS ARK PET SUPPLIES,PRD:IND:IND-GEODIS WHSE IND US,PAC00-14231,1-Oct-25,
NOAHS ARK PET SUPPLIES,PRD:IND:IND-GEODIS WHSE IND US,PAC00-14231,1-Nov-25,
NOAHS ARK PET SUPPLIES,PRD:IND:IND-GEODIS WHSE IND US,PAC00-14231,1-Dec-25,2
NOAHS ARK PET SUPPLIES,PRD:IND:IND-GEODIS WHSE IND US,PAC00-14231,1-Jan-26,
NOAHS ARK PET SUPPLIES,PRD:IND:IND-GEODIS WHSE IND US,PAC00-14231,1-Feb-26,
NOAHS ARK PET SUPPLIES,PRD:IND:IND-GEODIS WHSE IND US,PAC00-14231,1-Mar-26,
NOAHS ARK PET SUPPLIES,PRD:IND:IND-GEODIS WHSE IND US,PAC00-14231,1-Apr-26,
NORTH LAKES PET WORLD,PRD:AU1:AU1-AUSTRALIA B2B B2C INV ORG,PAC00-14231,1-May-23,
NORTH LAKES PET WORLD,PRD:AU1:AU1-AUSTRALIA B2B B2C INV ORG,PAC00-14231,1-Jun-23,
NORTH LAKES PET WORLD,PRD:AU1:AU1-AUSTRALIA B2B B2C INV ORG,PAC00-14231,1-Jul-23,
NORTH LAKES PET WORLD,PRD:AU1:AU1-AUSTRALIA B2B B2C INV ORG,PAC00-14231,1-Aug-23,
NORTH LAKES PET WORLD,PRD:AU1:AU1-AUSTRALIA B2B B2C INV ORG,PAC00-14231,1-Sep-23,
NORTH LAKES PET WORLD,PRD:AU1:AU1-AUSTRALIA B2B B2C INV ORG,PAC00-14231,1-Oct-23,
NORTH LAKES PET WORLD,PRD:AU1:AU1-AUSTRALIA B2B B2C INV ORG,PAC00-14231,1-Nov-23,
NORTH LAKES PET WORLD,PRD:AU1:AU1-AUSTRALIA B2B B2C INV ORG,PAC00-14231,1-Dec-23,
NORTH LAKES PET WORLD,PRD:AU1:AU1-AUSTRALIA B2B B2C INV ORG,PAC00-14231,1-Jan-24,
NORTH LAKES PET WORLD,PRD:AU1:AU1-AUSTRALIA B2B B2C INV ORG,PAC00-14231,1-Feb-24,
NORTH LAKES PET WORLD,PRD:AU1:AU1-AUSTRALIA B2B B2C INV ORG,PAC00-14231,1-Mar-24,
NORTH LAKES PET WORLD,PRD:AU1:AU1-AUSTRALIA B2B B2C INV ORG,PAC00-14231,1-Apr-24,
NORTH LAKES PET WORLD,PRD:AU1:AU1-AUSTRALIA B2B B2C INV ORG,PAC00-14231,1-May-24,
NORTH LAKES PET WORLD,PRD:AU1:AU1-AUSTRALIA B2B B2C INV ORG,PAC00-14231,1-Jun-24,
NORTH LAKES PET WORLD,PRD:AU1:AU1-AUSTRALIA B2B B2C INV ORG,PAC00-14231,1-Jul-24,
NORTH LAKES PET WORLD,PRD:AU1:AU1-AUSTRALIA B2B B2C INV ORG,PAC00-14231,1-Aug-24,
NORTH LAKES PET WORLD,PRD:AU1:AU1-AUSTRALIA B2B B2C INV ORG,PAC00-14231,1-Sep-24,
NORTH LAKES PET WORLD,PRD:AU1:AU1-AUSTRALIA B2B B2C INV ORG,PAC00-14231,1-Oct-24,
NORTH LAKES PET WORLD,PRD:AU1:AU1-AUSTRALIA B2B B2C INV ORG,PAC00-14231,1-Nov-24,
NORTH LAKES PET WORLD,PRD:AU1:AU1-AUSTRALIA B2B B2C INV ORG,PAC00-14231,1-Dec-24,
NORTH LAKES PET WORLD,PRD:AU1:AU1-AUSTRALIA B2B B2C INV ORG,PAC00-14231,1-Jan-25,
NORTH LAKES PET WORLD,PRD:AU1:AU1-AUSTRALIA B2B B2C INV ORG,PAC00-14231,1-Feb-25,
NORTH LAKES PET WORLD,PRD:AU1:AU1-AUSTRALIA B2B B2C INV ORG,PAC00-14231,1-Mar-25,
NORTH LAKES PET WORLD,PRD:AU1:AU1-AUSTRALIA B2B B2C INV ORG,PAC00-14231,1-Apr-25,
NORTH LAKES PET WORLD,PRD:AU1:AU1-AUSTRALIA B2B B2C INV ORG,PAC00-14231,1-May-25,
NORTH LAKES PET WORLD,PRD:AU1:AU1-AUSTRALIA B2B B2C INV ORG,PAC00-14231,1-Jun-25,1
NORTH LAKES PET WORLD,PRD:AU1:AU1-AUSTRALIA B2B B2C INV ORG,PAC00-14231,1-Jul-25,
NORTH LAKES PET WORLD,PRD:AU1:AU1-AUSTRALIA B2B B2C INV ORG,PAC00-14231,1-Aug-25,
NORTH LAKES PET WORLD,PRD:AU1:AU1-AUSTRALIA B2B B2C INV ORG,PAC00-14231,1-Sep-25,2
NORTH LAKES PET WORLD,PRD:AU1:AU1-AUSTRALIA B2B B2C INV ORG,PAC00-14231,1-Oct-25,
NORTH LAKES PET WORLD,PRD:AU1:AU1-AUSTRALIA B2B B2C INV ORG,PAC00-14231,1-Nov-25,1
NORTH LAKES PET WORLD,PRD:AU1:AU1-AUSTRALIA B2B B2C INV ORG,PAC00-14231,1-Dec-25,2
NORTH LAKES PET WORLD,PRD:AU1:AU1-AUSTRALIA B2B B2C INV ORG,PAC00-14231,1-Jan-26,3
NORTH LAKES PET WORLD,PRD:AU1:AU1-AUSTRALIA B2B B2C INV ORG,PAC00-14231,1-Feb-26,5
NORTH LAKES PET WORLD,PRD:AU1:AU1-AUSTRALIA B2B B2C INV ORG,PAC00-14231,1-Mar-26,
NORTH LAKES PET WORLD,PRD:AU1:AU1-AUSTRALIA B2B B2C INV ORG,PAC00-14231,1-Apr-26,1
ORGILL BROTHERS,PRD:IND:IND-GEODIS WHSE IND US,PAC00-14231,1-May-23,
ORGILL BROTHERS,PRD:IND:IND-GEODIS WHSE IND US,PAC00-14231,1-Jun-23,
ORGILL BROTHERS,PRD:IND:IND-GEODIS WHSE IND US,PAC00-14231,1-Jul-23,8
ORGILL BROTHERS,PRD:IND:IND-GEODIS WHSE IND US,PAC00-14231,1-Aug-23,
ORGILL BROTHERS,PRD:IND:IND-GEODIS WHSE IND US,PAC00-14231,1-Sep-23,
ORGILL BROTHERS,PRD:IND:IND-GEODIS WHSE IND US,PAC00-14231,1-Oct-23,
ORGILL BROTHERS,PRD:IND:IND-GEODIS WHSE IND US,PAC00-14231,1-Nov-23,
ORGILL BROTHERS,PRD:IND:IND-GEODIS WHSE IND US,PAC00-14231,1-Dec-23,
ORGILL BROTHERS,PRD:IND:IND-GEODIS WHSE IND US,PAC00-14231,1-Jan-24,21
ORGILL BROTHERS,PRD:IND:IND-GEODIS WHSE IND US,PAC00-14231,1-Feb-24,11
ORGILL BROTHERS,PRD:IND:IND-GEODIS WHSE IND US,PAC00-14231,1-Mar-24,13
ORGILL BROTHERS,PRD:IND:IND-GEODIS WHSE IND US,PAC00-14231,1-Apr-24,22
ORGILL BROTHERS,PRD:IND:IND-GEODIS WHSE IND US,PAC00-14231,1-May-24,9
ORGILL BROTHERS,PRD:IND:IND-GEODIS WHSE IND US,PAC00-14231,1-Jun-24,6
ORGILL BROTHERS,PRD:IND:IND-GEODIS WHSE IND US,PAC00-14231,1-Jul-24,16
ORGILL BROTHERS,PRD:IND:IND-GEODIS WHSE IND US,PAC00-14231,1-Aug-24,11
ORGILL BROTHERS,PRD:IND:IND-GEODIS WHSE IND US,PAC00-14231,1-Sep-24,14
ORGILL BROTHERS,PRD:IND:IND-GEODIS WHSE IND US,PAC00-14231,1-Oct-24,19
ORGILL BROTHERS,PRD:IND:IND-GEODIS WHSE IND US,PAC00-14231,1-Nov-24,19
ORGILL BROTHERS,PRD:IND:IND-GEODIS WHSE IND US,PAC00-14231,1-Dec-24,3
ORGILL BROTHERS,PRD:IND:IND-GEODIS WHSE IND US,PAC00-14231,1-Jan-25,11
ORGILL BROTHERS,PRD:IND:IND-GEODIS WHSE IND US,PAC00-14231,1-Feb-25,17
ORGILL BROTHERS,PRD:IND:IND-GEODIS WHSE IND US,PAC00-14231,1-Mar-25,8
ORGILL BROTHERS,PRD:IND:IND-GEODIS WHSE IND US,PAC00-14231,1-Apr-25,11
ORGILL BROTHERS,PRD:IND:IND-GEODIS WHSE IND US,PAC00-14231,1-May-25,7
ORGILL BROTHERS,PRD:IND:IND-GEODIS WHSE IND US,PAC00-14231,1-Jun-25,8
ORGILL BROTHERS,PRD:IND:IND-GEODIS WHSE IND US,PAC00-14231,1-Jul-25,5
ORGILL BROTHERS,PRD:IND:IND-GEODIS WHSE IND US,PAC00-14231,1-Aug-25,7
ORGILL BROTHERS,PRD:IND:IND-GEODIS WHSE IND US,PAC00-14231,1-Sep-25,10
ORGILL BROTHERS,PRD:IND:IND-GEODIS WHSE IND US,PAC00-14231,1-Oct-25,31
ORGILL BROTHERS,PRD:IND:IND-GEODIS WHSE IND US,PAC00-14231,1-Nov-25,2
ORGILL BROTHERS,PRD:IND:IND-GEODIS WHSE IND US,PAC00-14231,1-Dec-25,15
ORGILL BROTHERS,PRD:IND:IND-GEODIS WHSE IND US,PAC00-14231,1-Jan-26,24
ORGILL BROTHERS,PRD:IND:IND-GEODIS WHSE IND US,PAC00-14231,1-Feb-26,14
ORGILL BROTHERS,PRD:IND:IND-GEODIS WHSE IND US,PAC00-14231,1-Mar-26,2
ORGILL BROTHERS,PRD:IND:IND-GEODIS WHSE IND US,PAC00-14231,1-Apr-26,9
ORSCHELN FARM AND HOME LLC CLOSED,PRD:IND:IND-GEODIS WHSE IND US,PAC00-14231,1-May-23,20
ORSCHELN FARM AND HOME LLC CLOSED,PRD:IND:IND-GEODIS WHSE IND US,PAC00-14231,1-Jun-23,15
ORSCHELN FARM AND HOME LLC CLOSED,PRD:IND:IND-GEODIS WHSE IND US,PAC00-14231,1-Jul-23,18
ORSCHELN FARM AND HOME LLC CLOSED,PRD:IND:IND-GEODIS WHSE IND US,PAC00-14231,1-Aug-23,18
ORSCHELN FARM AND HOME LLC CLOSED,PRD:IND:IND-GEODIS WHSE IND US,PAC00-14231,1-Sep-23,
ORSCHELN FARM AND HOME LLC CLOSED,PRD:IND:IND-GEODIS WHSE IND US,PAC00-14231,1-Oct-23,
ORSCHELN FARM AND HOME LLC CLOSED,PRD:IND:IND-GEODIS WHSE IND US,PAC00-14231,1-Nov-23,
ORSCHELN FARM AND HOME LLC CLOSED,PRD:IND:IND-GEODIS WHSE IND US,PAC00-14231,1-Dec-23,
ORSCHELN FARM AND HOME LLC CLOSED,PRD:IND:IND-GEODIS WHSE IND US,PAC00-14231,1-Jan-24,
ORSCHELN FARM AND HOME LLC CLOSED,PRD:IND:IND-GEODIS WHSE IND US,PAC00-14231,1-Feb-24,
ORSCHELN FARM AND HOME LLC CLOSED,PRD:IND:IND-GEODIS WHSE IND US,PAC00-14231,1-Mar-24,
ORSCHELN FARM AND HOME LLC CLOSED,PRD:IND:IND-GEODIS WHSE IND US,PAC00-14231,1-Apr-24,
ORSCHELN FARM AND HOME LLC CLOSED,PRD:IND:IND-GEODIS WHSE IND US,PAC00-14231,1-May-24,
ORSCHELN FARM AND HOME LLC CLOSED,PRD:IND:IND-GEODIS WHSE IND US,PAC00-14231,1-Jun-24,
ORSCHELN FARM AND HOME LLC CLOSED,PRD:IND:IND-GEODIS WHSE IND US,PAC00-14231,1-Jul-24,
ORSCHELN FARM AND HOME LLC CLOSED,PRD:IND:IND-GEODIS WHSE IND US,PAC00-14231,1-Aug-24,
ORSCHELN FARM AND HOME LLC CLOSED,PRD:IND:IND-GEODIS WHSE IND US,PAC00-14231,1-Sep-24,
ORSCHELN FARM AND HOME LLC CLOSED,PRD:IND:IND-GEODIS WHSE IND US,PAC00-14231,1-Oct-24,
ORSCHELN FARM AND HOME LLC CLOSED,PRD:IND:IND-GEODIS WHSE IND US,PAC00-14231,1-Nov-24,
ORSCHELN FARM AND HOME LLC CLOSED,PRD:IND:IND-GEODIS WHSE IND US,PAC00-14231,1-Dec-24,
ORSCHELN FARM AND HOME LLC CLOSED,PRD:IND:IND-GEODIS WHSE IND US,PAC00-14231,1-Jan-25,
ORSCHELN FARM AND HOME LLC CLOSED,PRD:IND:IND-GEODIS WHSE IND US,PAC00-14231,1-Feb-25,
ORSCHELN FARM AND HOME LLC CLOSED,PRD:IND:IND-GEODIS WHSE IND US,PAC00-14231,1-Mar-25,
ORSCHELN FARM AND HOME LLC CLOSED,PRD:IND:IND-GEODIS WHSE IND US,PAC00-14231,1-Apr-25,
ORSCHELN FARM AND HOME LLC CLOSED,PRD:IND:IND-GEODIS WHSE IND US,PAC00-14231,1-May-25,
ORSCHELN FARM AND HOME LLC CLOSED,PRD:IND:IND-GEODIS WHSE IND US,PAC00-14231,1-Jun-25,
ORSCHELN FARM AND HOME LLC CLOSED,PRD:IND:IND-GEODIS WHSE IND US,PAC00-14231,1-Jul-25,
ORSCHELN FARM AND HOME LLC CLOSED,PRD:IND:IND-GEODIS WHSE IND US,PAC00-14231,1-Aug-25,
ORSCHELN FARM AND HOME LLC CLOSED,PRD:IND:IND-GEODIS WHSE IND US,PAC00-14231,1-Sep-25,
ORSCHELN FARM AND HOME LLC CLOSED,PRD:IND:IND-GEODIS WHSE IND US,PAC00-14231,1-Oct-25,
ORSCHELN FARM AND HOME LLC CLOSED,PRD:IND:IND-GEODIS WHSE IND US,PAC00-14231,1-Nov-25,
ORSCHELN FARM AND HOME LLC CLOSED,PRD:IND:IND-GEODIS WHSE IND US,PAC00-14231,1-Dec-25,
ORSCHELN FARM AND HOME LLC CLOSED,PRD:IND:IND-GEODIS WHSE IND US,PAC00-14231,1-Jan-26,
ORSCHELN FARM AND HOME LLC CLOSED,PRD:IND:IND-GEODIS WHSE IND US,PAC00-14231,1-Feb-26,
ORSCHELN FARM AND HOME LLC CLOSED,PRD:IND:IND-GEODIS WHSE IND US,PAC00-14231,1-Mar-26,
ORSCHELN FARM AND HOME LLC CLOSED,PRD:IND:IND-GEODIS WHSE IND US,PAC00-14231,1-Apr-26,
PATTI L BLACKMORE DVM,PRD:IND:IND-GEODIS WHSE IND US,PAC00-14231,1-May-23,
PATTI L BLACKMORE DVM,PRD:IND:IND-GEODIS WHSE IND US,PAC00-14231,1-Jun-23,
PATTI L BLACKMORE DVM,PRD:IND:IND-GEODIS WHSE IND US,PAC00-14231,1-Jul-23,
PATTI L BLACKMORE DVM,PRD:IND:IND-GEODIS WHSE IND US,PAC00-14231,1-Aug-23,
PATTI L BLACKMORE DVM,PRD:IND:IND-GEODIS WHSE IND US,PAC00-14231,1-Sep-23,
PATTI L BLACKMORE DVM,PRD:IND:IND-GEODIS WHSE IND US,PAC00-14231,1-Oct-23,
PATTI L BLACKMORE DVM,PRD:IND:IND-GEODIS WHSE IND US,PAC00-14231,1-Nov-23,
PATTI L BLACKMORE DVM,PRD:IND:IND-GEODIS WHSE IND US,PAC00-14231,1-Dec-23,
PATTI L BLACKMORE DVM,PRD:IND:IND-GEODIS WHSE IND US,PAC00-14231,1-Jan-24,
PATTI L BLACKMORE DVM,PRD:IND:IND-GEODIS WHSE IND US,PAC00-14231,1-Feb-24,
PATTI L BLACKMORE DVM,PRD:IND:IND-GEODIS WHSE IND US,PAC00-14231,1-Mar-24,
PATTI L BLACKMORE DVM,PRD:IND:IND-GEODIS WHSE IND US,PAC00-14231,1-Apr-24,
PATTI L BLACKMORE DVM,PRD:IND:IND-GEODIS WHSE IND US,PAC00-14231,1-May-24,
PATTI L BLACKMORE DVM,PRD:IND:IND-GEODIS WHSE IND US,PAC00-14231,1-Jun-24,
PATTI L BLACKMORE DVM,PRD:IND:IND-GEODIS WHSE IND US,PAC00-14231,1-Jul-24,
PATTI L BLACKMORE DVM,PRD:IND:IND-GEODIS WHSE IND US,PAC00-14231,1-Aug-24,
PATTI L BLACKMORE DVM,PRD:IND:IND-GEODIS WHSE IND US,PAC00-14231,1-Sep-24,
PATTI L BLACKMORE DVM,PRD:IND:IND-GEODIS WHSE IND US,PAC00-14231,1-Oct-24,
PATTI L BLACKMORE DVM,PRD:IND:IND-GEODIS WHSE IND US,PAC00-14231,1-Nov-24,
PATTI L BLACKMORE DVM,PRD:IND:IND-GEODIS WHSE IND US,PAC00-14231,1-Dec-24,
PATTI L BLACKMORE DVM,PRD:IND:IND-GEODIS WHSE IND US,PAC00-14231,1-Jan-25,
PATTI L BLACKMORE DVM,PRD:IND:IND-GEODIS WHSE IND US,PAC00-14231,1-Feb-25,
PATTI L BLACKMORE DVM,PRD:IND:IND-GEODIS WHSE IND US,PAC00-14231,1-Mar-25,
PATTI L BLACKMORE DVM,PRD:IND:IND-GEODIS WHSE IND US,PAC00-14231,1-Apr-25,
PATTI L BLACKMORE DVM,PRD:IND:IND-GEODIS WHSE IND US,PAC00-14231,1-May-25,2
PATTI L BLACKMORE DVM,PRD:IND:IND-GEODIS WHSE IND US,PAC00-14231,1-Jun-25,
PATTI L BLACKMORE DVM,PRD:IND:IND-GEODIS WHSE IND US,PAC00-14231,1-Jul-25,
PATTI L BLACKMORE DVM,PRD:IND:IND-GEODIS WHSE IND US,PAC00-14231,1-Aug-25,
PATTI L BLACKMORE DVM,PRD:IND:IND-GEODIS WHSE IND US,PAC00-14231,1-Sep-25,
PATTI L BLACKMORE DVM,PRD:IND:IND-GEODIS WHSE IND US,PAC00-14231,1-Oct-25,2
PATTI L BLACKMORE DVM,PRD:IND:IND-GEODIS WHSE IND US,PAC00-14231,1-Nov-25,
PATTI L BLACKMORE DVM,PRD:IND:IND-GEODIS WHSE IND US,PAC00-14231,1-Dec-25,
PATTI L BLACKMORE DVM,PRD:IND:IND-GEODIS WHSE IND US,PAC00-14231,1-Jan-26,
PATTI L BLACKMORE DVM,PRD:IND:IND-GEODIS WHSE IND US,PAC00-14231,1-Feb-26,2
PATTI L BLACKMORE DVM,PRD:IND:IND-GEODIS WHSE IND US,PAC00-14231,1-Mar-26,
PATTI L BLACKMORE DVM,PRD:IND:IND-GEODIS WHSE IND US,PAC00-14231,1-Apr-26,
PAW OF THE FAMILY,PRD:IND:IND-GEODIS WHSE IND US,PAC00-14231,1-May-23,
PAW OF THE FAMILY,PRD:IND:IND-GEODIS WHSE IND US,PAC00-14231,1-Jun-23,
PAW OF THE FAMILY,PRD:IND:IND-GEODIS WHSE IND US,PAC00-14231,1-Jul-23,3
PAW OF THE FAMILY,PRD:IND:IND-GEODIS WHSE IND US,PAC00-14231,1-Aug-23,2
PAW OF THE FAMILY,PRD:IND:IND-GEODIS WHSE IND US,PAC00-14231,1-Sep-23,
PAW OF THE FAMILY,PRD:IND:IND-GEODIS WHSE IND US,PAC00-14231,1-Oct-23,2
PAW OF THE FAMILY,PRD:IND:IND-GEODIS WHSE IND US,PAC00-14231,1-Nov-23,2
PAW OF THE FAMILY,PRD:IND:IND-GEODIS WHSE IND US,PAC00-14231,1-Dec-23,1
PAW OF THE FAMILY,PRD:IND:IND-GEODIS WHSE IND US,PAC00-14231,1-Jan-24,2
PAW OF THE FAMILY,PRD:IND:IND-GEODIS WHSE IND US,PAC00-14231,1-Feb-24,3
PAW OF THE FAMILY,PRD:IND:IND-GEODIS WHSE IND US,PAC00-14231,1-Mar-24,3
PAW OF THE FAMILY,PRD:IND:IND-GEODIS WHSE IND US,PAC00-14231,1-Apr-24,1
PAW OF THE FAMILY,PRD:IND:IND-GEODIS WHSE IND US,PAC00-14231,1-May-24,
PAW OF THE FAMILY,PRD:IND:IND-GEODIS WHSE IND US,PAC00-14231,1-Jun-24,2
PAW OF THE FAMILY,PRD:IND:IND-GEODIS WHSE IND US,PAC00-14231,1-Jul-24,
PAW OF THE FAMILY,PRD:IND:IND-GEODIS WHSE IND US,PAC00-14231,1-Aug-24,
PAW OF THE FAMILY,PRD:IND:IND-GEODIS WHSE IND US,PAC00-14231,1-Sep-24,
PAW OF THE FAMILY,PRD:IND:IND-GEODIS WHSE IND US,PAC00-14231,1-Oct-24,
PAW OF THE FAMILY,PRD:IND:IND-GEODIS WHSE IND US,PAC00-14231,1-Nov-24,
PAW OF THE FAMILY,PRD:IND:IND-GEODIS WHSE IND US,PAC00-14231,1-Dec-24,
PAW OF THE FAMILY,PRD:IND:IND-GEODIS WHSE IND US,PAC00-14231,1-Jan-25,
PAW OF THE FAMILY,PRD:IND:IND-GEODIS WHSE IND US,PAC00-14231,1-Feb-25,
PAW OF THE FAMILY,PRD:IND:IND-GEODIS WHSE IND US,PAC00-14231,1-Mar-25,
PAW OF THE FAMILY,PRD:IND:IND-GEODIS WHSE IND US,PAC00-14231,1-Apr-25,
PAW OF THE FAMILY,PRD:IND:IND-GEODIS WHSE IND US,PAC00-14231,1-May-25,
PAW OF THE FAMILY,PRD:IND:IND-GEODIS WHSE IND US,PAC00-14231,1-Jun-25,
PAW OF THE FAMILY,PRD:IND:IND-GEODIS WHSE IND US,PAC00-14231,1-Jul-25,
PAW OF THE FAMILY,PRD:IND:IND-GEODIS WHSE IND US,PAC00-14231,1-Aug-25,
PAW OF THE FAMILY,PRD:IND:IND-GEODIS WHSE IND US,PAC00-14231,1-Sep-25,
PAW OF THE FAMILY,PRD:IND:IND-GEODIS WHSE IND US,PAC00-14231,1-Oct-25,
PAW OF THE FAMILY,PRD:IND:IND-GEODIS WHSE IND US,PAC00-14231,1-Nov-25,
PAW OF THE FAMILY,PRD:IND:IND-GEODIS WHSE IND US,PAC00-14231,1-Dec-25,
PAW OF THE FAMILY,PRD:IND:IND-GEODIS WHSE IND US,PAC00-14231,1-Jan-26,
PAW OF THE FAMILY,PRD:IND:IND-GEODIS WHSE IND US,PAC00-14231,1-Feb-26,
PAW OF THE FAMILY,PRD:IND:IND-GEODIS WHSE IND US,PAC00-14231,1-Mar-26,
PAW OF THE FAMILY,PRD:IND:IND-GEODIS WHSE IND US,PAC00-14231,1-Apr-26,
PAWS INN RESORT AND TRAINING,PRD:IND:IND-GEODIS WHSE IND US,PAC00-14231,1-May-23,
PAWS INN RESORT AND TRAINING,PRD:IND:IND-GEODIS WHSE IND US,PAC00-14231,1-Jun-23,
PAWS INN RESORT AND TRAINING,PRD:IND:IND-GEODIS WHSE IND US,PAC00-14231,1-Jul-23,3
PAWS INN RESORT AND TRAINING,PRD:IND:IND-GEODIS WHSE IND US,PAC00-14231,1-Aug-23,
PAWS INN RESORT AND TRAINING,PRD:IND:IND-GEODIS WHSE IND US,PAC00-14231,1-Sep-23,
PAWS INN RESORT AND TRAINING,PRD:IND:IND-GEODIS WHSE IND US,PAC00-14231,1-Oct-23,
PAWS INN RESORT AND TRAINING,PRD:IND:IND-GEODIS WHSE IND US,PAC00-14231,1-Nov-23,
PAWS INN RESORT AND TRAINING,PRD:IND:IND-GEODIS WHSE IND US,PAC00-14231,1-Dec-23,
PAWS INN RESORT AND TRAINING,PRD:IND:IND-GEODIS WHSE IND US,PAC00-14231,1-Jan-24,
PAWS INN RESORT AND TRAINING,PRD:IND:IND-GEODIS WHSE IND US,PAC00-14231,1-Feb-24,
PAWS INN RESORT AND TRAINING,PRD:IND:IND-GEODIS WHSE IND US,PAC00-14231,1-Mar-24,
PAWS INN RESORT AND TRAINING,PRD:IND:IND-GEODIS WHSE IND US,PAC00-14231,1-Apr-24,
PAWS INN RESORT AND TRAINING,PRD:IND:IND-GEODIS WHSE IND US,PAC00-14231,1-May-24,
PAWS INN RESORT AND TRAINING,PRD:IND:IND-GEODIS WHSE IND US,PAC00-14231,1-Jun-24,
PAWS INN RESORT AND TRAINING,PRD:IND:IND-GEODIS WHSE IND US,PAC00-14231,1-Jul-24,
PAWS INN RESORT AND TRAINING,PRD:IND:IND-GEODIS WHSE IND US,PAC00-14231,1-Aug-24,
PAWS INN RESORT AND TRAINING,PRD:IND:IND-GEODIS WHSE IND US,PAC00-14231,1-Sep-24,
PAWS INN RESORT AND TRAINING,PRD:IND:IND-GEODIS WHSE IND US,PAC00-14231,1-Oct-24,
PAWS INN RESORT AND TRAINING,PRD:IND:IND-GEODIS WHSE IND US,PAC00-14231,1-Nov-24,
PAWS INN RESORT AND TRAINING,PRD:IND:IND-GEODIS WHSE IND US,PAC00-14231,1-Dec-24,
PAWS INN RESORT AND TRAINING,PRD:IND:IND-GEODIS WHSE IND US,PAC00-14231,1-Jan-25,
PAWS INN RESORT AND TRAINING,PRD:IND:IND-GEODIS WHSE IND US,PAC00-14231,1-Feb-25,
PAWS INN RESORT AND TRAINING,PRD:IND:IND-GEODIS WHSE IND US,PAC00-14231,1-Mar-25,
PAWS INN RESORT AND TRAINING,PRD:IND:IND-GEODIS WHSE IND US,PAC00-14231,1-Apr-25,
PAWS INN RESORT AND TRAINING,PRD:IND:IND-GEODIS WHSE IND US,PAC00-14231,1-May-25,
PAWS INN RESORT AND TRAINING,PRD:IND:IND-GEODIS WHSE IND US,PAC00-14231,1-Jun-25,
PAWS INN RESORT AND TRAINING,PRD:IND:IND-GEODIS WHSE IND US,PAC00-14231,1-Jul-25,3
PAWS INN RESORT AND TRAINING,PRD:IND:IND-GEODIS WHSE IND US,PAC00-14231,1-Aug-25,
PAWS INN RESORT AND TRAINING,PRD:IND:IND-GEODIS WHSE IND US,PAC00-14231,1-Sep-25,
PAWS INN RESORT AND TRAINING,PRD:IND:IND-GEODIS WHSE IND US,PAC00-14231,1-Oct-25,
PAWS INN RESORT AND TRAINING,PRD:IND:IND-GEODIS WHSE IND US,PAC00-14231,1-Nov-25,
PAWS INN RESORT AND TRAINING,PRD:IND:IND-GEODIS WHSE IND US,PAC00-14231,1-Dec-25,
PAWS INN RESORT AND TRAINING,PRD:IND:IND-GEODIS WHSE IND US,PAC00-14231,1-Jan-26,
PAWS INN RESORT AND TRAINING,PRD:IND:IND-GEODIS WHSE IND US,PAC00-14231,1-Feb-26,
PAWS INN RESORT AND TRAINING,PRD:IND:IND-GEODIS WHSE IND US,PAC00-14231,1-Mar-26,
PAWS INN RESORT AND TRAINING,PRD:IND:IND-GEODIS WHSE IND US,PAC00-14231,1-Apr-26,
PAWS NATURAL PET EMPORIUM,PRD:IND:IND-GEODIS WHSE IND US,PAC00-14231,1-May-23,6
PAWS NATURAL PET EMPORIUM,PRD:IND:IND-GEODIS WHSE IND US,PAC00-14231,1-Jun-23,
PAWS NATURAL PET EMPORIUM,PRD:IND:IND-GEODIS WHSE IND US,PAC00-14231,1-Jul-23,
PAWS NATURAL PET EMPORIUM,PRD:IND:IND-GEODIS WHSE IND US,PAC00-14231,1-Aug-23,
PAWS NATURAL PET EMPORIUM,PRD:IND:IND-GEODIS WHSE IND US,PAC00-14231,1-Sep-23,
PAWS NATURAL PET EMPORIUM,PRD:IND:IND-GEODIS WHSE IND US,PAC00-14231,1-Oct-23,
PAWS NATURAL PET EMPORIUM,PRD:IND:IND-GEODIS WHSE IND US,PAC00-14231,1-Nov-23,
PAWS NATURAL PET EMPORIUM,PRD:IND:IND-GEODIS WHSE IND US,PAC00-14231,1-Dec-23,
PAWS NATURAL PET EMPORIUM,PRD:IND:IND-GEODIS WHSE IND US,PAC00-14231,1-Jan-24,
PAWS NATURAL PET EMPORIUM,PRD:IND:IND-GEODIS WHSE IND US,PAC00-14231,1-Feb-24,
PAWS NATURAL PET EMPORIUM,PRD:IND:IND-GEODIS WHSE IND US,PAC00-14231,1-Mar-24,
PAWS NATURAL PET EMPORIUM,PRD:IND:IND-GEODIS WHSE IND US,PAC00-14231,1-Apr-24,
PAWS NATURAL PET EMPORIUM,PRD:IND:IND-GEODIS WHSE IND US,PAC00-14231,1-May-24,
PAWS NATURAL PET EMPORIUM,PRD:IND:IND-GEODIS WHSE IND US,PAC00-14231,1-Jun-24,
PAWS NATURAL PET EMPORIUM,PRD:IND:IND-GEODIS WHSE IND US,PAC00-14231,1-Jul-24,
PAWS NATURAL PET EMPORIUM,PRD:IND:IND-GEODIS WHSE IND US,PAC00-14231,1-Aug-24,
PAWS NATURAL PET EMPORIUM,PRD:IND:IND-GEODIS WHSE IND US,PAC00-14231,1-Sep-24,
PAWS NATURAL PET EMPORIUM,PRD:IND:IND-GEODIS WHSE IND US,PAC00-14231,1-Oct-24,
PAWS NATURAL PET EMPORIUM,PRD:IND:IND-GEODIS WHSE IND US,PAC00-14231,1-Nov-24,
PAWS NATURAL PET EMPORIUM,PRD:IND:IND-GEODIS WHSE IND US,PAC00-14231,1-Dec-24,
PAWS NATURAL PET EMPORIUM,PRD:IND:IND-GEODIS WHSE IND US,PAC00-14231,1-Jan-25,
PAWS NATURAL PET EMPORIUM,PRD:IND:IND-GEODIS WHSE IND US,PAC00-14231,1-Feb-25,
PAWS NATURAL PET EMPORIUM,PRD:IND:IND-GEODIS WHSE IND US,PAC00-14231,1-Mar-25,
PAWS NATURAL PET EMPORIUM,PRD:IND:IND-GEODIS WHSE IND US,PAC00-14231,1-Apr-25,
PAWS NATURAL PET EMPORIUM,PRD:IND:IND-GEODIS WHSE IND US,PAC00-14231,1-May-25,
PAWS NATURAL PET EMPORIUM,PRD:IND:IND-GEODIS WHSE IND US,PAC00-14231,1-Jun-25,
PAWS NATURAL PET EMPORIUM,PRD:IND:IND-GEODIS WHSE IND US,PAC00-14231,1-Jul-25,
PAWS NATURAL PET EMPORIUM,PRD:IND:IND-GEODIS WHSE IND US,PAC00-14231,1-Aug-25,
PAWS NATURAL PET EMPORIUM,PRD:IND:IND-GEODIS WHSE IND US,PAC00-14231,1-Sep-25,
PAWS NATURAL PET EMPORIUM,PRD:IND:IND-GEODIS WHSE IND US,PAC00-14231,1-Oct-25,
PAWS NATURAL PET EMPORIUM,PRD:IND:IND-GEODIS WHSE IND US,PAC00-14231,1-Nov-25,
PAWS NATURAL PET EMPORIUM,PRD:IND:IND-GEODIS WHSE IND US,PAC00-14231,1-Dec-25,
PAWS NATURAL PET EMPORIUM,PRD:IND:IND-GEODIS WHSE IND US,PAC00-14231,1-Jan-26,
PAWS NATURAL PET EMPORIUM,PRD:IND:IND-GEODIS WHSE IND US,PAC00-14231,1-Feb-26,
PAWS NATURAL PET EMPORIUM,PRD:IND:IND-GEODIS WHSE IND US,PAC00-14231,1-Mar-26,
PAWS NATURAL PET EMPORIUM,PRD:IND:IND-GEODIS WHSE IND US,PAC00-14231,1-Apr-26,
PAWSITIVE STEPS LLC,PRD:IND:IND-GEODIS WHSE IND US,PBC-1000,1-May-23,
PAWSITIVE STEPS LLC,PRD:IND:IND-GEODIS WHSE IND US,PBC-1000,1-Jun-23,
PAWSITIVE STEPS LLC,PRD:IND:IND-GEODIS WHSE IND US,PBC-1000,1-Jul-23,
PAWSITIVE STEPS LLC,PRD:IND:IND-GEODIS WHSE IND US,PBC-1000,1-Aug-23,
PAWSITIVE STEPS LLC,PRD:IND:IND-GEODIS WHSE IND US,PBC-1000,1-Sep-23,
PAWSITIVE STEPS LLC,PRD:IND:IND-GEODIS WHSE IND US,PBC-1000,1-Oct-23,
PAWSITIVE STEPS LLC,PRD:IND:IND-GEODIS WHSE IND US,PBC-1000,1-Nov-23,
PAWSITIVE STEPS LLC,PRD:IND:IND-GEODIS WHSE IND US,PBC-1000,1-Dec-23,
PAWSITIVE STEPS LLC,PRD:IND:IND-GEODIS WHSE IND US,PBC-1000,1-Jan-24,
PAWSITIVE STEPS LLC,PRD:IND:IND-GEODIS WHSE IND US,PBC-1000,1-Feb-24,
PAWSITIVE STEPS LLC,PRD:IND:IND-GEODIS WHSE IND US,PBC-1000,1-Mar-24,
PAWSITIVE STEPS LLC,PRD:IND:IND-GEODIS WHSE IND US,PBC-1000,1-Apr-24,
PAWSITIVE STEPS LLC,PRD:IND:IND-GEODIS WHSE IND US,PBC-1000,1-May-24,
PAWSITIVE STEPS LLC,PRD:IND:IND-GEODIS WHSE IND US,PBC-1000,1-Jun-24,
PAWSITIVE STEPS LLC,PRD:IND:IND-GEODIS WHSE IND US,PBC-1000,1-Jul-24,
PAWSITIVE STEPS LLC,PRD:IND:IND-GEODIS WHSE IND US,PBC-1000,1-Aug-24,
PAWSITIVE STEPS LLC,PRD:IND:IND-GEODIS WHSE IND US,PBC-1000,1-Sep-24,
PAWSITIVE STEPS LLC,PRD:IND:IND-GEODIS WHSE IND US,PBC-1000,1-Oct-24,
PAWSITIVE STEPS LLC,PRD:IND:IND-GEODIS WHSE IND US,PBC-1000,1-Nov-24,
PAWSITIVE STEPS LLC,PRD:IND:IND-GEODIS WHSE IND US,PBC-1000,1-Dec-24,
PAWSITIVE STEPS LLC,PRD:IND:IND-GEODIS WHSE IND US,PBC-1000,1-Jan-25,
PAWSITIVE STEPS LLC,PRD:IND:IND-GEODIS WHSE IND US,PBC-1000,1-Feb-25,
PAWSITIVE STEPS LLC,PRD:IND:IND-GEODIS WHSE IND US,PBC-1000,1-Mar-25,
PAWSITIVE STEPS LLC,PRD:IND:IND-GEODIS WHSE IND US,PBC-1000,1-Apr-25,
PAWSITIVE STEPS LLC,PRD:IND:IND-GEODIS WHSE IND US,PBC-1000,1-May-25,
PAWSITIVE STEPS LLC,PRD:IND:IND-GEODIS WHSE IND US,PBC-1000,1-Jun-25,
PAWSITIVE STEPS LLC,PRD:IND:IND-GEODIS WHSE IND US,PBC-1000,1-Jul-25,
PAWSITIVE STEPS LLC,PRD:IND:IND-GEODIS WHSE IND US,PBC-1000,1-Aug-25,5
PAWSITIVE STEPS LLC,PRD:IND:IND-GEODIS WHSE IND US,PBC-1000,1-Sep-25,
PAWSITIVE STEPS LLC,PRD:IND:IND-GEODIS WHSE IND US,PBC-1000,1-Oct-25,
PAWSITIVE STEPS LLC,PRD:IND:IND-GEODIS WHSE IND US,PBC-1000,1-Nov-25,
PAWSITIVE STEPS LLC,PRD:IND:IND-GEODIS WHSE IND US,PBC-1000,1-Dec-25,
PAWSITIVE STEPS LLC,PRD:IND:IND-GEODIS WHSE IND US,PBC-1000,1-Jan-26,
PAWSITIVE STEPS LLC,PRD:IND:IND-GEODIS WHSE IND US,PBC-1000,1-Feb-26,
PAWSITIVE STEPS LLC,PRD:IND:IND-GEODIS WHSE IND US,PBC-1000,1-Mar-26,
PAWSITIVE STEPS LLC,PRD:IND:IND-GEODIS WHSE IND US,PBC-1000,1-Apr-26,
PET AFFECTION,PRD:AU1:AU1-AUSTRALIA B2B B2C INV ORG,PAC00-14231,1-May-23,
PET AFFECTION,PRD:AU1:AU1-AUSTRALIA B2B B2C INV ORG,PAC00-14231,1-Jun-23,
PET AFFECTION,PRD:AU1:AU1-AUSTRALIA B2B B2C INV ORG,PAC00-14231,1-Jul-23,
PET AFFECTION,PRD:AU1:AU1-AUSTRALIA B2B B2C INV ORG,PAC00-14231,1-Aug-23,
PET AFFECTION,PRD:AU1:AU1-AUSTRALIA B2B B2C INV ORG,PAC00-14231,1-Sep-23,
PET AFFECTION,PRD:AU1:AU1-AUSTRALIA B2B B2C INV ORG,PAC00-14231,1-Oct-23,
PET AFFECTION,PRD:AU1:AU1-AUSTRALIA B2B B2C INV ORG,PAC00-14231,1-Nov-23,
PET AFFECTION,PRD:AU1:AU1-AUSTRALIA B2B B2C INV ORG,PAC00-14231,1-Dec-23,
PET AFFECTION,PRD:AU1:AU1-AUSTRALIA B2B B2C INV ORG,PAC00-14231,1-Jan-24,
PET AFFECTION,PRD:AU1:AU1-AUSTRALIA B2B B2C INV ORG,PAC00-14231,1-Feb-24,
PET AFFECTION,PRD:AU1:AU1-AUSTRALIA B2B B2C INV ORG,PAC00-14231,1-Mar-24,
PET AFFECTION,PRD:AU1:AU1-AUSTRALIA B2B B2C INV ORG,PAC00-14231,1-Apr-24,
PET AFFECTION,PRD:AU1:AU1-AUSTRALIA B2B B2C INV ORG,PAC00-14231,1-May-24,
PET AFFECTION,PRD:AU1:AU1-AUSTRALIA B2B B2C INV ORG,PAC00-14231,1-Jun-24,
PET AFFECTION,PRD:AU1:AU1-AUSTRALIA B2B B2C INV ORG,PAC00-14231,1-Jul-24,
PET AFFECTION,PRD:AU1:AU1-AUSTRALIA B2B B2C INV ORG,PAC00-14231,1-Aug-24,
PET AFFECTION,PRD:AU1:AU1-AUSTRALIA B2B B2C INV ORG,PAC00-14231,1-Sep-24,
PET AFFECTION,PRD:AU1:AU1-AUSTRALIA B2B B2C INV ORG,PAC00-14231,1-Oct-24,
PET AFFECTION,PRD:AU1:AU1-AUSTRALIA B2B B2C INV ORG,PAC00-14231,1-Nov-24,
PET AFFECTION,PRD:AU1:AU1-AUSTRALIA B2B B2C INV ORG,PAC00-14231,1-Dec-24,
PET AFFECTION,PRD:AU1:AU1-AUSTRALIA B2B B2C INV ORG,PAC00-14231,1-Jan-25,
PET AFFECTION,PRD:AU1:AU1-AUSTRALIA B2B B2C INV ORG,PAC00-14231,1-Feb-25,4
PET AFFECTION,PRD:AU1:AU1-AUSTRALIA B2B B2C INV ORG,PAC00-14231,1-Mar-25,
PET AFFECTION,PRD:AU1:AU1-AUSTRALIA B2B B2C INV ORG,PAC00-14231,1-Apr-25,
PET AFFECTION,PRD:AU1:AU1-AUSTRALIA B2B B2C INV ORG,PAC00-14231,1-May-25,4
PET AFFECTION,PRD:AU1:AU1-AUSTRALIA B2B B2C INV ORG,PAC00-14231,1-Jun-25,
PET AFFECTION,PRD:AU1:AU1-AUSTRALIA B2B B2C INV ORG,PAC00-14231,1-Jul-25,10
PET AFFECTION,PRD:AU1:AU1-AUSTRALIA B2B B2C INV ORG,PAC00-14231,1-Aug-25,
PET AFFECTION,PRD:AU1:AU1-AUSTRALIA B2B B2C INV ORG,PAC00-14231,1-Sep-25,
PET AFFECTION,PRD:AU1:AU1-AUSTRALIA B2B B2C INV ORG,PAC00-14231,1-Oct-25,6
PET AFFECTION,PRD:AU1:AU1-AUSTRALIA B2B B2C INV ORG,PAC00-14231,1-Nov-25,
PET AFFECTION,PRD:AU1:AU1-AUSTRALIA B2B B2C INV ORG,PAC00-14231,1-Dec-25,
PET AFFECTION,PRD:AU1:AU1-AUSTRALIA B2B B2C INV ORG,PAC00-14231,1-Jan-26,6
PET AFFECTION,PRD:AU1:AU1-AUSTRALIA B2B B2C INV ORG,PAC00-14231,1-Feb-26,
PET AFFECTION,PRD:AU1:AU1-AUSTRALIA B2B B2C INV ORG,PAC00-14231,1-Mar-26,
PET AFFECTION,PRD:AU1:AU1-AUSTRALIA B2B B2C INV ORG,PAC00-14231,1-Apr-26,
PET CIRCLE,PRD:AU1:AU1-AUSTRALIA B2B B2C INV ORG,PAC00-14231,1-May-23,
PET CIRCLE,PRD:AU1:AU1-AUSTRALIA B2B B2C INV ORG,PAC00-14231,1-Jun-23,
PET CIRCLE,PRD:AU1:AU1-AUSTRALIA B2B B2C INV ORG,PAC00-14231,1-Jul-23,
PET CIRCLE,PRD:AU1:AU1-AUSTRALIA B2B B2C INV ORG,PAC00-14231,1-Aug-23,
PET CIRCLE,PRD:AU1:AU1-AUSTRALIA B2B B2C INV ORG,PAC00-14231,1-Sep-23,
PET CIRCLE,PRD:AU1:AU1-AUSTRALIA B2B B2C INV ORG,PAC00-14231,1-Oct-23,
PET CIRCLE,PRD:AU1:AU1-AUSTRALIA B2B B2C INV ORG,PAC00-14231,1-Nov-23,
PET CIRCLE,PRD:AU1:AU1-AUSTRALIA B2B B2C INV ORG,PAC00-14231,1-Dec-23,
PET CIRCLE,PRD:AU1:AU1-AUSTRALIA B2B B2C INV ORG,PAC00-14231,1-Jan-24,
PET CIRCLE,PRD:AU1:AU1-AUSTRALIA B2B B2C INV ORG,PAC00-14231,1-Feb-24,
PET CIRCLE,PRD:AU1:AU1-AUSTRALIA B2B B2C INV ORG,PAC00-14231,1-Mar-24,
PET CIRCLE,PRD:AU1:AU1-AUSTRALIA B2B B2C INV ORG,PAC00-14231,1-Apr-24,
PET CIRCLE,PRD:AU1:AU1-AUSTRALIA B2B B2C INV ORG,PAC00-14231,1-May-24,
PET CIRCLE,PRD:AU1:AU1-AUSTRALIA B2B B2C INV ORG,PAC00-14231,1-Jun-24,
PET CIRCLE,PRD:AU1:AU1-AUSTRALIA B2B B2C INV ORG,PAC00-14231,1-Jul-24,
PET CIRCLE,PRD:AU1:AU1-AUSTRALIA B2B B2C INV ORG,PAC00-14231,1-Aug-24,
PET CIRCLE,PRD:AU1:AU1-AUSTRALIA B2B B2C INV ORG,PAC00-14231,1-Sep-24,
PET CIRCLE,PRD:AU1:AU1-AUSTRALIA B2B B2C INV ORG,PAC00-14231,1-Oct-24,
PET CIRCLE,PRD:AU1:AU1-AUSTRALIA B2B B2C INV ORG,PAC00-14231,1-Nov-24,
PET CIRCLE,PRD:AU1:AU1-AUSTRALIA B2B B2C INV ORG,PAC00-14231,1-Dec-24,
PET CIRCLE,PRD:AU1:AU1-AUSTRALIA B2B B2C INV ORG,PAC00-14231,1-Jan-25,
PET CIRCLE,PRD:AU1:AU1-AUSTRALIA B2B B2C INV ORG,PAC00-14231,1-Feb-25,416
PET CIRCLE,PRD:AU1:AU1-AUSTRALIA B2B B2C INV ORG,PAC00-14231,1-Mar-25,178
PET CIRCLE,PRD:AU1:AU1-AUSTRALIA B2B B2C INV ORG,PAC00-14231,1-Apr-25,273
PET CIRCLE,PRD:AU1:AU1-AUSTRALIA B2B B2C INV ORG,PAC00-14231,1-May-25,250
PET CIRCLE,PRD:AU1:AU1-AUSTRALIA B2B B2C INV ORG,PAC00-14231,1-Jun-25,
PET CIRCLE,PRD:AU1:AU1-AUSTRALIA B2B B2C INV ORG,PAC00-14231,1-Jul-25,
PET CIRCLE,PRD:AU1:AU1-AUSTRALIA B2B B2C INV ORG,PAC00-14231,1-Aug-25,
PET CIRCLE,PRD:AU1:AU1-AUSTRALIA B2B B2C INV ORG,PAC00-14231,1-Sep-25,
PET CIRCLE,PRD:AU1:AU1-AUSTRALIA B2B B2C INV ORG,PAC00-14231,1-Oct-25,
PET CIRCLE,PRD:AU1:AU1-AUSTRALIA B2B B2C INV ORG,PAC00-14231,1-Nov-25,
PET CIRCLE,PRD:AU1:AU1-AUSTRALIA B2B B2C INV ORG,PAC00-14231,1-Dec-25,
PET CIRCLE,PRD:AU1:AU1-AUSTRALIA B2B B2C INV ORG,PAC00-14231,1-Jan-26,
PET CIRCLE,PRD:AU1:AU1-AUSTRALIA B2B B2C INV ORG,PAC00-14231,1-Feb-26,
PET CIRCLE,PRD:AU1:AU1-AUSTRALIA B2B B2C INV ORG,PAC00-14231,1-Mar-26,
PET CIRCLE,PRD:AU1:AU1-AUSTRALIA B2B B2C INV ORG,PAC00-14231,1-Apr-26,120
PET CITY - MOUNT GRAVATT,PRD:AU1:AU1-AUSTRALIA B2B B2C INV ORG,PAC00-14231,1-May-23,
PET CITY - MOUNT GRAVATT,PRD:AU1:AU1-AUSTRALIA B2B B2C INV ORG,PAC00-14231,1-Jun-23,
PET CITY - MOUNT GRAVATT,PRD:AU1:AU1-AUSTRALIA B2B B2C INV ORG,PAC00-14231,1-Jul-23,
PET CITY - MOUNT GRAVATT,PRD:AU1:AU1-AUSTRALIA B2B B2C INV ORG,PAC00-14231,1-Aug-23,
PET CITY - MOUNT GRAVATT,PRD:AU1:AU1-AUSTRALIA B2B B2C INV ORG,PAC00-14231,1-Sep-23,
PET CITY - MOUNT GRAVATT,PRD:AU1:AU1-AUSTRALIA B2B B2C INV ORG,PAC00-14231,1-Oct-23,
PET CITY - MOUNT GRAVATT,PRD:AU1:AU1-AUSTRALIA B2B B2C INV ORG,PAC00-14231,1-Nov-23,
PET CITY - MOUNT GRAVATT,PRD:AU1:AU1-AUSTRALIA B2B B2C INV ORG,PAC00-14231,1-Dec-23,
PET CITY - MOUNT GRAVATT,PRD:AU1:AU1-AUSTRALIA B2B B2C INV ORG,PAC00-14231,1-Jan-24,
PET CITY - MOUNT GRAVATT,PRD:AU1:AU1-AUSTRALIA B2B B2C INV ORG,PAC00-14231,1-Feb-24,
PET CITY - MOUNT GRAVATT,PRD:AU1:AU1-AUSTRALIA B2B B2C INV ORG,PAC00-14231,1-Mar-24,
PET CITY - MOUNT GRAVATT,PRD:AU1:AU1-AUSTRALIA B2B B2C INV ORG,PAC00-14231,1-Apr-24,
PET CITY - MOUNT GRAVATT,PRD:AU1:AU1-AUSTRALIA B2B B2C INV ORG,PAC00-14231,1-May-24,
PET CITY - MOUNT GRAVATT,PRD:AU1:AU1-AUSTRALIA B2B B2C INV ORG,PAC00-14231,1-Jun-24,
PET CITY - MOUNT GRAVATT,PRD:AU1:AU1-AUSTRALIA B2B B2C INV ORG,PAC00-14231,1-Jul-24,
PET CITY - MOUNT GRAVATT,PRD:AU1:AU1-AUSTRALIA B2B B2C INV ORG,PAC00-14231,1-Aug-24,
PET CITY - MOUNT GRAVATT,PRD:AU1:AU1-AUSTRALIA B2B B2C INV ORG,PAC00-14231,1-Sep-24,
PET CITY - MOUNT GRAVATT,PRD:AU1:AU1-AUSTRALIA B2B B2C INV ORG,PAC00-14231,1-Oct-24,
PET CITY - MOUNT GRAVATT,PRD:AU1:AU1-AUSTRALIA B2B B2C INV ORG,PAC00-14231,1-Nov-24,
PET CITY - MOUNT GRAVATT,PRD:AU1:AU1-AUSTRALIA B2B B2C INV ORG,PAC00-14231,1-Dec-24,
PET CITY - MOUNT GRAVATT,PRD:AU1:AU1-AUSTRALIA B2B B2C INV ORG,PAC00-14231,1-Jan-25,
PET CITY - MOUNT GRAVATT,PRD:AU1:AU1-AUSTRALIA B2B B2C INV ORG,PAC00-14231,1-Feb-25,
PET CITY - MOUNT GRAVATT,PRD:AU1:AU1-AUSTRALIA B2B B2C INV ORG,PAC00-14231,1-Mar-25,
PET CITY - MOUNT GRAVATT,PRD:AU1:AU1-AUSTRALIA B2B B2C INV ORG,PAC00-14231,1-Apr-25,
PET CITY - MOUNT GRAVATT,PRD:AU1:AU1-AUSTRALIA B2B B2C INV ORG,PAC00-14231,1-May-25,
PET CITY - MOUNT GRAVATT,PRD:AU1:AU1-AUSTRALIA B2B B2C INV ORG,PAC00-14231,1-Jun-25,1
PET CITY - MOUNT GRAVATT,PRD:AU1:AU1-AUSTRALIA B2B B2C INV ORG,PAC00-14231,1-Jul-25,
PET CITY - MOUNT GRAVATT,PRD:AU1:AU1-AUSTRALIA B2B B2C INV ORG,PAC00-14231,1-Aug-25,3
PET CITY - MOUNT GRAVATT,PRD:AU1:AU1-AUSTRALIA B2B B2C INV ORG,PAC00-14231,1-Sep-25,
PET CITY - MOUNT GRAVATT,PRD:AU1:AU1-AUSTRALIA B2B B2C INV ORG,PAC00-14231,1-Oct-25,2
PET CITY - MOUNT GRAVATT,PRD:AU1:AU1-AUSTRALIA B2B B2C INV ORG,PAC00-14231,1-Nov-25,
PET CITY - MOUNT GRAVATT,PRD:AU1:AU1-AUSTRALIA B2B B2C INV ORG,PAC00-14231,1-Dec-25,3
PET CITY - MOUNT GRAVATT,PRD:AU1:AU1-AUSTRALIA B2B B2C INV ORG,PAC00-14231,1-Jan-26,
PET CITY - MOUNT GRAVATT,PRD:AU1:AU1-AUSTRALIA B2B B2C INV ORG,PAC00-14231,1-Feb-26,3
PET CITY - MOUNT GRAVATT,PRD:AU1:AU1-AUSTRALIA B2B B2C INV ORG,PAC00-14231,1-Mar-26,
PET CITY - MOUNT GRAVATT,PRD:AU1:AU1-AUSTRALIA B2B B2C INV ORG,PAC00-14231,1-Apr-26,
PET CLUB,PRD:IND:IND-GEODIS WHSE IND US,PBC-1000,1-May-23,
PET CLUB,PRD:IND:IND-GEODIS WHSE IND US,PBC-1000,1-Jun-23,
PET CLUB,PRD:IND:IND-GEODIS WHSE IND US,PBC-1000,1-Jul-23,6
PET CLUB,PRD:IND:IND-GEODIS WHSE IND US,PBC-1000,1-Aug-23,
PET CLUB,PRD:IND:IND-GEODIS WHSE IND US,PBC-1000,1-Sep-23,
PET CLUB,PRD:IND:IND-GEODIS WHSE IND US,PBC-1000,1-Oct-23,4
PET CLUB,PRD:IND:IND-GEODIS WHSE IND US,PBC-1000,1-Nov-23,
PET CLUB,PRD:IND:IND-GEODIS WHSE IND US,PBC-1000,1-Dec-23,
PET CLUB,PRD:IND:IND-GEODIS WHSE IND US,PBC-1000,1-Jan-24,5
PET CLUB,PRD:IND:IND-GEODIS WHSE IND US,PBC-1000,1-Feb-24,
PET CLUB,PRD:IND:IND-GEODIS WHSE IND US,PBC-1000,1-Mar-24,
PET CLUB,PRD:IND:IND-GEODIS WHSE IND US,PBC-1000,1-Apr-24,3
PET CLUB,PRD:IND:IND-GEODIS WHSE IND US,PBC-1000,1-May-24,
PET CLUB,PRD:IND:IND-GEODIS WHSE IND US,PBC-1000,1-Jun-24,
PET CLUB,PRD:IND:IND-GEODIS WHSE IND US,PBC-1000,1-Jul-24,
PET CLUB,PRD:IND:IND-GEODIS WHSE IND US,PBC-1000,1-Aug-24,
PET CLUB,PRD:IND:IND-GEODIS WHSE IND US,PBC-1000,1-Sep-24,
PET CLUB,PRD:IND:IND-GEODIS WHSE IND US,PBC-1000,1-Oct-24,
PET CLUB,PRD:IND:IND-GEODIS WHSE IND US,PBC-1000,1-Nov-24,
PET CLUB,PRD:IND:IND-GEODIS WHSE IND US,PBC-1000,1-Dec-24,
PET CLUB,PRD:IND:IND-GEODIS WHSE IND US,PBC-1000,1-Jan-25,
PET CLUB,PRD:IND:IND-GEODIS WHSE IND US,PBC-1000,1-Feb-25,
PET CLUB,PRD:IND:IND-GEODIS WHSE IND US,PBC-1000,1-Mar-25,
PET CLUB,PRD:IND:IND-GEODIS WHSE IND US,PBC-1000,1-Apr-25,
PET CLUB,PRD:IND:IND-GEODIS WHSE IND US,PBC-1000,1-May-25,
PET CLUB,PRD:IND:IND-GEODIS WHSE IND US,PBC-1000,1-Jun-25,1
PET CLUB,PRD:IND:IND-GEODIS WHSE IND US,PBC-1000,1-Jul-25,7
PET CLUB,PRD:IND:IND-GEODIS WHSE IND US,PBC-1000,1-Aug-25,
PET CLUB,PRD:IND:IND-GEODIS WHSE IND US,PBC-1000,1-Sep-25,
PET CLUB,PRD:IND:IND-GEODIS WHSE IND US,PBC-1000,1-Oct-25,
PET CLUB,PRD:IND:IND-GEODIS WHSE IND US,PBC-1000,1-Nov-25,
PET CLUB,PRD:IND:IND-GEODIS WHSE IND US,PBC-1000,1-Dec-25,
PET CLUB,PRD:IND:IND-GEODIS WHSE IND US,PBC-1000,1-Jan-26,
PET CLUB,PRD:IND:IND-GEODIS WHSE IND US,PBC-1000,1-Feb-26,
PET CLUB,PRD:IND:IND-GEODIS WHSE IND US,PBC-1000,1-Mar-26,
PET CLUB,PRD:IND:IND-GEODIS WHSE IND US,PBC-1000,1-Apr-26,
PET EXPO DISTRIBUTORS,PRD:IND:IND-GEODIS WHSE IND US,PAC00-14231,1-May-23,
PET EXPO DISTRIBUTORS,PRD:IND:IND-GEODIS WHSE IND US,PAC00-14231,1-Jun-23,16
PET EXPO DISTRIBUTORS,PRD:IND:IND-GEODIS WHSE IND US,PAC00-14231,1-Jul-23,4
PET EXPO DISTRIBUTORS,PRD:IND:IND-GEODIS WHSE IND US,PAC00-14231,1-Aug-23,
PET EXPO DISTRIBUTORS,PRD:IND:IND-GEODIS WHSE IND US,PAC00-14231,1-Sep-23,10
PET EXPO DISTRIBUTORS,PRD:IND:IND-GEODIS WHSE IND US,PAC00-14231,1-Oct-23,4
PET EXPO DISTRIBUTORS,PRD:IND:IND-GEODIS WHSE IND US,PAC00-14231,1-Nov-23,12
PET EXPO DISTRIBUTORS,PRD:IND:IND-GEODIS WHSE IND US,PAC00-14231,1-Dec-23,
PET EXPO DISTRIBUTORS,PRD:IND:IND-GEODIS WHSE IND US,PAC00-14231,1-Jan-24,16
PET EXPO DISTRIBUTORS,PRD:IND:IND-GEODIS WHSE IND US,PAC00-14231,1-Feb-24,3
PET EXPO DISTRIBUTORS,PRD:IND:IND-GEODIS WHSE IND US,PAC00-14231,1-Mar-24,8
PET EXPO DISTRIBUTORS,PRD:IND:IND-GEODIS WHSE IND US,PAC00-14231,1-Apr-24,12
PET EXPO DISTRIBUTORS,PRD:IND:IND-GEODIS WHSE IND US,PAC00-14231,1-May-24,2
PET EXPO DISTRIBUTORS,PRD:IND:IND-GEODIS WHSE IND US,PAC00-14231,1-Jun-24,
PET EXPO DISTRIBUTORS,PRD:IND:IND-GEODIS WHSE IND US,PAC00-14231,1-Jul-24,20
PET EXPO DISTRIBUTORS,PRD:IND:IND-GEODIS WHSE IND US,PAC00-14231,1-Aug-24,12
PET EXPO DISTRIBUTORS,PRD:IND:IND-GEODIS WHSE IND US,PAC00-14231,1-Sep-24,
PET EXPO DISTRIBUTORS,PRD:IND:IND-GEODIS WHSE IND US,PAC00-14231,1-Oct-24,12
PET EXPO DISTRIBUTORS,PRD:IND:IND-GEODIS WHSE IND US,PAC00-14231,1-Nov-24,
PET EXPO DISTRIBUTORS,PRD:IND:IND-GEODIS WHSE IND US,PAC00-14231,1-Dec-24,
PET EXPO DISTRIBUTORS,PRD:IND:IND-GEODIS WHSE IND US,PAC00-14231,1-Jan-25,20
PET EXPO DISTRIBUTORS,PRD:IND:IND-GEODIS WHSE IND US,PAC00-14231,1-Feb-25,
PET EXPO DISTRIBUTORS,PRD:IND:IND-GEODIS WHSE IND US,PAC00-14231,1-Mar-25,10
PET EXPO DISTRIBUTORS,PRD:IND:IND-GEODIS WHSE IND US,PAC00-14231,1-Apr-25,
PET EXPO DISTRIBUTORS,PRD:IND:IND-GEODIS WHSE IND US,PAC00-14231,1-May-25,
PET EXPO DISTRIBUTORS,PRD:IND:IND-GEODIS WHSE IND US,PAC00-14231,1-Jun-25,18
PET EXPO DISTRIBUTORS,PRD:IND:IND-GEODIS WHSE IND US,PAC00-14231,1-Jul-25,2
PET EXPO DISTRIBUTORS,PRD:IND:IND-GEODIS WHSE IND US,PAC00-14231,1-Aug-25,3
PET EXPO DISTRIBUTORS,PRD:IND:IND-GEODIS WHSE IND US,PAC00-14231,1-Sep-25,8
PET EXPO DISTRIBUTORS,PRD:IND:IND-GEODIS WHSE IND US,PAC00-14231,1-Oct-25,4
PET EXPO DISTRIBUTORS,PRD:IND:IND-GEODIS WHSE IND US,PAC00-14231,1-Nov-25,4
PET EXPO DISTRIBUTORS,PRD:IND:IND-GEODIS WHSE IND US,PAC00-14231,1-Dec-25,
PET EXPO DISTRIBUTORS,PRD:IND:IND-GEODIS WHSE IND US,PAC00-14231,1-Jan-26,
PET EXPO DISTRIBUTORS,PRD:IND:IND-GEODIS WHSE IND US,PAC00-14231,1-Feb-26,10
PET EXPO DISTRIBUTORS,PRD:IND:IND-GEODIS WHSE IND US,PAC00-14231,1-Mar-26,6
PET EXPO DISTRIBUTORS,PRD:IND:IND-GEODIS WHSE IND US,PAC00-14231,1-Apr-26,
PET FOOD CENTER,PRD:IND:IND-GEODIS WHSE IND US,PAC00-14231,1-May-23,
PET FOOD CENTER,PRD:IND:IND-GEODIS WHSE IND US,PAC00-14231,1-Jun-23,
PET FOOD CENTER,PRD:IND:IND-GEODIS WHSE IND US,PAC00-14231,1-Jul-23,15
PET FOOD CENTER,PRD:IND:IND-GEODIS WHSE IND US,PAC00-14231,1-Aug-23,
PET FOOD CENTER,PRD:IND:IND-GEODIS WHSE IND US,PAC00-14231,1-Sep-23,10
PET FOOD CENTER,PRD:IND:IND-GEODIS WHSE IND US,PAC00-14231,1-Oct-23,9
PET FOOD CENTER,PRD:IND:IND-GEODIS WHSE IND US,PAC00-14231,1-Nov-23,10
PET FOOD CENTER,PRD:IND:IND-GEODIS WHSE IND US,PAC00-14231,1-Dec-23,1
PET FOOD CENTER,PRD:IND:IND-GEODIS WHSE IND US,PAC00-14231,1-Jan-24,6
PET FOOD CENTER,PRD:IND:IND-GEODIS WHSE IND US,PAC00-14231,1-Feb-24,3
PET FOOD CENTER,PRD:IND:IND-GEODIS WHSE IND US,PAC00-14231,1-Mar-24,12
PET FOOD CENTER,PRD:IND:IND-GEODIS WHSE IND US,PAC00-14231,1-Apr-24,3
PET FOOD CENTER,PRD:IND:IND-GEODIS WHSE IND US,PAC00-14231,1-May-24,6
PET FOOD CENTER,PRD:IND:IND-GEODIS WHSE IND US,PAC00-14231,1-Jun-24,9
PET FOOD CENTER,PRD:IND:IND-GEODIS WHSE IND US,PAC00-14231,1-Jul-24,6
PET FOOD CENTER,PRD:IND:IND-GEODIS WHSE IND US,PAC00-14231,1-Aug-24,3
PET FOOD CENTER,PRD:IND:IND-GEODIS WHSE IND US,PAC00-14231,1-Sep-24,
PET FOOD CENTER,PRD:IND:IND-GEODIS WHSE IND US,PAC00-14231,1-Oct-24,3
PET FOOD CENTER,PRD:IND:IND-GEODIS WHSE IND US,PAC00-14231,1-Nov-24,7
PET FOOD CENTER,PRD:IND:IND-GEODIS WHSE IND US,PAC00-14231,1-Dec-24,3
PET FOOD CENTER,PRD:IND:IND-GEODIS WHSE IND US,PAC00-14231,1-Jan-25,5
PET FOOD CENTER,PRD:IND:IND-GEODIS WHSE IND US,PAC00-14231,1-Feb-25,6
PET FOOD CENTER,PRD:IND:IND-GEODIS WHSE IND US,PAC00-14231,1-Mar-25,2
PET FOOD CENTER,PRD:IND:IND-GEODIS WHSE IND US,PAC00-14231,1-Apr-25,4
PET FOOD CENTER,PRD:IND:IND-GEODIS WHSE IND US,PAC00-14231,1-May-25,6
PET FOOD CENTER,PRD:IND:IND-GEODIS WHSE IND US,PAC00-14231,1-Jun-25,4
PET FOOD CENTER,PRD:IND:IND-GEODIS WHSE IND US,PAC00-14231,1-Jul-25,5
PET FOOD CENTER,PRD:IND:IND-GEODIS WHSE IND US,PAC00-14231,1-Aug-25,3
PET FOOD CENTER,PRD:IND:IND-GEODIS WHSE IND US,PAC00-14231,1-Sep-25,6
PET FOOD CENTER,PRD:IND:IND-GEODIS WHSE IND US,PAC00-14231,1-Oct-25,3
PET FOOD CENTER,PRD:IND:IND-GEODIS WHSE IND US,PAC00-14231,1-Nov-25,
PET FOOD CENTER,PRD:IND:IND-GEODIS WHSE IND US,PAC00-14231,1-Dec-25,
PET FOOD CENTER,PRD:IND:IND-GEODIS WHSE IND US,PAC00-14231,1-Jan-26,
PET FOOD CENTER,PRD:IND:IND-GEODIS WHSE IND US,PAC00-14231,1-Feb-26,
PET FOOD CENTER,PRD:IND:IND-GEODIS WHSE IND US,PAC00-14231,1-Mar-26,
PET FOOD CENTER,PRD:IND:IND-GEODIS WHSE IND US,PAC00-14231,1-Apr-26,
PET FOOD EXPERTS,PRD:IND:IND-GEODIS WHSE IND US,PAC00-14231,1-May-23,
PET FOOD EXPERTS,PRD:IND:IND-GEODIS WHSE IND US,PAC00-14231,1-Jun-23,72
PET FOOD EXPERTS,PRD:IND:IND-GEODIS WHSE IND US,PAC00-14231,1-Jul-23,
PET FOOD EXPERTS,PRD:IND:IND-GEODIS WHSE IND US,PAC00-14231,1-Aug-23,21
PET FOOD EXPERTS,PRD:IND:IND-GEODIS WHSE IND US,PAC00-14231,1-Sep-23,6
PET FOOD EXPERTS,PRD:IND:IND-GEODIS WHSE IND US,PAC00-14231,1-Oct-23,35
PET FOOD EXPERTS,PRD:IND:IND-GEODIS WHSE IND US,PAC00-14231,1-Nov-23,58
PET FOOD EXPERTS,PRD:IND:IND-GEODIS WHSE IND US,PAC00-14231,1-Dec-23,34
PET FOOD EXPERTS,PRD:IND:IND-GEODIS WHSE IND US,PAC00-14231,1-Jan-24,36
PET FOOD EXPERTS,PRD:IND:IND-GEODIS WHSE IND US,PAC00-14231,1-Feb-24,46
PET FOOD EXPERTS,PRD:IND:IND-GEODIS WHSE IND US,PAC00-14231,1-Mar-24,52
PET FOOD EXPERTS,PRD:IND:IND-GEODIS WHSE IND US,PAC00-14231,1-Apr-24,46
PET FOOD EXPERTS,PRD:IND:IND-GEODIS WHSE IND US,PAC00-14231,1-May-24,35
PET FOOD EXPERTS,PRD:IND:IND-GEODIS WHSE IND US,PAC00-14231,1-Jun-24,60
PET FOOD EXPERTS,PRD:IND:IND-GEODIS WHSE IND US,PAC00-14231,1-Jul-24,24
PET FOOD EXPERTS,PRD:IND:IND-GEODIS WHSE IND US,PAC00-14231,1-Aug-24,63
PET FOOD EXPERTS,PRD:IND:IND-GEODIS WHSE IND US,PAC00-14231,1-Sep-24,53
PET FOOD EXPERTS,PRD:IND:IND-GEODIS WHSE IND US,PAC00-14231,1-Oct-24,34
PET FOOD EXPERTS,PRD:IND:IND-GEODIS WHSE IND US,PAC00-14231,1-Nov-24,33
PET FOOD EXPERTS,PRD:IND:IND-GEODIS WHSE IND US,PAC00-14231,1-Dec-24,38
PET FOOD EXPERTS,PRD:IND:IND-GEODIS WHSE IND US,PAC00-14231,1-Jan-25,50
PET FOOD EXPERTS,PRD:IND:IND-GEODIS WHSE IND US,PAC00-14231,1-Feb-25,41
PET FOOD EXPERTS,PRD:IND:IND-GEODIS WHSE IND US,PAC00-14231,1-Mar-25,36
PET FOOD EXPERTS,PRD:IND:IND-GEODIS WHSE IND US,PAC00-14231,1-Apr-25,49
PET FOOD EXPERTS,PRD:IND:IND-GEODIS WHSE IND US,PAC00-14231,1-May-25,14
PET FOOD EXPERTS,PRD:IND:IND-GEODIS WHSE IND US,PAC00-14231,1-Jun-25,58
PET FOOD EXPERTS,PRD:IND:IND-GEODIS WHSE IND US,PAC00-14231,1-Jul-25,70
PET FOOD EXPERTS,PRD:IND:IND-GEODIS WHSE IND US,PAC00-14231,1-Aug-25,53
PET FOOD EXPERTS,PRD:IND:IND-GEODIS WHSE IND US,PAC00-14231,1-Sep-25,60
PET FOOD EXPERTS,PRD:IND:IND-GEODIS WHSE IND US,PAC00-14231,1-Oct-25,73
PET FOOD EXPERTS,PRD:IND:IND-GEODIS WHSE IND US,PAC00-14231,1-Nov-25,23
PET FOOD EXPERTS,PRD:IND:IND-GEODIS WHSE IND US,PAC00-14231,1-Dec-25,78
PET FOOD EXPERTS,PRD:IND:IND-GEODIS WHSE IND US,PAC00-14231,1-Jan-26,54
PET FOOD EXPERTS,PRD:IND:IND-GEODIS WHSE IND US,PAC00-14231,1-Feb-26,34
PET FOOD EXPERTS,PRD:IND:IND-GEODIS WHSE IND US,PAC00-14231,1-Mar-26,34
PET FOOD EXPERTS,PRD:IND:IND-GEODIS WHSE IND US,PAC00-14231,1-Apr-26,101
PET FOOD WAREHOUSE,PRD:IND:IND-GEODIS WHSE IND US,PAC00-14231,1-May-23,
PET FOOD WAREHOUSE,PRD:IND:IND-GEODIS WHSE IND US,PAC00-14231,1-Jun-23,
PET FOOD WAREHOUSE,PRD:IND:IND-GEODIS WHSE IND US,PAC00-14231,1-Jul-23,
PET FOOD WAREHOUSE,PRD:IND:IND-GEODIS WHSE IND US,PAC00-14231,1-Aug-23,
PET FOOD WAREHOUSE,PRD:IND:IND-GEODIS WHSE IND US,PAC00-14231,1-Sep-23,
PET FOOD WAREHOUSE,PRD:IND:IND-GEODIS WHSE IND US,PAC00-14231,1-Oct-23,
PET FOOD WAREHOUSE,PRD:IND:IND-GEODIS WHSE IND US,PAC00-14231,1-Nov-23,
PET FOOD WAREHOUSE,PRD:IND:IND-GEODIS WHSE IND US,PAC00-14231,1-Dec-23,1
PET FOOD WAREHOUSE,PRD:IND:IND-GEODIS WHSE IND US,PAC00-14231,1-Jan-24,
PET FOOD WAREHOUSE,PRD:IND:IND-GEODIS WHSE IND US,PAC00-14231,1-Feb-24,
PET FOOD WAREHOUSE,PRD:IND:IND-GEODIS WHSE IND US,PAC00-14231,1-Mar-24,
PET FOOD WAREHOUSE,PRD:IND:IND-GEODIS WHSE IND US,PAC00-14231,1-Apr-24,
PET FOOD WAREHOUSE,PRD:IND:IND-GEODIS WHSE IND US,PAC00-14231,1-May-24,
PET FOOD WAREHOUSE,PRD:IND:IND-GEODIS WHSE IND US,PAC00-14231,1-Jun-24,
PET FOOD WAREHOUSE,PRD:IND:IND-GEODIS WHSE IND US,PAC00-14231,1-Jul-24,
PET FOOD WAREHOUSE,PRD:IND:IND-GEODIS WHSE IND US,PAC00-14231,1-Aug-24,
PET FOOD WAREHOUSE,PRD:IND:IND-GEODIS WHSE IND US,PAC00-14231,1-Sep-24,
PET FOOD WAREHOUSE,PRD:IND:IND-GEODIS WHSE IND US,PAC00-14231,1-Oct-24,
PET FOOD WAREHOUSE,PRD:IND:IND-GEODIS WHSE IND US,PAC00-14231,1-Nov-24,
PET FOOD WAREHOUSE,PRD:IND:IND-GEODIS WHSE IND US,PAC00-14231,1-Dec-24,
PET FOOD WAREHOUSE,PRD:IND:IND-GEODIS WHSE IND US,PAC00-14231,1-Jan-25,
PET FOOD WAREHOUSE,PRD:IND:IND-GEODIS WHSE IND US,PAC00-14231,1-Feb-25,
PET FOOD WAREHOUSE,PRD:IND:IND-GEODIS WHSE IND US,PAC00-14231,1-Mar-25,
PET FOOD WAREHOUSE,PRD:IND:IND-GEODIS WHSE IND US,PAC00-14231,1-Apr-25,
PET FOOD WAREHOUSE,PRD:IND:IND-GEODIS WHSE IND US,PAC00-14231,1-May-25,
PET FOOD WAREHOUSE,PRD:IND:IND-GEODIS WHSE IND US,PAC00-14231,1-Jun-25,
PET FOOD WAREHOUSE,PRD:IND:IND-GEODIS WHSE IND US,PAC00-14231,1-Jul-25,
PET FOOD WAREHOUSE,PRD:IND:IND-GEODIS WHSE IND US,PAC00-14231,1-Aug-25,
PET FOOD WAREHOUSE,PRD:IND:IND-GEODIS WHSE IND US,PAC00-14231,1-Sep-25,
PET FOOD WAREHOUSE,PRD:IND:IND-GEODIS WHSE IND US,PAC00-14231,1-Oct-25,
PET FOOD WAREHOUSE,PRD:IND:IND-GEODIS WHSE IND US,PAC00-14231,1-Nov-25,
PET FOOD WAREHOUSE,PRD:IND:IND-GEODIS WHSE IND US,PAC00-14231,1-Dec-25,
PET FOOD WAREHOUSE,PRD:IND:IND-GEODIS WHSE IND US,PAC00-14231,1-Jan-26,
PET FOOD WAREHOUSE,PRD:IND:IND-GEODIS WHSE IND US,PAC00-14231,1-Feb-26,
PET FOOD WAREHOUSE,PRD:IND:IND-GEODIS WHSE IND US,PAC00-14231,1-Mar-26,
PET FOOD WAREHOUSE,PRD:IND:IND-GEODIS WHSE IND US,PAC00-14231,1-Apr-26,
PET HAUS,PRD:IND:IND-GEODIS WHSE IND US,PAC00-14231,1-May-23,
PET HAUS,PRD:IND:IND-GEODIS WHSE IND US,PAC00-14231,1-Jun-23,
PET HAUS,PRD:IND:IND-GEODIS WHSE IND US,PAC00-14231,1-Jul-23,
PET HAUS,PRD:IND:IND-GEODIS WHSE IND US,PAC00-14231,1-Aug-23,2
PET HAUS,PRD:IND:IND-GEODIS WHSE IND US,PAC00-14231,1-Sep-23,
PET HAUS,PRD:IND:IND-GEODIS WHSE IND US,PAC00-14231,1-Oct-23,
PET HAUS,PRD:IND:IND-GEODIS WHSE IND US,PAC00-14231,1-Nov-23,3
PET HAUS,PRD:IND:IND-GEODIS WHSE IND US,PAC00-14231,1-Dec-23,
PET HAUS,PRD:IND:IND-GEODIS WHSE IND US,PAC00-14231,1-Jan-24,3
PET HAUS,PRD:IND:IND-GEODIS WHSE IND US,PAC00-14231,1-Feb-24,
PET HAUS,PRD:IND:IND-GEODIS WHSE IND US,PAC00-14231,1-Mar-24,
PET HAUS,PRD:IND:IND-GEODIS WHSE IND US,PAC00-14231,1-Apr-24,
PET HAUS,PRD:IND:IND-GEODIS WHSE IND US,PAC00-14231,1-May-24,
PET HAUS,PRD:IND:IND-GEODIS WHSE IND US,PAC00-14231,1-Jun-24,
PET HAUS,PRD:IND:IND-GEODIS WHSE IND US,PAC00-14231,1-Jul-24,
PET HAUS,PRD:IND:IND-GEODIS WHSE IND US,PAC00-14231,1-Aug-24,
PET HAUS,PRD:IND:IND-GEODIS WHSE IND US,PAC00-14231,1-Sep-24,
PET HAUS,PRD:IND:IND-GEODIS WHSE IND US,PAC00-14231,1-Oct-24,
PET HAUS,PRD:IND:IND-GEODIS WHSE IND US,PAC00-14231,1-Nov-24,
PET HAUS,PRD:IND:IND-GEODIS WHSE IND US,PAC00-14231,1-Dec-24,
PET HAUS,PRD:IND:IND-GEODIS WHSE IND US,PAC00-14231,1-Jan-25,
PET HAUS,PRD:IND:IND-GEODIS WHSE IND US,PAC00-14231,1-Feb-25,
PET HAUS,PRD:IND:IND-GEODIS WHSE IND US,PAC00-14231,1-Mar-25,
PET HAUS,PRD:IND:IND-GEODIS WHSE IND US,PAC00-14231,1-Apr-25,
PET HAUS,PRD:IND:IND-GEODIS WHSE IND US,PAC00-14231,1-May-25,
PET HAUS,PRD:IND:IND-GEODIS WHSE IND US,PAC00-14231,1-Jun-25,
PET HAUS,PRD:IND:IND-GEODIS WHSE IND US,PAC00-14231,1-Jul-25,
PET HAUS,PRD:IND:IND-GEODIS WHSE IND US,PAC00-14231,1-Aug-25,
PET HAUS,PRD:IND:IND-GEODIS WHSE IND US,PAC00-14231,1-Sep-25,
PET HAUS,PRD:IND:IND-GEODIS WHSE IND US,PAC00-14231,1-Oct-25,
PET HAUS,PRD:IND:IND-GEODIS WHSE IND US,PAC00-14231,1-Nov-25,
PET HAUS,PRD:IND:IND-GEODIS WHSE IND US,PAC00-14231,1-Dec-25,
PET HAUS,PRD:IND:IND-GEODIS WHSE IND US,PAC00-14231,1-Jan-26,
PET HAUS,PRD:IND:IND-GEODIS WHSE IND US,PAC00-14231,1-Feb-26,
PET HAUS,PRD:IND:IND-GEODIS WHSE IND US,PAC00-14231,1-Mar-26,
PET HAUS,PRD:IND:IND-GEODIS WHSE IND US,PAC00-14231,1-Apr-26,
PET KINGDOM- IOWA,PRD:IND:IND-GEODIS WHSE IND US,PAC00-14231,1-May-23,
PET KINGDOM- IOWA,PRD:IND:IND-GEODIS WHSE IND US,PAC00-14231,1-Jun-23,
PET KINGDOM- IOWA,PRD:IND:IND-GEODIS WHSE IND US,PAC00-14231,1-Jul-23,
PET KINGDOM- IOWA,PRD:IND:IND-GEODIS WHSE IND US,PAC00-14231,1-Aug-23,
PET KINGDOM- IOWA,PRD:IND:IND-GEODIS WHSE IND US,PAC00-14231,1-Sep-23,
PET KINGDOM- IOWA,PRD:IND:IND-GEODIS WHSE IND US,PAC00-14231,1-Oct-23,
PET KINGDOM- IOWA,PRD:IND:IND-GEODIS WHSE IND US,PAC00-14231,1-Nov-23,
PET KINGDOM- IOWA,PRD:IND:IND-GEODIS WHSE IND US,PAC00-14231,1-Dec-23,
PET KINGDOM- IOWA,PRD:IND:IND-GEODIS WHSE IND US,PAC00-14231,1-Jan-24,
PET KINGDOM- IOWA,PRD:IND:IND-GEODIS WHSE IND US,PAC00-14231,1-Feb-24,
PET KINGDOM- IOWA,PRD:IND:IND-GEODIS WHSE IND US,PAC00-14231,1-Mar-24,1
PET KINGDOM- IOWA,PRD:IND:IND-GEODIS WHSE IND US,PAC00-14231,1-Apr-24,
PET KINGDOM- IOWA,PRD:IND:IND-GEODIS WHSE IND US,PAC00-14231,1-May-24,
PET KINGDOM- IOWA,PRD:IND:IND-GEODIS WHSE IND US,PAC00-14231,1-Jun-24,
PET KINGDOM- IOWA,PRD:IND:IND-GEODIS WHSE IND US,PAC00-14231,1-Jul-24,
PET KINGDOM- IOWA,PRD:IND:IND-GEODIS WHSE IND US,PAC00-14231,1-Aug-24,
PET KINGDOM- IOWA,PRD:IND:IND-GEODIS WHSE IND US,PAC00-14231,1-Sep-24,
PET KINGDOM- IOWA,PRD:IND:IND-GEODIS WHSE IND US,PAC00-14231,1-Oct-24,
PET KINGDOM- IOWA,PRD:IND:IND-GEODIS WHSE IND US,PAC00-14231,1-Nov-24,
PET KINGDOM- IOWA,PRD:IND:IND-GEODIS WHSE IND US,PAC00-14231,1-Dec-24,
PET KINGDOM- IOWA,PRD:IND:IND-GEODIS WHSE IND US,PAC00-14231,1-Jan-25,
PET KINGDOM- IOWA,PRD:IND:IND-GEODIS WHSE IND US,PAC00-14231,1-Feb-25,
PET KINGDOM- IOWA,PRD:IND:IND-GEODIS WHSE IND US,PAC00-14231,1-Mar-25,
PET KINGDOM- IOWA,PRD:IND:IND-GEODIS WHSE IND US,PAC00-14231,1-Apr-25,
PET KINGDOM- IOWA,PRD:IND:IND-GEODIS WHSE IND US,PAC00-14231,1-May-25,
PET KINGDOM- IOWA,PRD:IND:IND-GEODIS WHSE IND US,PAC00-14231,1-Jun-25,
PET KINGDOM- IOWA,PRD:IND:IND-GEODIS WHSE IND US,PAC00-14231,1-Jul-25,
PET KINGDOM- IOWA,PRD:IND:IND-GEODIS WHSE IND US,PAC00-14231,1-Aug-25,
PET KINGDOM- IOWA,PRD:IND:IND-GEODIS WHSE IND US,PAC00-14231,1-Sep-25,
PET KINGDOM- IOWA,PRD:IND:IND-GEODIS WHSE IND US,PAC00-14231,1-Oct-25,
PET KINGDOM- IOWA,PRD:IND:IND-GEODIS WHSE IND US,PAC00-14231,1-Nov-25,
PET KINGDOM- IOWA,PRD:IND:IND-GEODIS WHSE IND US,PAC00-14231,1-Dec-25,
PET KINGDOM- IOWA,PRD:IND:IND-GEODIS WHSE IND US,PAC00-14231,1-Jan-26,
PET KINGDOM- IOWA,PRD:IND:IND-GEODIS WHSE IND US,PAC00-14231,1-Feb-26,
PET KINGDOM- IOWA,PRD:IND:IND-GEODIS WHSE IND US,PAC00-14231,1-Mar-26,
PET KINGDOM- IOWA,PRD:IND:IND-GEODIS WHSE IND US,PAC00-14231,1-Apr-26,
PET PARADISE,PRD:IND:IND-GEODIS WHSE IND US,PBC-1000,1-May-23,
PET PARADISE,PRD:IND:IND-GEODIS WHSE IND US,PBC-1000,1-Jun-23,
PET PARADISE,PRD:IND:IND-GEODIS WHSE IND US,PBC-1000,1-Jul-23,
PET PARADISE,PRD:IND:IND-GEODIS WHSE IND US,PBC-1000,1-Aug-23,
PET PARADISE,PRD:IND:IND-GEODIS WHSE IND US,PBC-1000,1-Sep-23,
PET PARADISE,PRD:IND:IND-GEODIS WHSE IND US,PBC-1000,1-Oct-23,
PET PARADISE,PRD:IND:IND-GEODIS WHSE IND US,PBC-1000,1-Nov-23,
PET PARADISE,PRD:IND:IND-GEODIS WHSE IND US,PBC-1000,1-Dec-23,
PET PARADISE,PRD:IND:IND-GEODIS WHSE IND US,PBC-1000,1-Jan-24,
PET PARADISE,PRD:IND:IND-GEODIS WHSE IND US,PBC-1000,1-Feb-24,
PET PARADISE,PRD:IND:IND-GEODIS WHSE IND US,PBC-1000,1-Mar-24,
PET PARADISE,PRD:IND:IND-GEODIS WHSE IND US,PBC-1000,1-Apr-24,
PET PARADISE,PRD:IND:IND-GEODIS WHSE IND US,PBC-1000,1-May-24,
PET PARADISE,PRD:IND:IND-GEODIS WHSE IND US,PBC-1000,1-Jun-24,
PET PARADISE,PRD:IND:IND-GEODIS WHSE IND US,PBC-1000,1-Jul-24,
PET PARADISE,PRD:IND:IND-GEODIS WHSE IND US,PBC-1000,1-Aug-24,
PET PARADISE,PRD:IND:IND-GEODIS WHSE IND US,PBC-1000,1-Sep-24,
PET PARADISE,PRD:IND:IND-GEODIS WHSE IND US,PBC-1000,1-Oct-24,
PET PARADISE,PRD:IND:IND-GEODIS WHSE IND US,PBC-1000,1-Nov-24,
PET PARADISE,PRD:IND:IND-GEODIS WHSE IND US,PBC-1000,1-Dec-24,
PET PARADISE,PRD:IND:IND-GEODIS WHSE IND US,PBC-1000,1-Jan-25,
PET PARADISE,PRD:IND:IND-GEODIS WHSE IND US,PBC-1000,1-Feb-25,1
PET PARADISE,PRD:IND:IND-GEODIS WHSE IND US,PBC-1000,1-Mar-25,
PET PARADISE,PRD:IND:IND-GEODIS WHSE IND US,PBC-1000,1-Apr-25,
PET PARADISE,PRD:IND:IND-GEODIS WHSE IND US,PBC-1000,1-May-25,
PET PARADISE,PRD:IND:IND-GEODIS WHSE IND US,PBC-1000,1-Jun-25,
PET PARADISE,PRD:IND:IND-GEODIS WHSE IND US,PBC-1000,1-Jul-25,
PET PARADISE,PRD:IND:IND-GEODIS WHSE IND US,PBC-1000,1-Aug-25,
PET PARADISE,PRD:IND:IND-GEODIS WHSE IND US,PBC-1000,1-Sep-25,
PET PARADISE,PRD:IND:IND-GEODIS WHSE IND US,PBC-1000,1-Oct-25,
PET PARADISE,PRD:IND:IND-GEODIS WHSE IND US,PBC-1000,1-Nov-25,
PET PARADISE,PRD:IND:IND-GEODIS WHSE IND US,PBC-1000,1-Dec-25,
PET PARADISE,PRD:IND:IND-GEODIS WHSE IND US,PBC-1000,1-Jan-26,
PET PARADISE,PRD:IND:IND-GEODIS WHSE IND US,PBC-1000,1-Feb-26,
PET PARADISE,PRD:IND:IND-GEODIS WHSE IND US,PBC-1000,1-Mar-26,
PET PARADISE,PRD:IND:IND-GEODIS WHSE IND US,PBC-1000,1-Apr-26,
PET PARADISE PUEBLO,PRD:IND:IND-GEODIS WHSE IND US,PBC-1000,1-May-23,
PET PARADISE PUEBLO,PRD:IND:IND-GEODIS WHSE IND US,PBC-1000,1-Jun-23,
PET PARADISE PUEBLO,PRD:IND:IND-GEODIS WHSE IND US,PBC-1000,1-Jul-23,
PET PARADISE PUEBLO,PRD:IND:IND-GEODIS WHSE IND US,PBC-1000,1-Aug-23,
PET PARADISE PUEBLO,PRD:IND:IND-GEODIS WHSE IND US,PBC-1000,1-Sep-23,
PET PARADISE PUEBLO,PRD:IND:IND-GEODIS WHSE IND US,PBC-1000,1-Oct-23,
PET PARADISE PUEBLO,PRD:IND:IND-GEODIS WHSE IND US,PBC-1000,1-Nov-23,
PET PARADISE PUEBLO,PRD:IND:IND-GEODIS WHSE IND US,PBC-1000,1-Dec-23,1
PET PARADISE PUEBLO,PRD:IND:IND-GEODIS WHSE IND US,PBC-1000,1-Jan-24,
PET PARADISE PUEBLO,PRD:IND:IND-GEODIS WHSE IND US,PBC-1000,1-Feb-24,
PET PARADISE PUEBLO,PRD:IND:IND-GEODIS WHSE IND US,PBC-1000,1-Mar-24,
PET PARADISE PUEBLO,PRD:IND:IND-GEODIS WHSE IND US,PBC-1000,1-Apr-24,
PET PARADISE PUEBLO,PRD:IND:IND-GEODIS WHSE IND US,PBC-1000,1-May-24,
PET PARADISE PUEBLO,PRD:IND:IND-GEODIS WHSE IND US,PBC-1000,1-Jun-24,
PET PARADISE PUEBLO,PRD:IND:IND-GEODIS WHSE IND US,PBC-1000,1-Jul-24,
PET PARADISE PUEBLO,PRD:IND:IND-GEODIS WHSE IND US,PBC-1000,1-Aug-24,
PET PARADISE PUEBLO,PRD:IND:IND-GEODIS WHSE IND US,PBC-1000,1-Sep-24,1
PET PARADISE PUEBLO,PRD:IND:IND-GEODIS WHSE IND US,PBC-1000,1-Oct-24,
PET PARADISE PUEBLO,PRD:IND:IND-GEODIS WHSE IND US,PBC-1000,1-Nov-24,
PET PARADISE PUEBLO,PRD:IND:IND-GEODIS WHSE IND US,PBC-1000,1-Dec-24,
PET PARADISE PUEBLO,PRD:IND:IND-GEODIS WHSE IND US,PBC-1000,1-Jan-25,
PET PARADISE PUEBLO,PRD:IND:IND-GEODIS WHSE IND US,PBC-1000,1-Feb-25,
PET PARADISE PUEBLO,PRD:IND:IND-GEODIS WHSE IND US,PBC-1000,1-Mar-25,
PET PARADISE PUEBLO,PRD:IND:IND-GEODIS WHSE IND US,PBC-1000,1-Apr-25,
PET PARADISE PUEBLO,PRD:IND:IND-GEODIS WHSE IND US,PBC-1000,1-May-25,
PET PARADISE PUEBLO,PRD:IND:IND-GEODIS WHSE IND US,PBC-1000,1-Jun-25,
PET PARADISE PUEBLO,PRD:IND:IND-GEODIS WHSE IND US,PBC-1000,1-Jul-25,
PET PARADISE PUEBLO,PRD:IND:IND-GEODIS WHSE IND US,PBC-1000,1-Aug-25,
PET PARADISE PUEBLO,PRD:IND:IND-GEODIS WHSE IND US,PBC-1000,1-Sep-25,
PET PARADISE PUEBLO,PRD:IND:IND-GEODIS WHSE IND US,PBC-1000,1-Oct-25,
PET PARADISE PUEBLO,PRD:IND:IND-GEODIS WHSE IND US,PBC-1000,1-Nov-25,
PET PARADISE PUEBLO,PRD:IND:IND-GEODIS WHSE IND US,PBC-1000,1-Dec-25,
PET PARADISE PUEBLO,PRD:IND:IND-GEODIS WHSE IND US,PBC-1000,1-Jan-26,
PET PARADISE PUEBLO,PRD:IND:IND-GEODIS WHSE IND US,PBC-1000,1-Feb-26,
PET PARADISE PUEBLO,PRD:IND:IND-GEODIS WHSE IND US,PBC-1000,1-Mar-26,
PET PARADISE PUEBLO,PRD:IND:IND-GEODIS WHSE IND US,PBC-1000,1-Apr-26,
PET PRICE CLUB,PRD:AU1:AU1-AUSTRALIA B2B B2C INV ORG,PAC00-14231,1-May-23,
PET PRICE CLUB,PRD:AU1:AU1-AUSTRALIA B2B B2C INV ORG,PAC00-14231,1-Jun-23,
PET PRICE CLUB,PRD:AU1:AU1-AUSTRALIA B2B B2C INV ORG,PAC00-14231,1-Jul-23,
PET PRICE CLUB,PRD:AU1:AU1-AUSTRALIA B2B B2C INV ORG,PAC00-14231,1-Aug-23,
PET PRICE CLUB,PRD:AU1:AU1-AUSTRALIA B2B B2C INV ORG,PAC00-14231,1-Sep-23,
PET PRICE CLUB,PRD:AU1:AU1-AUSTRALIA B2B B2C INV ORG,PAC00-14231,1-Oct-23,
PET PRICE CLUB,PRD:AU1:AU1-AUSTRALIA B2B B2C INV ORG,PAC00-14231,1-Nov-23,
PET PRICE CLUB,PRD:AU1:AU1-AUSTRALIA B2B B2C INV ORG,PAC00-14231,1-Dec-23,
PET PRICE CLUB,PRD:AU1:AU1-AUSTRALIA B2B B2C INV ORG,PAC00-14231,1-Jan-24,
PET PRICE CLUB,PRD:AU1:AU1-AUSTRALIA B2B B2C INV ORG,PAC00-14231,1-Feb-24,
PET PRICE CLUB,PRD:AU1:AU1-AUSTRALIA B2B B2C INV ORG,PAC00-14231,1-Mar-24,
PET PRICE CLUB,PRD:AU1:AU1-AUSTRALIA B2B B2C INV ORG,PAC00-14231,1-Apr-24,
PET PRICE CLUB,PRD:AU1:AU1-AUSTRALIA B2B B2C INV ORG,PAC00-14231,1-May-24,
PET PRICE CLUB,PRD:AU1:AU1-AUSTRALIA B2B B2C INV ORG,PAC00-14231,1-Jun-24,
PET PRICE CLUB,PRD:AU1:AU1-AUSTRALIA B2B B2C INV ORG,PAC00-14231,1-Jul-24,
PET PRICE CLUB,PRD:AU1:AU1-AUSTRALIA B2B B2C INV ORG,PAC00-14231,1-Aug-24,
PET PRICE CLUB,PRD:AU1:AU1-AUSTRALIA B2B B2C INV ORG,PAC00-14231,1-Sep-24,
PET PRICE CLUB,PRD:AU1:AU1-AUSTRALIA B2B B2C INV ORG,PAC00-14231,1-Oct-24,
PET PRICE CLUB,PRD:AU1:AU1-AUSTRALIA B2B B2C INV ORG,PAC00-14231,1-Nov-24,
PET PRICE CLUB,PRD:AU1:AU1-AUSTRALIA B2B B2C INV ORG,PAC00-14231,1-Dec-24,
PET PRICE CLUB,PRD:AU1:AU1-AUSTRALIA B2B B2C INV ORG,PAC00-14231,1-Jan-25,
PET PRICE CLUB,PRD:AU1:AU1-AUSTRALIA B2B B2C INV ORG,PAC00-14231,1-Feb-25,
PET PRICE CLUB,PRD:AU1:AU1-AUSTRALIA B2B B2C INV ORG,PAC00-14231,1-Mar-25,
PET PRICE CLUB,PRD:AU1:AU1-AUSTRALIA B2B B2C INV ORG,PAC00-14231,1-Apr-25,
PET PRICE CLUB,PRD:AU1:AU1-AUSTRALIA B2B B2C INV ORG,PAC00-14231,1-May-25,
PET PRICE CLUB,PRD:AU1:AU1-AUSTRALIA B2B B2C INV ORG,PAC00-14231,1-Jun-25,
PET PRICE CLUB,PRD:AU1:AU1-AUSTRALIA B2B B2C INV ORG,PAC00-14231,1-Jul-25,
PET PRICE CLUB,PRD:AU1:AU1-AUSTRALIA B2B B2C INV ORG,PAC00-14231,1-Aug-25,
PET PRICE CLUB,PRD:AU1:AU1-AUSTRALIA B2B B2C INV ORG,PAC00-14231,1-Sep-25,
PET PRICE CLUB,PRD:AU1:AU1-AUSTRALIA B2B B2C INV ORG,PAC00-14231,1-Oct-25,36
PET PRICE CLUB,PRD:AU1:AU1-AUSTRALIA B2B B2C INV ORG,PAC00-14231,1-Nov-25,
PET PRICE CLUB,PRD:AU1:AU1-AUSTRALIA B2B B2C INV ORG,PAC00-14231,1-Dec-25,
PET PRICE CLUB,PRD:AU1:AU1-AUSTRALIA B2B B2C INV ORG,PAC00-14231,1-Jan-26,
PET PRICE CLUB,PRD:AU1:AU1-AUSTRALIA B2B B2C INV ORG,PAC00-14231,1-Feb-26,
PET PRICE CLUB,PRD:AU1:AU1-AUSTRALIA B2B B2C INV ORG,PAC00-14231,1-Mar-26,
PET PRICE CLUB,PRD:AU1:AU1-AUSTRALIA B2B B2C INV ORG,PAC00-14231,1-Apr-26,
PET STATION,PRD:IND:IND-GEODIS WHSE IND US,PAC00-14231,1-May-23,16
PET STATION,PRD:IND:IND-GEODIS WHSE IND US,PAC00-14231,1-Jun-23,10
PET STATION,PRD:IND:IND-GEODIS WHSE IND US,PAC00-14231,1-Jul-23,11
PET STATION,PRD:IND:IND-GEODIS WHSE IND US,PAC00-14231,1-Aug-23,13
PET STATION,PRD:IND:IND-GEODIS WHSE IND US,PAC00-14231,1-Sep-23,11
PET STATION,PRD:IND:IND-GEODIS WHSE IND US,PAC00-14231,1-Oct-23,6
PET STATION,PRD:IND:IND-GEODIS WHSE IND US,PAC00-14231,1-Nov-23,9
PET STATION,PRD:IND:IND-GEODIS WHSE IND US,PAC00-14231,1-Dec-23,13
PET STATION,PRD:IND:IND-GEODIS WHSE IND US,PAC00-14231,1-Jan-24,5
PET STATION,PRD:IND:IND-GEODIS WHSE IND US,PAC00-14231,1-Feb-24,10
PET STATION,PRD:IND:IND-GEODIS WHSE IND US,PAC00-14231,1-Mar-24,12
PET STATION,PRD:IND:IND-GEODIS WHSE IND US,PAC00-14231,1-Apr-24,11
PET STATION,PRD:IND:IND-GEODIS WHSE IND US,PAC00-14231,1-May-24,6
PET STATION,PRD:IND:IND-GEODIS WHSE IND US,PAC00-14231,1-Jun-24,4
PET STATION,PRD:IND:IND-GEODIS WHSE IND US,PAC00-14231,1-Jul-24,7
PET STATION,PRD:IND:IND-GEODIS WHSE IND US,PAC00-14231,1-Aug-24,7
PET STATION,PRD:IND:IND-GEODIS WHSE IND US,PAC00-14231,1-Sep-24,7
PET STATION,PRD:IND:IND-GEODIS WHSE IND US,PAC00-14231,1-Oct-24,7
PET STATION,PRD:IND:IND-GEODIS WHSE IND US,PAC00-14231,1-Nov-24,8
PET STATION,PRD:IND:IND-GEODIS WHSE IND US,PAC00-14231,1-Dec-24,9
PET STATION,PRD:IND:IND-GEODIS WHSE IND US,PAC00-14231,1-Jan-25,6
PET STATION,PRD:IND:IND-GEODIS WHSE IND US,PAC00-14231,1-Feb-25,11
PET STATION,PRD:IND:IND-GEODIS WHSE IND US,PAC00-14231,1-Mar-25,8
PET STATION,PRD:IND:IND-GEODIS WHSE IND US,PAC00-14231,1-Apr-25,10
PET STATION,PRD:IND:IND-GEODIS WHSE IND US,PAC00-14231,1-May-25,5
PET STATION,PRD:IND:IND-GEODIS WHSE IND US,PAC00-14231,1-Jun-25,7
PET STATION,PRD:IND:IND-GEODIS WHSE IND US,PAC00-14231,1-Jul-25,5
PET STATION,PRD:IND:IND-GEODIS WHSE IND US,PAC00-14231,1-Aug-25,7
PET STATION,PRD:IND:IND-GEODIS WHSE IND US,PAC00-14231,1-Sep-25,8
PET STATION,PRD:IND:IND-GEODIS WHSE IND US,PAC00-14231,1-Oct-25,6
PET STATION,PRD:IND:IND-GEODIS WHSE IND US,PAC00-14231,1-Nov-25,6
PET STATION,PRD:IND:IND-GEODIS WHSE IND US,PAC00-14231,1-Dec-25,6
PET STATION,PRD:IND:IND-GEODIS WHSE IND US,PAC00-14231,1-Jan-26,5
PET STATION,PRD:IND:IND-GEODIS WHSE IND US,PAC00-14231,1-Feb-26,10
PET STATION,PRD:IND:IND-GEODIS WHSE IND US,PAC00-14231,1-Mar-26,5
PET STATION,PRD:IND:IND-GEODIS WHSE IND US,PAC00-14231,1-Apr-26,
PET STATION,PRD:IND:IND-GEODIS WHSE IND US,PBC-1000,1-May-23,
PET STATION,PRD:IND:IND-GEODIS WHSE IND US,PBC-1000,1-Jun-23,
PET STATION,PRD:IND:IND-GEODIS WHSE IND US,PBC-1000,1-Jul-23,
PET STATION,PRD:IND:IND-GEODIS WHSE IND US,PBC-1000,1-Aug-23,
PET STATION,PRD:IND:IND-GEODIS WHSE IND US,PBC-1000,1-Sep-23,
PET STATION,PRD:IND:IND-GEODIS WHSE IND US,PBC-1000,1-Oct-23,
PET STATION,PRD:IND:IND-GEODIS WHSE IND US,PBC-1000,1-Nov-23,
PET STATION,PRD:IND:IND-GEODIS WHSE IND US,PBC-1000,1-Dec-23,
PET STATION,PRD:IND:IND-GEODIS WHSE IND US,PBC-1000,1-Jan-24,
PET STATION,PRD:IND:IND-GEODIS WHSE IND US,PBC-1000,1-Feb-24,
PET STATION,PRD:IND:IND-GEODIS WHSE IND US,PBC-1000,1-Mar-24,
PET STATION,PRD:IND:IND-GEODIS WHSE IND US,PBC-1000,1-Apr-24,30
PET STATION,PRD:IND:IND-GEODIS WHSE IND US,PBC-1000,1-May-24,
PET STATION,PRD:IND:IND-GEODIS WHSE IND US,PBC-1000,1-Jun-24,
PET STATION,PRD:IND:IND-GEODIS WHSE IND US,PBC-1000,1-Jul-24,4
PET STATION,PRD:IND:IND-GEODIS WHSE IND US,PBC-1000,1-Aug-24,
PET STATION,PRD:IND:IND-GEODIS WHSE IND US,PBC-1000,1-Sep-24,6
PET STATION,PRD:IND:IND-GEODIS WHSE IND US,PBC-1000,1-Oct-24,
PET STATION,PRD:IND:IND-GEODIS WHSE IND US,PBC-1000,1-Nov-24,
PET STATION,PRD:IND:IND-GEODIS WHSE IND US,PBC-1000,1-Dec-24,2
PET STATION,PRD:IND:IND-GEODIS WHSE IND US,PBC-1000,1-Jan-25,
PET STATION,PRD:IND:IND-GEODIS WHSE IND US,PBC-1000,1-Feb-25,1
PET STATION,PRD:IND:IND-GEODIS WHSE IND US,PBC-1000,1-Mar-25,
PET STATION,PRD:IND:IND-GEODIS WHSE IND US,PBC-1000,1-Apr-25,2
PET STATION,PRD:IND:IND-GEODIS WHSE IND US,PBC-1000,1-May-25,6
PET STATION,PRD:IND:IND-GEODIS WHSE IND US,PBC-1000,1-Jun-25,2
PET STATION,PRD:IND:IND-GEODIS WHSE IND US,PBC-1000,1-Jul-25,3
PET STATION,PRD:IND:IND-GEODIS WHSE IND US,PBC-1000,1-Aug-25,
PET STATION,PRD:IND:IND-GEODIS WHSE IND US,PBC-1000,1-Sep-25,1
PET STATION,PRD:IND:IND-GEODIS WHSE IND US,PBC-1000,1-Oct-25,
PET STATION,PRD:IND:IND-GEODIS WHSE IND US,PBC-1000,1-Nov-25,1
PET STATION,PRD:IND:IND-GEODIS WHSE IND US,PBC-1000,1-Dec-25,
PET STATION,PRD:IND:IND-GEODIS WHSE IND US,PBC-1000,1-Jan-26,1
PET STATION,PRD:IND:IND-GEODIS WHSE IND US,PBC-1000,1-Feb-26,
PET STATION,PRD:IND:IND-GEODIS WHSE IND US,PBC-1000,1-Mar-26,1
PET STATION,PRD:IND:IND-GEODIS WHSE IND US,PBC-1000,1-Apr-26,
PET SUPER STORE CAPALABA,PRD:AU1:AU1-AUSTRALIA B2B B2C INV ORG,PAC00-14231,1-May-23,
PET SUPER STORE CAPALABA,PRD:AU1:AU1-AUSTRALIA B2B B2C INV ORG,PAC00-14231,1-Jun-23,
PET SUPER STORE CAPALABA,PRD:AU1:AU1-AUSTRALIA B2B B2C INV ORG,PAC00-14231,1-Jul-23,
PET SUPER STORE CAPALABA,PRD:AU1:AU1-AUSTRALIA B2B B2C INV ORG,PAC00-14231,1-Aug-23,
PET SUPER STORE CAPALABA,PRD:AU1:AU1-AUSTRALIA B2B B2C INV ORG,PAC00-14231,1-Sep-23,
PET SUPER STORE CAPALABA,PRD:AU1:AU1-AUSTRALIA B2B B2C INV ORG,PAC00-14231,1-Oct-23,
PET SUPER STORE CAPALABA,PRD:AU1:AU1-AUSTRALIA B2B B2C INV ORG,PAC00-14231,1-Nov-23,
PET SUPER STORE CAPALABA,PRD:AU1:AU1-AUSTRALIA B2B B2C INV ORG,PAC00-14231,1-Dec-23,
PET SUPER STORE CAPALABA,PRD:AU1:AU1-AUSTRALIA B2B B2C INV ORG,PAC00-14231,1-Jan-24,
PET SUPER STORE CAPALABA,PRD:AU1:AU1-AUSTRALIA B2B B2C INV ORG,PAC00-14231,1-Feb-24,
PET SUPER STORE CAPALABA,PRD:AU1:AU1-AUSTRALIA B2B B2C INV ORG,PAC00-14231,1-Mar-24,
PET SUPER STORE CAPALABA,PRD:AU1:AU1-AUSTRALIA B2B B2C INV ORG,PAC00-14231,1-Apr-24,
PET SUPER STORE CAPALABA,PRD:AU1:AU1-AUSTRALIA B2B B2C INV ORG,PAC00-14231,1-May-24,
PET SUPER STORE CAPALABA,PRD:AU1:AU1-AUSTRALIA B2B B2C INV ORG,PAC00-14231,1-Jun-24,
PET SUPER STORE CAPALABA,PRD:AU1:AU1-AUSTRALIA B2B B2C INV ORG,PAC00-14231,1-Jul-24,
PET SUPER STORE CAPALABA,PRD:AU1:AU1-AUSTRALIA B2B B2C INV ORG,PAC00-14231,1-Aug-24,
PET SUPER STORE CAPALABA,PRD:AU1:AU1-AUSTRALIA B2B B2C INV ORG,PAC00-14231,1-Sep-24,
PET SUPER STORE CAPALABA,PRD:AU1:AU1-AUSTRALIA B2B B2C INV ORG,PAC00-14231,1-Oct-24,
PET SUPER STORE CAPALABA,PRD:AU1:AU1-AUSTRALIA B2B B2C INV ORG,PAC00-14231,1-Nov-24,
PET SUPER STORE CAPALABA,PRD:AU1:AU1-AUSTRALIA B2B B2C INV ORG,PAC00-14231,1-Dec-24,
PET SUPER STORE CAPALABA,PRD:AU1:AU1-AUSTRALIA B2B B2C INV ORG,PAC00-14231,1-Jan-25,
PET SUPER STORE CAPALABA,PRD:AU1:AU1-AUSTRALIA B2B B2C INV ORG,PAC00-14231,1-Feb-25,
PET SUPER STORE CAPALABA,PRD:AU1:AU1-AUSTRALIA B2B B2C INV ORG,PAC00-14231,1-Mar-25,
PET SUPER STORE CAPALABA,PRD:AU1:AU1-AUSTRALIA B2B B2C INV ORG,PAC00-14231,1-Apr-25,
PET SUPER STORE CAPALABA,PRD:AU1:AU1-AUSTRALIA B2B B2C INV ORG,PAC00-14231,1-May-25,1
PET SUPER STORE CAPALABA,PRD:AU1:AU1-AUSTRALIA B2B B2C INV ORG,PAC00-14231,1-Jun-25,2
PET SUPER STORE CAPALABA,PRD:AU1:AU1-AUSTRALIA B2B B2C INV ORG,PAC00-14231,1-Jul-25,
PET SUPER STORE CAPALABA,PRD:AU1:AU1-AUSTRALIA B2B B2C INV ORG,PAC00-14231,1-Aug-25,3
PET SUPER STORE CAPALABA,PRD:AU1:AU1-AUSTRALIA B2B B2C INV ORG,PAC00-14231,1-Sep-25,
PET SUPER STORE CAPALABA,PRD:AU1:AU1-AUSTRALIA B2B B2C INV ORG,PAC00-14231,1-Oct-25,
PET SUPER STORE CAPALABA,PRD:AU1:AU1-AUSTRALIA B2B B2C INV ORG,PAC00-14231,1-Nov-25,3
PET SUPER STORE CAPALABA,PRD:AU1:AU1-AUSTRALIA B2B B2C INV ORG,PAC00-14231,1-Dec-25,
PET SUPER STORE CAPALABA,PRD:AU1:AU1-AUSTRALIA B2B B2C INV ORG,PAC00-14231,1-Jan-26,
PET SUPER STORE CAPALABA,PRD:AU1:AU1-AUSTRALIA B2B B2C INV ORG,PAC00-14231,1-Feb-26,
PET SUPER STORE CAPALABA,PRD:AU1:AU1-AUSTRALIA B2B B2C INV ORG,PAC00-14231,1-Mar-26,1
PET SUPER STORE CAPALABA,PRD:AU1:AU1-AUSTRALIA B2B B2C INV ORG,PAC00-14231,1-Apr-26,
PET SUPPLY,PRD:IND:IND-GEODIS WHSE IND US,PAC00-14231,1-May-23,2
PET SUPPLY,PRD:IND:IND-GEODIS WHSE IND US,PAC00-14231,1-Jun-23,2
PET SUPPLY,PRD:IND:IND-GEODIS WHSE IND US,PAC00-14231,1-Jul-23,
PET SUPPLY,PRD:IND:IND-GEODIS WHSE IND US,PAC00-14231,1-Aug-23,2
PET SUPPLY,PRD:IND:IND-GEODIS WHSE IND US,PAC00-14231,1-Sep-23,2
PET SUPPLY,PRD:IND:IND-GEODIS WHSE IND US,PAC00-14231,1-Oct-23,
PET SUPPLY,PRD:IND:IND-GEODIS WHSE IND US,PAC00-14231,1-Nov-23,
PET SUPPLY,PRD:IND:IND-GEODIS WHSE IND US,PAC00-14231,1-Dec-23,3
PET SUPPLY,PRD:IND:IND-GEODIS WHSE IND US,PAC00-14231,1-Jan-24,
PET SUPPLY,PRD:IND:IND-GEODIS WHSE IND US,PAC00-14231,1-Feb-24,3
PET SUPPLY,PRD:IND:IND-GEODIS WHSE IND US,PAC00-14231,1-Mar-24,
PET SUPPLY,PRD:IND:IND-GEODIS WHSE IND US,PAC00-14231,1-Apr-24,
PET SUPPLY,PRD:IND:IND-GEODIS WHSE IND US,PAC00-14231,1-May-24,
PET SUPPLY,PRD:IND:IND-GEODIS WHSE IND US,PAC00-14231,1-Jun-24,2
PET SUPPLY,PRD:IND:IND-GEODIS WHSE IND US,PAC00-14231,1-Jul-24,
PET SUPPLY,PRD:IND:IND-GEODIS WHSE IND US,PAC00-14231,1-Aug-24,4
PET SUPPLY,PRD:IND:IND-GEODIS WHSE IND US,PAC00-14231,1-Sep-24,3
PET SUPPLY,PRD:IND:IND-GEODIS WHSE IND US,PAC00-14231,1-Oct-24,
PET SUPPLY,PRD:IND:IND-GEODIS WHSE IND US,PAC00-14231,1-Nov-24,
PET SUPPLY,PRD:IND:IND-GEODIS WHSE IND US,PAC00-14231,1-Dec-24,6
PET SUPPLY,PRD:IND:IND-GEODIS WHSE IND US,PAC00-14231,1-Jan-25,
PET SUPPLY,PRD:IND:IND-GEODIS WHSE IND US,PAC00-14231,1-Feb-25,
PET SUPPLY,PRD:IND:IND-GEODIS WHSE IND US,PAC00-14231,1-Mar-25,5
PET SUPPLY,PRD:IND:IND-GEODIS WHSE IND US,PAC00-14231,1-Apr-25,3
PET SUPPLY,PRD:IND:IND-GEODIS WHSE IND US,PAC00-14231,1-May-25,8
PET SUPPLY,PRD:IND:IND-GEODIS WHSE IND US,PAC00-14231,1-Jun-25,
PET SUPPLY,PRD:IND:IND-GEODIS WHSE IND US,PAC00-14231,1-Jul-25,
PET SUPPLY,PRD:IND:IND-GEODIS WHSE IND US,PAC00-14231,1-Aug-25,
PET SUPPLY,PRD:IND:IND-GEODIS WHSE IND US,PAC00-14231,1-Sep-25,
PET SUPPLY,PRD:IND:IND-GEODIS WHSE IND US,PAC00-14231,1-Oct-25,
PET SUPPLY,PRD:IND:IND-GEODIS WHSE IND US,PAC00-14231,1-Nov-25,
PET SUPPLY,PRD:IND:IND-GEODIS WHSE IND US,PAC00-14231,1-Dec-25,
PET SUPPLY,PRD:IND:IND-GEODIS WHSE IND US,PAC00-14231,1-Jan-26,
PET SUPPLY,PRD:IND:IND-GEODIS WHSE IND US,PAC00-14231,1-Feb-26,
PET SUPPLY,PRD:IND:IND-GEODIS WHSE IND US,PAC00-14231,1-Mar-26,
PET SUPPLY,PRD:IND:IND-GEODIS WHSE IND US,PAC00-14231,1-Apr-26,
PETCO,PRD:IND:IND-GEODIS WHSE IND US,PAC00-14231,1-May-23,7380
PETCO,PRD:IND:IND-GEODIS WHSE IND US,PAC00-14231,1-Jun-23,3315
PETCO,PRD:IND:IND-GEODIS WHSE IND US,PAC00-14231,1-Jul-23,3060
PETCO,PRD:IND:IND-GEODIS WHSE IND US,PAC00-14231,1-Aug-23,4770
PETCO,PRD:IND:IND-GEODIS WHSE IND US,PAC00-14231,1-Sep-23,6660
PETCO,PRD:IND:IND-GEODIS WHSE IND US,PAC00-14231,1-Oct-23,4140
PETCO,PRD:IND:IND-GEODIS WHSE IND US,PAC00-14231,1-Nov-23,4815
PETCO,PRD:IND:IND-GEODIS WHSE IND US,PAC00-14231,1-Dec-23,5940
PETCO,PRD:IND:IND-GEODIS WHSE IND US,PAC00-14231,1-Jan-24,4140
PETCO,PRD:IND:IND-GEODIS WHSE IND US,PAC00-14231,1-Feb-24,4950
PETCO,PRD:IND:IND-GEODIS WHSE IND US,PAC00-14231,1-Mar-24,4095
PETCO,PRD:IND:IND-GEODIS WHSE IND US,PAC00-14231,1-Apr-24,4905
PETCO,PRD:IND:IND-GEODIS WHSE IND US,PAC00-14231,1-May-24,4230
PETCO,PRD:IND:IND-GEODIS WHSE IND US,PAC00-14231,1-Jun-24,4275
PETCO,PRD:IND:IND-GEODIS WHSE IND US,PAC00-14231,1-Jul-24,4860
PETCO,PRD:IND:IND-GEODIS WHSE IND US,PAC00-14231,1-Aug-24,5130
PETCO,PRD:IND:IND-GEODIS WHSE IND US,PAC00-14231,1-Sep-24,5535
PETCO,PRD:IND:IND-GEODIS WHSE IND US,PAC00-14231,1-Oct-24,5355
PETCO,PRD:IND:IND-GEODIS WHSE IND US,PAC00-14231,1-Nov-24,4320
PETCO,PRD:IND:IND-GEODIS WHSE IND US,PAC00-14231,1-Dec-24,5220
PETCO,PRD:IND:IND-GEODIS WHSE IND US,PAC00-14231,1-Jan-25,4410
PETCO,PRD:IND:IND-GEODIS WHSE IND US,PAC00-14231,1-Feb-25,3915
PETCO,PRD:IND:IND-GEODIS WHSE IND US,PAC00-14231,1-Mar-25,3060
PETCO,PRD:IND:IND-GEODIS WHSE IND US,PAC00-14231,1-Apr-25,4185
PETCO,PRD:IND:IND-GEODIS WHSE IND US,PAC00-14231,1-May-25,4275
PETCO,PRD:IND:IND-GEODIS WHSE IND US,PAC00-14231,1-Jun-25,2655
PETCO,PRD:IND:IND-GEODIS WHSE IND US,PAC00-14231,1-Jul-25,1890
PETCO,PRD:IND:IND-GEODIS WHSE IND US,PAC00-14231,1-Aug-25,4455
PETCO,PRD:IND:IND-GEODIS WHSE IND US,PAC00-14231,1-Sep-25,5625
PETCO,PRD:IND:IND-GEODIS WHSE IND US,PAC00-14231,1-Oct-25,4185
PETCO,PRD:IND:IND-GEODIS WHSE IND US,PAC00-14231,1-Nov-25,4545
PETCO,PRD:IND:IND-GEODIS WHSE IND US,PAC00-14231,1-Dec-25,2925
PETCO,PRD:IND:IND-GEODIS WHSE IND US,PAC00-14231,1-Jan-26,2510
PETCO,PRD:IND:IND-GEODIS WHSE IND US,PAC00-14231,1-Feb-26,3735
PETCO,PRD:IND:IND-GEODIS WHSE IND US,PAC00-14231,1-Mar-26,3645
PETCO,PRD:IND:IND-GEODIS WHSE IND US,PAC00-14231,1-Apr-26,2790
PETCO,PRD:IND:IND-GEODIS WHSE IND US,PBC-1000,1-May-23,720
PETCO,PRD:IND:IND-GEODIS WHSE IND US,PBC-1000,1-Jun-23,480
PETCO,PRD:IND:IND-GEODIS WHSE IND US,PBC-1000,1-Jul-23,600
PETCO,PRD:IND:IND-GEODIS WHSE IND US,PBC-1000,1-Aug-23,360
PETCO,PRD:IND:IND-GEODIS WHSE IND US,PBC-1000,1-Sep-23,600
PETCO,PRD:IND:IND-GEODIS WHSE IND US,PBC-1000,1-Oct-23,534
PETCO,PRD:IND:IND-GEODIS WHSE IND US,PBC-1000,1-Nov-23,54
PETCO,PRD:IND:IND-GEODIS WHSE IND US,PBC-1000,1-Dec-23,708
PETCO,PRD:IND:IND-GEODIS WHSE IND US,PBC-1000,1-Jan-24,1032
PETCO,PRD:IND:IND-GEODIS WHSE IND US,PBC-1000,1-Feb-24,72
PETCO,PRD:IND:IND-GEODIS WHSE IND US,PBC-1000,1-Mar-24,624
PETCO,PRD:IND:IND-GEODIS WHSE IND US,PBC-1000,1-Apr-24,240
PETCO,PRD:IND:IND-GEODIS WHSE IND US,PBC-1000,1-May-24,630
PETCO,PRD:IND:IND-GEODIS WHSE IND US,PBC-1000,1-Jun-24,552
PETCO,PRD:IND:IND-GEODIS WHSE IND US,PBC-1000,1-Jul-24,354
PETCO,PRD:IND:IND-GEODIS WHSE IND US,PBC-1000,1-Aug-24,480
PETCO,PRD:IND:IND-GEODIS WHSE IND US,PBC-1000,1-Sep-24,630
PETCO,PRD:IND:IND-GEODIS WHSE IND US,PBC-1000,1-Oct-24,822
PETCO,PRD:IND:IND-GEODIS WHSE IND US,PBC-1000,1-Nov-24,342
PETCO,PRD:IND:IND-GEODIS WHSE IND US,PBC-1000,1-Dec-24,366
PETCO,PRD:IND:IND-GEODIS WHSE IND US,PBC-1000,1-Jan-25,612
PETCO,PRD:IND:IND-GEODIS WHSE IND US,PBC-1000,1-Feb-25,846
PETCO,PRD:IND:IND-GEODIS WHSE IND US,PBC-1000,1-Mar-25,168
PETCO,PRD:IND:IND-GEODIS WHSE IND US,PBC-1000,1-Apr-25,
PETCO,PRD:IND:IND-GEODIS WHSE IND US,PBC-1000,1-May-25,
PETCO,PRD:IND:IND-GEODIS WHSE IND US,PBC-1000,1-Jun-25,
PETCO,PRD:IND:IND-GEODIS WHSE IND US,PBC-1000,1-Jul-25,1200
PETCO,PRD:IND:IND-GEODIS WHSE IND US,PBC-1000,1-Aug-25,840
PETCO,PRD:IND:IND-GEODIS WHSE IND US,PBC-1000,1-Sep-25,360
PETCO,PRD:IND:IND-GEODIS WHSE IND US,PBC-1000,1-Oct-25,120
PETCO,PRD:IND:IND-GEODIS WHSE IND US,PBC-1000,1-Nov-25,360
PETCO,PRD:IND:IND-GEODIS WHSE IND US,PBC-1000,1-Dec-25,360
PETCO,PRD:IND:IND-GEODIS WHSE IND US,PBC-1000,1-Jan-26,360
PETCO,PRD:IND:IND-GEODIS WHSE IND US,PBC-1000,1-Feb-26,240
PETCO,PRD:IND:IND-GEODIS WHSE IND US,PBC-1000,1-Mar-26,360
PETCO,PRD:IND:IND-GEODIS WHSE IND US,PBC-1000,1-Apr-26,120
PETCO,PRD:WCB:WCB-WEST COAST B2B INV ORG,PAC00-14231,1-May-23,2700
PETCO,PRD:WCB:WCB-WEST COAST B2B INV ORG,PAC00-14231,1-Jun-23,2070
PETCO,PRD:WCB:WCB-WEST COAST B2B INV ORG,PAC00-14231,1-Jul-23,2160
PETCO,PRD:WCB:WCB-WEST COAST B2B INV ORG,PAC00-14231,1-Aug-23,1710
PETCO,PRD:WCB:WCB-WEST COAST B2B INV ORG,PAC00-14231,1-Sep-23,2610
PETCO,PRD:WCB:WCB-WEST COAST B2B INV ORG,PAC00-14231,1-Oct-23,2745
PETCO,PRD:WCB:WCB-WEST COAST B2B INV ORG,PAC00-14231,1-Nov-23,1755
PETCO,PRD:WCB:WCB-WEST COAST B2B INV ORG,PAC00-14231,1-Dec-23,2925
PETCO,PRD:WCB:WCB-WEST COAST B2B INV ORG,PAC00-14231,1-Jan-24,2655
PETCO,PRD:WCB:WCB-WEST COAST B2B INV ORG,PAC00-14231,1-Feb-24,1890
PETCO,PRD:WCB:WCB-WEST COAST B2B INV ORG,PAC00-14231,1-Mar-24,1845
PETCO,PRD:WCB:WCB-WEST COAST B2B INV ORG,PAC00-14231,1-Apr-24,2205
PETCO,PRD:WCB:WCB-WEST COAST B2B INV ORG,PAC00-14231,1-May-24,1800
PETCO,PRD:WCB:WCB-WEST COAST B2B INV ORG,PAC00-14231,1-Jun-24,2070
PETCO,PRD:WCB:WCB-WEST COAST B2B INV ORG,PAC00-14231,1-Jul-24,2160
PETCO,PRD:WCB:WCB-WEST COAST B2B INV ORG,PAC00-14231,1-Aug-24,2970
PETCO,PRD:WCB:WCB-WEST COAST B2B INV ORG,PAC00-14231,1-Sep-24,1845
PETCO,PRD:WCB:WCB-WEST COAST B2B INV ORG,PAC00-14231,1-Oct-24,2160
PETCO,PRD:WCB:WCB-WEST COAST B2B INV ORG,PAC00-14231,1-Nov-24,2520
PETCO,PRD:WCB:WCB-WEST COAST B2B INV ORG,PAC00-14231,1-Dec-24,2025
PETCO,PRD:WCB:WCB-WEST COAST B2B INV ORG,PAC00-14231,1-Jan-25,1260
PETCO,PRD:WCB:WCB-WEST COAST B2B INV ORG,PAC00-14231,1-Feb-25,2475
PETCO,PRD:WCB:WCB-WEST COAST B2B INV ORG,PAC00-14231,1-Mar-25,1080
PETCO,PRD:WCB:WCB-WEST COAST B2B INV ORG,PAC00-14231,1-Apr-25,2340
PETCO,PRD:WCB:WCB-WEST COAST B2B INV ORG,PAC00-14231,1-May-25,1845
PETCO,PRD:WCB:WCB-WEST COAST B2B INV ORG,PAC00-14231,1-Jun-25,1260
PETCO,PRD:WCB:WCB-WEST COAST B2B INV ORG,PAC00-14231,1-Jul-25,675
PETCO,PRD:WCB:WCB-WEST COAST B2B INV ORG,PAC00-14231,1-Aug-25,2250
PETCO,PRD:WCB:WCB-WEST COAST B2B INV ORG,PAC00-14231,1-Sep-25,1935
PETCO,PRD:WCB:WCB-WEST COAST B2B INV ORG,PAC00-14231,1-Oct-25,2025
PETCO,PRD:WCB:WCB-WEST COAST B2B INV ORG,PAC00-14231,1-Nov-25,2025
PETCO,PRD:WCB:WCB-WEST COAST B2B INV ORG,PAC00-14231,1-Dec-25,1305
PETCO,PRD:WCB:WCB-WEST COAST B2B INV ORG,PAC00-14231,1-Jan-26,1575
PETCO,PRD:WCB:WCB-WEST COAST B2B INV ORG,PAC00-14231,1-Feb-26,1485
PETCO,PRD:WCB:WCB-WEST COAST B2B INV ORG,PAC00-14231,1-Mar-26,1575
PETCO,PRD:WCB:WCB-WEST COAST B2B INV ORG,PAC00-14231,1-Apr-26,1530
PETCO,PRD:WCB:WCB-WEST COAST B2B INV ORG,PBC-1000,1-May-23,360
PETCO,PRD:WCB:WCB-WEST COAST B2B INV ORG,PBC-1000,1-Jun-23,480
PETCO,PRD:WCB:WCB-WEST COAST B2B INV ORG,PBC-1000,1-Jul-23,240
PETCO,PRD:WCB:WCB-WEST COAST B2B INV ORG,PBC-1000,1-Aug-23,240
PETCO,PRD:WCB:WCB-WEST COAST B2B INV ORG,PBC-1000,1-Sep-23,360
PETCO,PRD:WCB:WCB-WEST COAST B2B INV ORG,PBC-1000,1-Oct-23,132
PETCO,PRD:WCB:WCB-WEST COAST B2B INV ORG,PBC-1000,1-Nov-23,
PETCO,PRD:WCB:WCB-WEST COAST B2B INV ORG,PBC-1000,1-Dec-23,174
PETCO,PRD:WCB:WCB-WEST COAST B2B INV ORG,PBC-1000,1-Jan-24,552
PETCO,PRD:WCB:WCB-WEST COAST B2B INV ORG,PBC-1000,1-Feb-24,36
PETCO,PRD:WCB:WCB-WEST COAST B2B INV ORG,PBC-1000,1-Mar-24,288
PETCO,PRD:WCB:WCB-WEST COAST B2B INV ORG,PBC-1000,1-Apr-24,72
PETCO,PRD:WCB:WCB-WEST COAST B2B INV ORG,PBC-1000,1-May-24,282
PETCO,PRD:WCB:WCB-WEST COAST B2B INV ORG,PBC-1000,1-Jun-24,294
PETCO,PRD:WCB:WCB-WEST COAST B2B INV ORG,PBC-1000,1-Jul-24,180
PETCO,PRD:WCB:WCB-WEST COAST B2B INV ORG,PBC-1000,1-Aug-24,252
PETCO,PRD:WCB:WCB-WEST COAST B2B INV ORG,PBC-1000,1-Sep-24,
PETCO,PRD:WCB:WCB-WEST COAST B2B INV ORG,PBC-1000,1-Oct-24,336
PETCO,PRD:WCB:WCB-WEST COAST B2B INV ORG,PBC-1000,1-Nov-24,360
PETCO,PRD:WCB:WCB-WEST COAST B2B INV ORG,PBC-1000,1-Dec-24,90
PETCO,PRD:WCB:WCB-WEST COAST B2B INV ORG,PBC-1000,1-Jan-25,228
PETCO,PRD:WCB:WCB-WEST COAST B2B INV ORG,PBC-1000,1-Feb-25,474
PETCO,PRD:WCB:WCB-WEST COAST B2B INV ORG,PBC-1000,1-Mar-25,48
PETCO,PRD:WCB:WCB-WEST COAST B2B INV ORG,PBC-1000,1-Apr-25,
PETCO,PRD:WCB:WCB-WEST COAST B2B INV ORG,PBC-1000,1-May-25,
PETCO,PRD:WCB:WCB-WEST COAST B2B INV ORG,PBC-1000,1-Jun-25,
PETCO,PRD:WCB:WCB-WEST COAST B2B INV ORG,PBC-1000,1-Jul-25,360
PETCO,PRD:WCB:WCB-WEST COAST B2B INV ORG,PBC-1000,1-Aug-25,600
PETCO,PRD:WCB:WCB-WEST COAST B2B INV ORG,PBC-1000,1-Sep-25,120
PETCO,PRD:WCB:WCB-WEST COAST B2B INV ORG,PBC-1000,1-Oct-25,120
PETCO,PRD:WCB:WCB-WEST COAST B2B INV ORG,PBC-1000,1-Nov-25,
PETCO,PRD:WCB:WCB-WEST COAST B2B INV ORG,PBC-1000,1-Dec-25,240
PETCO,PRD:WCB:WCB-WEST COAST B2B INV ORG,PBC-1000,1-Jan-26,240
PETCO,PRD:WCB:WCB-WEST COAST B2B INV ORG,PBC-1000,1-Feb-26,120
PETCO,PRD:WCB:WCB-WEST COAST B2B INV ORG,PBC-1000,1-Mar-26,
PETCO,PRD:WCB:WCB-WEST COAST B2B INV ORG,PBC-1000,1-Apr-26,120
PETCO NEWCO PTY LTD,PRD:AU1:AU1-AUSTRALIA B2B B2C INV ORG,PAC00-14231,1-May-23,
PETCO NEWCO PTY LTD,PRD:AU1:AU1-AUSTRALIA B2B B2C INV ORG,PAC00-14231,1-Jun-23,
PETCO NEWCO PTY LTD,PRD:AU1:AU1-AUSTRALIA B2B B2C INV ORG,PAC00-14231,1-Jul-23,
PETCO NEWCO PTY LTD,PRD:AU1:AU1-AUSTRALIA B2B B2C INV ORG,PAC00-14231,1-Aug-23,
PETCO NEWCO PTY LTD,PRD:AU1:AU1-AUSTRALIA B2B B2C INV ORG,PAC00-14231,1-Sep-23,
PETCO NEWCO PTY LTD,PRD:AU1:AU1-AUSTRALIA B2B B2C INV ORG,PAC00-14231,1-Oct-23,
PETCO NEWCO PTY LTD,PRD:AU1:AU1-AUSTRALIA B2B B2C INV ORG,PAC00-14231,1-Nov-23,
PETCO NEWCO PTY LTD,PRD:AU1:AU1-AUSTRALIA B2B B2C INV ORG,PAC00-14231,1-Dec-23,
PETCO NEWCO PTY LTD,PRD:AU1:AU1-AUSTRALIA B2B B2C INV ORG,PAC00-14231,1-Jan-24,
PETCO NEWCO PTY LTD,PRD:AU1:AU1-AUSTRALIA B2B B2C INV ORG,PAC00-14231,1-Feb-24,
PETCO NEWCO PTY LTD,PRD:AU1:AU1-AUSTRALIA B2B B2C INV ORG,PAC00-14231,1-Mar-24,
PETCO NEWCO PTY LTD,PRD:AU1:AU1-AUSTRALIA B2B B2C INV ORG,PAC00-14231,1-Apr-24,
PETCO NEWCO PTY LTD,PRD:AU1:AU1-AUSTRALIA B2B B2C INV ORG,PAC00-14231,1-May-24,
PETCO NEWCO PTY LTD,PRD:AU1:AU1-AUSTRALIA B2B B2C INV ORG,PAC00-14231,1-Jun-24,
PETCO NEWCO PTY LTD,PRD:AU1:AU1-AUSTRALIA B2B B2C INV ORG,PAC00-14231,1-Jul-24,
PETCO NEWCO PTY LTD,PRD:AU1:AU1-AUSTRALIA B2B B2C INV ORG,PAC00-14231,1-Aug-24,
PETCO NEWCO PTY LTD,PRD:AU1:AU1-AUSTRALIA B2B B2C INV ORG,PAC00-14231,1-Sep-24,
PETCO NEWCO PTY LTD,PRD:AU1:AU1-AUSTRALIA B2B B2C INV ORG,PAC00-14231,1-Oct-24,
PETCO NEWCO PTY LTD,PRD:AU1:AU1-AUSTRALIA B2B B2C INV ORG,PAC00-14231,1-Nov-24,
PETCO NEWCO PTY LTD,PRD:AU1:AU1-AUSTRALIA B2B B2C INV ORG,PAC00-14231,1-Dec-24,
PETCO NEWCO PTY LTD,PRD:AU1:AU1-AUSTRALIA B2B B2C INV ORG,PAC00-14231,1-Jan-25,
PETCO NEWCO PTY LTD,PRD:AU1:AU1-AUSTRALIA B2B B2C INV ORG,PAC00-14231,1-Feb-25,12
PETCO NEWCO PTY LTD,PRD:AU1:AU1-AUSTRALIA B2B B2C INV ORG,PAC00-14231,1-Mar-25,32
PETCO NEWCO PTY LTD,PRD:AU1:AU1-AUSTRALIA B2B B2C INV ORG,PAC00-14231,1-Apr-25,2
PETCO NEWCO PTY LTD,PRD:AU1:AU1-AUSTRALIA B2B B2C INV ORG,PAC00-14231,1-May-25,58
PETCO NEWCO PTY LTD,PRD:AU1:AU1-AUSTRALIA B2B B2C INV ORG,PAC00-14231,1-Jun-25,20
PETCO NEWCO PTY LTD,PRD:AU1:AU1-AUSTRALIA B2B B2C INV ORG,PAC00-14231,1-Jul-25,27
PETCO NEWCO PTY LTD,PRD:AU1:AU1-AUSTRALIA B2B B2C INV ORG,PAC00-14231,1-Aug-25,24
PETCO NEWCO PTY LTD,PRD:AU1:AU1-AUSTRALIA B2B B2C INV ORG,PAC00-14231,1-Sep-25,18
PETCO NEWCO PTY LTD,PRD:AU1:AU1-AUSTRALIA B2B B2C INV ORG,PAC00-14231,1-Oct-25,51
PETCO NEWCO PTY LTD,PRD:AU1:AU1-AUSTRALIA B2B B2C INV ORG,PAC00-14231,1-Nov-25,25
PETCO NEWCO PTY LTD,PRD:AU1:AU1-AUSTRALIA B2B B2C INV ORG,PAC00-14231,1-Dec-25,61
PETCO NEWCO PTY LTD,PRD:AU1:AU1-AUSTRALIA B2B B2C INV ORG,PAC00-14231,1-Jan-26,10
PETCO NEWCO PTY LTD,PRD:AU1:AU1-AUSTRALIA B2B B2C INV ORG,PAC00-14231,1-Feb-26,49
PETCO NEWCO PTY LTD,PRD:AU1:AU1-AUSTRALIA B2B B2C INV ORG,PAC00-14231,1-Mar-26,42
PETCO NEWCO PTY LTD,PRD:AU1:AU1-AUSTRALIA B2B B2C INV ORG,PAC00-14231,1-Apr-26,17
PETCO.COM,PRD:IND:IND-GEODIS WHSE IND US,PAC00-14231,1-May-23,6
PETCO.COM,PRD:IND:IND-GEODIS WHSE IND US,PAC00-14231,1-Jun-23,
PETCO.COM,PRD:IND:IND-GEODIS WHSE IND US,PAC00-14231,1-Jul-23,
PETCO.COM,PRD:IND:IND-GEODIS WHSE IND US,PAC00-14231,1-Aug-23,54
PETCO.COM,PRD:IND:IND-GEODIS WHSE IND US,PAC00-14231,1-Sep-23,6
PETCO.COM,PRD:IND:IND-GEODIS WHSE IND US,PAC00-14231,1-Oct-23,68
PETCO.COM,PRD:IND:IND-GEODIS WHSE IND US,PAC00-14231,1-Nov-23,203
PETCO.COM,PRD:IND:IND-GEODIS WHSE IND US,PAC00-14231,1-Dec-23,31
PETCO.COM,PRD:IND:IND-GEODIS WHSE IND US,PAC00-14231,1-Jan-24,20
PETCO.COM,PRD:IND:IND-GEODIS WHSE IND US,PAC00-14231,1-Feb-24,3
PETCO.COM,PRD:IND:IND-GEODIS WHSE IND US,PAC00-14231,1-Mar-24,
PETCO.COM,PRD:IND:IND-GEODIS WHSE IND US,PAC00-14231,1-Apr-24,
PETCO.COM,PRD:IND:IND-GEODIS WHSE IND US,PAC00-14231,1-May-24,
PETCO.COM,PRD:IND:IND-GEODIS WHSE IND US,PAC00-14231,1-Jun-24,
PETCO.COM,PRD:IND:IND-GEODIS WHSE IND US,PAC00-14231,1-Jul-24,
PETCO.COM,PRD:IND:IND-GEODIS WHSE IND US,PAC00-14231,1-Aug-24,
PETCO.COM,PRD:IND:IND-GEODIS WHSE IND US,PAC00-14231,1-Sep-24,
PETCO.COM,PRD:IND:IND-GEODIS WHSE IND US,PAC00-14231,1-Oct-24,
PETCO.COM,PRD:IND:IND-GEODIS WHSE IND US,PAC00-14231,1-Nov-24,135
PETCO.COM,PRD:IND:IND-GEODIS WHSE IND US,PAC00-14231,1-Dec-24,245
PETCO.COM,PRD:IND:IND-GEODIS WHSE IND US,PAC00-14231,1-Jan-25,
PETCO.COM,PRD:IND:IND-GEODIS WHSE IND US,PAC00-14231,1-Feb-25,
PETCO.COM,PRD:IND:IND-GEODIS WHSE IND US,PAC00-14231,1-Mar-25,
PETCO.COM,PRD:IND:IND-GEODIS WHSE IND US,PAC00-14231,1-Apr-25,
PETCO.COM,PRD:IND:IND-GEODIS WHSE IND US,PAC00-14231,1-May-25,
PETCO.COM,PRD:IND:IND-GEODIS WHSE IND US,PAC00-14231,1-Jun-25,
PETCO.COM,PRD:IND:IND-GEODIS WHSE IND US,PAC00-14231,1-Jul-25,
PETCO.COM,PRD:IND:IND-GEODIS WHSE IND US,PAC00-14231,1-Aug-25,
PETCO.COM,PRD:IND:IND-GEODIS WHSE IND US,PAC00-14231,1-Sep-25,
PETCO.COM,PRD:IND:IND-GEODIS WHSE IND US,PAC00-14231,1-Oct-25,
PETCO.COM,PRD:IND:IND-GEODIS WHSE IND US,PAC00-14231,1-Nov-25,
PETCO.COM,PRD:IND:IND-GEODIS WHSE IND US,PAC00-14231,1-Dec-25,
PETCO.COM,PRD:IND:IND-GEODIS WHSE IND US,PAC00-14231,1-Jan-26,
PETCO.COM,PRD:IND:IND-GEODIS WHSE IND US,PAC00-14231,1-Feb-26,
PETCO.COM,PRD:IND:IND-GEODIS WHSE IND US,PAC00-14231,1-Mar-26,
PETCO.COM,PRD:IND:IND-GEODIS WHSE IND US,PAC00-14231,1-Apr-26,
PETCO.COM,PRD:IND:IND-GEODIS WHSE IND US,PBC-1000,1-May-23,
PETCO.COM,PRD:IND:IND-GEODIS WHSE IND US,PBC-1000,1-Jun-23,
PETCO.COM,PRD:IND:IND-GEODIS WHSE IND US,PBC-1000,1-Jul-23,
PETCO.COM,PRD:IND:IND-GEODIS WHSE IND US,PBC-1000,1-Aug-23,5
PETCO.COM,PRD:IND:IND-GEODIS WHSE IND US,PBC-1000,1-Sep-23,
PETCO.COM,PRD:IND:IND-GEODIS WHSE IND US,PBC-1000,1-Oct-23,4
PETCO.COM,PRD:IND:IND-GEODIS WHSE IND US,PBC-1000,1-Nov-23,9
PETCO.COM,PRD:IND:IND-GEODIS WHSE IND US,PBC-1000,1-Dec-23,
PETCO.COM,PRD:IND:IND-GEODIS WHSE IND US,PBC-1000,1-Jan-24,6
PETCO.COM,PRD:IND:IND-GEODIS WHSE IND US,PBC-1000,1-Feb-24,
PETCO.COM,PRD:IND:IND-GEODIS WHSE IND US,PBC-1000,1-Mar-24,
PETCO.COM,PRD:IND:IND-GEODIS WHSE IND US,PBC-1000,1-Apr-24,2
PETCO.COM,PRD:IND:IND-GEODIS WHSE IND US,PBC-1000,1-May-24,
PETCO.COM,PRD:IND:IND-GEODIS WHSE IND US,PBC-1000,1-Jun-24,
PETCO.COM,PRD:IND:IND-GEODIS WHSE IND US,PBC-1000,1-Jul-24,
PETCO.COM,PRD:IND:IND-GEODIS WHSE IND US,PBC-1000,1-Aug-24,
PETCO.COM,PRD:IND:IND-GEODIS WHSE IND US,PBC-1000,1-Sep-24,
PETCO.COM,PRD:IND:IND-GEODIS WHSE IND US,PBC-1000,1-Oct-24,
PETCO.COM,PRD:IND:IND-GEODIS WHSE IND US,PBC-1000,1-Nov-24,
PETCO.COM,PRD:IND:IND-GEODIS WHSE IND US,PBC-1000,1-Dec-24,
PETCO.COM,PRD:IND:IND-GEODIS WHSE IND US,PBC-1000,1-Jan-25,
PETCO.COM,PRD:IND:IND-GEODIS WHSE IND US,PBC-1000,1-Feb-25,
PETCO.COM,PRD:IND:IND-GEODIS WHSE IND US,PBC-1000,1-Mar-25,
PETCO.COM,PRD:IND:IND-GEODIS WHSE IND US,PBC-1000,1-Apr-25,
PETCO.COM,PRD:IND:IND-GEODIS WHSE IND US,PBC-1000,1-May-25,
PETCO.COM,PRD:IND:IND-GEODIS WHSE IND US,PBC-1000,1-Jun-25,
PETCO.COM,PRD:IND:IND-GEODIS WHSE IND US,PBC-1000,1-Jul-25,
PETCO.COM,PRD:IND:IND-GEODIS WHSE IND US,PBC-1000,1-Aug-25,
PETCO.COM,PRD:IND:IND-GEODIS WHSE IND US,PBC-1000,1-Sep-25,
PETCO.COM,PRD:IND:IND-GEODIS WHSE IND US,PBC-1000,1-Oct-25,
PETCO.COM,PRD:IND:IND-GEODIS WHSE IND US,PBC-1000,1-Nov-25,
PETCO.COM,PRD:IND:IND-GEODIS WHSE IND US,PBC-1000,1-Dec-25,
PETCO.COM,PRD:IND:IND-GEODIS WHSE IND US,PBC-1000,1-Jan-26,
PETCO.COM,PRD:IND:IND-GEODIS WHSE IND US,PBC-1000,1-Feb-26,
PETCO.COM,PRD:IND:IND-GEODIS WHSE IND US,PBC-1000,1-Mar-26,
PETCO.COM,PRD:IND:IND-GEODIS WHSE IND US,PBC-1000,1-Apr-26,
PETFLOW INC,PRD:IND:IND-GEODIS WHSE IND US,PAC00-14231,1-May-23,
PETFLOW INC,PRD:IND:IND-GEODIS WHSE IND US,PAC00-14231,1-Jun-23,
PETFLOW INC,PRD:IND:IND-GEODIS WHSE IND US,PAC00-14231,1-Jul-23,
PETFLOW INC,PRD:IND:IND-GEODIS WHSE IND US,PAC00-14231,1-Aug-23,19
PETFLOW INC,PRD:IND:IND-GEODIS WHSE IND US,PAC00-14231,1-Sep-23,18
PETFLOW INC,PRD:IND:IND-GEODIS WHSE IND US,PAC00-14231,1-Oct-23,19
PETFLOW INC,PRD:IND:IND-GEODIS WHSE IND US,PAC00-14231,1-Nov-23,
PETFLOW INC,PRD:IND:IND-GEODIS WHSE IND US,PAC00-14231,1-Dec-23,
PETFLOW INC,PRD:IND:IND-GEODIS WHSE IND US,PAC00-14231,1-Jan-24,17
PETFLOW INC,PRD:IND:IND-GEODIS WHSE IND US,PAC00-14231,1-Feb-24,11
PETFLOW INC,PRD:IND:IND-GEODIS WHSE IND US,PAC00-14231,1-Mar-24,18
PETFLOW INC,PRD:IND:IND-GEODIS WHSE IND US,PAC00-14231,1-Apr-24,44
PETFLOW INC,PRD:IND:IND-GEODIS WHSE IND US,PAC00-14231,1-May-24,7
PETFLOW INC,PRD:IND:IND-GEODIS WHSE IND US,PAC00-14231,1-Jun-24,149
PETFLOW INC,PRD:IND:IND-GEODIS WHSE IND US,PAC00-14231,1-Jul-24,73
PETFLOW INC,PRD:IND:IND-GEODIS WHSE IND US,PAC00-14231,1-Aug-24,
PETFLOW INC,PRD:IND:IND-GEODIS WHSE IND US,PAC00-14231,1-Sep-24,
PETFLOW INC,PRD:IND:IND-GEODIS WHSE IND US,PAC00-14231,1-Oct-24,
PETFLOW INC,PRD:IND:IND-GEODIS WHSE IND US,PAC00-14231,1-Nov-24,
PETFLOW INC,PRD:IND:IND-GEODIS WHSE IND US,PAC00-14231,1-Dec-24,
PETFLOW INC,PRD:IND:IND-GEODIS WHSE IND US,PAC00-14231,1-Jan-25,
PETFLOW INC,PRD:IND:IND-GEODIS WHSE IND US,PAC00-14231,1-Feb-25,
PETFLOW INC,PRD:IND:IND-GEODIS WHSE IND US,PAC00-14231,1-Mar-25,
PETFLOW INC,PRD:IND:IND-GEODIS WHSE IND US,PAC00-14231,1-Apr-25,9
PETFLOW INC,PRD:IND:IND-GEODIS WHSE IND US,PAC00-14231,1-May-25,
PETFLOW INC,PRD:IND:IND-GEODIS WHSE IND US,PAC00-14231,1-Jun-25,
PETFLOW INC,PRD:IND:IND-GEODIS WHSE IND US,PAC00-14231,1-Jul-25,
PETFLOW INC,PRD:IND:IND-GEODIS WHSE IND US,PAC00-14231,1-Aug-25,
PETFLOW INC,PRD:IND:IND-GEODIS WHSE IND US,PAC00-14231,1-Sep-25,
PETFLOW INC,PRD:IND:IND-GEODIS WHSE IND US,PAC00-14231,1-Oct-25,
PETFLOW INC,PRD:IND:IND-GEODIS WHSE IND US,PAC00-14231,1-Nov-25,
PETFLOW INC,PRD:IND:IND-GEODIS WHSE IND US,PAC00-14231,1-Dec-25,
PETFLOW INC,PRD:IND:IND-GEODIS WHSE IND US,PAC00-14231,1-Jan-26,
PETFLOW INC,PRD:IND:IND-GEODIS WHSE IND US,PAC00-14231,1-Feb-26,
PETFLOW INC,PRD:IND:IND-GEODIS WHSE IND US,PAC00-14231,1-Mar-26,3
PETFLOW INC,PRD:IND:IND-GEODIS WHSE IND US,PAC00-14231,1-Apr-26,2
PETFLOW INC,PRD:IND:IND-GEODIS WHSE IND US,PBC-1000,1-May-23,
PETFLOW INC,PRD:IND:IND-GEODIS WHSE IND US,PBC-1000,1-Jun-23,
PETFLOW INC,PRD:IND:IND-GEODIS WHSE IND US,PBC-1000,1-Jul-23,
PETFLOW INC,PRD:IND:IND-GEODIS WHSE IND US,PBC-1000,1-Aug-23,
PETFLOW INC,PRD:IND:IND-GEODIS WHSE IND US,PBC-1000,1-Sep-23,4
PETFLOW INC,PRD:IND:IND-GEODIS WHSE IND US,PBC-1000,1-Oct-23,
PETFLOW INC,PRD:IND:IND-GEODIS WHSE IND US,PBC-1000,1-Nov-23,
PETFLOW INC,PRD:IND:IND-GEODIS WHSE IND US,PBC-1000,1-Dec-23,
PETFLOW INC,PRD:IND:IND-GEODIS WHSE IND US,PBC-1000,1-Jan-24,
PETFLOW INC,PRD:IND:IND-GEODIS WHSE IND US,PBC-1000,1-Feb-24,
PETFLOW INC,PRD:IND:IND-GEODIS WHSE IND US,PBC-1000,1-Mar-24,
PETFLOW INC,PRD:IND:IND-GEODIS WHSE IND US,PBC-1000,1-Apr-24,3
PETFLOW INC,PRD:IND:IND-GEODIS WHSE IND US,PBC-1000,1-May-24,
PETFLOW INC,PRD:IND:IND-GEODIS WHSE IND US,PBC-1000,1-Jun-24,4
PETFLOW INC,PRD:IND:IND-GEODIS WHSE IND US,PBC-1000,1-Jul-24,
PETFLOW INC,PRD:IND:IND-GEODIS WHSE IND US,PBC-1000,1-Aug-24,
PETFLOW INC,PRD:IND:IND-GEODIS WHSE IND US,PBC-1000,1-Sep-24,
PETFLOW INC,PRD:IND:IND-GEODIS WHSE IND US,PBC-1000,1-Oct-24,
PETFLOW INC,PRD:IND:IND-GEODIS WHSE IND US,PBC-1000,1-Nov-24,
PETFLOW INC,PRD:IND:IND-GEODIS WHSE IND US,PBC-1000,1-Dec-24,
PETFLOW INC,PRD:IND:IND-GEODIS WHSE IND US,PBC-1000,1-Jan-25,
PETFLOW INC,PRD:IND:IND-GEODIS WHSE IND US,PBC-1000,1-Feb-25,
PETFLOW INC,PRD:IND:IND-GEODIS WHSE IND US,PBC-1000,1-Mar-25,
PETFLOW INC,PRD:IND:IND-GEODIS WHSE IND US,PBC-1000,1-Apr-25,
PETFLOW INC,PRD:IND:IND-GEODIS WHSE IND US,PBC-1000,1-May-25,
PETFLOW INC,PRD:IND:IND-GEODIS WHSE IND US,PBC-1000,1-Jun-25,
PETFLOW INC,PRD:IND:IND-GEODIS WHSE IND US,PBC-1000,1-Jul-25,
PETFLOW INC,PRD:IND:IND-GEODIS WHSE IND US,PBC-1000,1-Aug-25,
PETFLOW INC,PRD:IND:IND-GEODIS WHSE IND US,PBC-1000,1-Sep-25,
PETFLOW INC,PRD:IND:IND-GEODIS WHSE IND US,PBC-1000,1-Oct-25,
PETFLOW INC,PRD:IND:IND-GEODIS WHSE IND US,PBC-1000,1-Nov-25,
PETFLOW INC,PRD:IND:IND-GEODIS WHSE IND US,PBC-1000,1-Dec-25,
PETFLOW INC,PRD:IND:IND-GEODIS WHSE IND US,PBC-1000,1-Jan-26,
PETFLOW INC,PRD:IND:IND-GEODIS WHSE IND US,PBC-1000,1-Feb-26,2
PETFLOW INC,PRD:IND:IND-GEODIS WHSE IND US,PBC-1000,1-Mar-26,4
PETFLOW INC,PRD:IND:IND-GEODIS WHSE IND US,PBC-1000,1-Apr-26,
PETLAND IOWA CITY,PRD:IND:IND-GEODIS WHSE IND US,PBC-1000,1-May-23,
PETLAND IOWA CITY,PRD:IND:IND-GEODIS WHSE IND US,PBC-1000,1-Jun-23,
PETLAND IOWA CITY,PRD:IND:IND-GEODIS WHSE IND US,PBC-1000,1-Jul-23,
PETLAND IOWA CITY,PRD:IND:IND-GEODIS WHSE IND US,PBC-1000,1-Aug-23,
PETLAND IOWA CITY,PRD:IND:IND-GEODIS WHSE IND US,PBC-1000,1-Sep-23,
PETLAND IOWA CITY,PRD:IND:IND-GEODIS WHSE IND US,PBC-1000,1-Oct-23,
PETLAND IOWA CITY,PRD:IND:IND-GEODIS WHSE IND US,PBC-1000,1-Nov-23,
PETLAND IOWA CITY,PRD:IND:IND-GEODIS WHSE IND US,PBC-1000,1-Dec-23,
PETLAND IOWA CITY,PRD:IND:IND-GEODIS WHSE IND US,PBC-1000,1-Jan-24,
PETLAND IOWA CITY,PRD:IND:IND-GEODIS WHSE IND US,PBC-1000,1-Feb-24,
PETLAND IOWA CITY,PRD:IND:IND-GEODIS WHSE IND US,PBC-1000,1-Mar-24,
PETLAND IOWA CITY,PRD:IND:IND-GEODIS WHSE IND US,PBC-1000,1-Apr-24,
PETLAND IOWA CITY,PRD:IND:IND-GEODIS WHSE IND US,PBC-1000,1-May-24,
PETLAND IOWA CITY,PRD:IND:IND-GEODIS WHSE IND US,PBC-1000,1-Jun-24,2
PETLAND IOWA CITY,PRD:IND:IND-GEODIS WHSE IND US,PBC-1000,1-Jul-24,
PETLAND IOWA CITY,PRD:IND:IND-GEODIS WHSE IND US,PBC-1000,1-Aug-24,
PETLAND IOWA CITY,PRD:IND:IND-GEODIS WHSE IND US,PBC-1000,1-Sep-24,
PETLAND IOWA CITY,PRD:IND:IND-GEODIS WHSE IND US,PBC-1000,1-Oct-24,
PETLAND IOWA CITY,PRD:IND:IND-GEODIS WHSE IND US,PBC-1000,1-Nov-24,
PETLAND IOWA CITY,PRD:IND:IND-GEODIS WHSE IND US,PBC-1000,1-Dec-24,
PETLAND IOWA CITY,PRD:IND:IND-GEODIS WHSE IND US,PBC-1000,1-Jan-25,
PETLAND IOWA CITY,PRD:IND:IND-GEODIS WHSE IND US,PBC-1000,1-Feb-25,
PETLAND IOWA CITY,PRD:IND:IND-GEODIS WHSE IND US,PBC-1000,1-Mar-25,
PETLAND IOWA CITY,PRD:IND:IND-GEODIS WHSE IND US,PBC-1000,1-Apr-25,
PETLAND IOWA CITY,PRD:IND:IND-GEODIS WHSE IND US,PBC-1000,1-May-25,
PETLAND IOWA CITY,PRD:IND:IND-GEODIS WHSE IND US,PBC-1000,1-Jun-25,
PETLAND IOWA CITY,PRD:IND:IND-GEODIS WHSE IND US,PBC-1000,1-Jul-25,
PETLAND IOWA CITY,PRD:IND:IND-GEODIS WHSE IND US,PBC-1000,1-Aug-25,
PETLAND IOWA CITY,PRD:IND:IND-GEODIS WHSE IND US,PBC-1000,1-Sep-25,2
PETLAND IOWA CITY,PRD:IND:IND-GEODIS WHSE IND US,PBC-1000,1-Oct-25,
PETLAND IOWA CITY,PRD:IND:IND-GEODIS WHSE IND US,PBC-1000,1-Nov-25,
PETLAND IOWA CITY,PRD:IND:IND-GEODIS WHSE IND US,PBC-1000,1-Dec-25,
PETLAND IOWA CITY,PRD:IND:IND-GEODIS WHSE IND US,PBC-1000,1-Jan-26,
PETLAND IOWA CITY,PRD:IND:IND-GEODIS WHSE IND US,PBC-1000,1-Feb-26,
PETLAND IOWA CITY,PRD:IND:IND-GEODIS WHSE IND US,PBC-1000,1-Mar-26,
PETLAND IOWA CITY,PRD:IND:IND-GEODIS WHSE IND US,PBC-1000,1-Apr-26,
PETLAND MEXICO,PRD:IND:IND-GEODIS WHSE IND US,PAC00-14231,1-May-23,
PETLAND MEXICO,PRD:IND:IND-GEODIS WHSE IND US,PAC00-14231,1-Jun-23,
PETLAND MEXICO,PRD:IND:IND-GEODIS WHSE IND US,PAC00-14231,1-Jul-23,
PETLAND MEXICO,PRD:IND:IND-GEODIS WHSE IND US,PAC00-14231,1-Aug-23,8
PETLAND MEXICO,PRD:IND:IND-GEODIS WHSE IND US,PAC00-14231,1-Sep-23,
PETLAND MEXICO,PRD:IND:IND-GEODIS WHSE IND US,PAC00-14231,1-Oct-23,
PETLAND MEXICO,PRD:IND:IND-GEODIS WHSE IND US,PAC00-14231,1-Nov-23,
PETLAND MEXICO,PRD:IND:IND-GEODIS WHSE IND US,PAC00-14231,1-Dec-23,
PETLAND MEXICO,PRD:IND:IND-GEODIS WHSE IND US,PAC00-14231,1-Jan-24,
PETLAND MEXICO,PRD:IND:IND-GEODIS WHSE IND US,PAC00-14231,1-Feb-24,
PETLAND MEXICO,PRD:IND:IND-GEODIS WHSE IND US,PAC00-14231,1-Mar-24,
PETLAND MEXICO,PRD:IND:IND-GEODIS WHSE IND US,PAC00-14231,1-Apr-24,
PETLAND MEXICO,PRD:IND:IND-GEODIS WHSE IND US,PAC00-14231,1-May-24,
PETLAND MEXICO,PRD:IND:IND-GEODIS WHSE IND US,PAC00-14231,1-Jun-24,
PETLAND MEXICO,PRD:IND:IND-GEODIS WHSE IND US,PAC00-14231,1-Jul-24,
PETLAND MEXICO,PRD:IND:IND-GEODIS WHSE IND US,PAC00-14231,1-Aug-24,
PETLAND MEXICO,PRD:IND:IND-GEODIS WHSE IND US,PAC00-14231,1-Sep-24,
PETLAND MEXICO,PRD:IND:IND-GEODIS WHSE IND US,PAC00-14231,1-Oct-24,
PETLAND MEXICO,PRD:IND:IND-GEODIS WHSE IND US,PAC00-14231,1-Nov-24,
PETLAND MEXICO,PRD:IND:IND-GEODIS WHSE IND US,PAC00-14231,1-Dec-24,
PETLAND MEXICO,PRD:IND:IND-GEODIS WHSE IND US,PAC00-14231,1-Jan-25,
PETLAND MEXICO,PRD:IND:IND-GEODIS WHSE IND US,PAC00-14231,1-Feb-25,
PETLAND MEXICO,PRD:IND:IND-GEODIS WHSE IND US,PAC00-14231,1-Mar-25,
PETLAND MEXICO,PRD:IND:IND-GEODIS WHSE IND US,PAC00-14231,1-Apr-25,
PETLAND MEXICO,PRD:IND:IND-GEODIS WHSE IND US,PAC00-14231,1-May-25,
PETLAND MEXICO,PRD:IND:IND-GEODIS WHSE IND US,PAC00-14231,1-Jun-25,
PETLAND MEXICO,PRD:IND:IND-GEODIS WHSE IND US,PAC00-14231,1-Jul-25,
PETLAND MEXICO,PRD:IND:IND-GEODIS WHSE IND US,PAC00-14231,1-Aug-25,
PETLAND MEXICO,PRD:IND:IND-GEODIS WHSE IND US,PAC00-14231,1-Sep-25,
PETLAND MEXICO,PRD:IND:IND-GEODIS WHSE IND US,PAC00-14231,1-Oct-25,
PETLAND MEXICO,PRD:IND:IND-GEODIS WHSE IND US,PAC00-14231,1-Nov-25,
PETLAND MEXICO,PRD:IND:IND-GEODIS WHSE IND US,PAC00-14231,1-Dec-25,
PETLAND MEXICO,PRD:IND:IND-GEODIS WHSE IND US,PAC00-14231,1-Jan-26,
PETLAND MEXICO,PRD:IND:IND-GEODIS WHSE IND US,PAC00-14231,1-Feb-26,
PETLAND MEXICO,PRD:IND:IND-GEODIS WHSE IND US,PAC00-14231,1-Mar-26,
PETLAND MEXICO,PRD:IND:IND-GEODIS WHSE IND US,PAC00-14231,1-Apr-26,
PETLAND MEXICO,PRD:IND:IND-GEODIS WHSE IND US,PBC-1000,1-May-23,
PETLAND MEXICO,PRD:IND:IND-GEODIS WHSE IND US,PBC-1000,1-Jun-23,
PETLAND MEXICO,PRD:IND:IND-GEODIS WHSE IND US,PBC-1000,1-Jul-23,
PETLAND MEXICO,PRD:IND:IND-GEODIS WHSE IND US,PBC-1000,1-Aug-23,6
PETLAND MEXICO,PRD:IND:IND-GEODIS WHSE IND US,PBC-1000,1-Sep-23,
PETLAND MEXICO,PRD:IND:IND-GEODIS WHSE IND US,PBC-1000,1-Oct-23,
PETLAND MEXICO,PRD:IND:IND-GEODIS WHSE IND US,PBC-1000,1-Nov-23,
PETLAND MEXICO,PRD:IND:IND-GEODIS WHSE IND US,PBC-1000,1-Dec-23,
PETLAND MEXICO,PRD:IND:IND-GEODIS WHSE IND US,PBC-1000,1-Jan-24,
PETLAND MEXICO,PRD:IND:IND-GEODIS WHSE IND US,PBC-1000,1-Feb-24,
PETLAND MEXICO,PRD:IND:IND-GEODIS WHSE IND US,PBC-1000,1-Mar-24,
PETLAND MEXICO,PRD:IND:IND-GEODIS WHSE IND US,PBC-1000,1-Apr-24,
PETLAND MEXICO,PRD:IND:IND-GEODIS WHSE IND US,PBC-1000,1-May-24,
PETLAND MEXICO,PRD:IND:IND-GEODIS WHSE IND US,PBC-1000,1-Jun-24,
PETLAND MEXICO,PRD:IND:IND-GEODIS WHSE IND US,PBC-1000,1-Jul-24,
PETLAND MEXICO,PRD:IND:IND-GEODIS WHSE IND US,PBC-1000,1-Aug-24,
PETLAND MEXICO,PRD:IND:IND-GEODIS WHSE IND US,PBC-1000,1-Sep-24,
PETLAND MEXICO,PRD:IND:IND-GEODIS WHSE IND US,PBC-1000,1-Oct-24,
PETLAND MEXICO,PRD:IND:IND-GEODIS WHSE IND US,PBC-1000,1-Nov-24,
PETLAND MEXICO,PRD:IND:IND-GEODIS WHSE IND US,PBC-1000,1-Dec-24,
PETLAND MEXICO,PRD:IND:IND-GEODIS WHSE IND US,PBC-1000,1-Jan-25,
PETLAND MEXICO,PRD:IND:IND-GEODIS WHSE IND US,PBC-1000,1-Feb-25,
PETLAND MEXICO,PRD:IND:IND-GEODIS WHSE IND US,PBC-1000,1-Mar-25,
PETLAND MEXICO,PRD:IND:IND-GEODIS WHSE IND US,PBC-1000,1-Apr-25,
PETLAND MEXICO,PRD:IND:IND-GEODIS WHSE IND US,PBC-1000,1-May-25,
PETLAND MEXICO,PRD:IND:IND-GEODIS WHSE IND US,PBC-1000,1-Jun-25,
PETLAND MEXICO,PRD:IND:IND-GEODIS WHSE IND US,PBC-1000,1-Jul-25,
PETLAND MEXICO,PRD:IND:IND-GEODIS WHSE IND US,PBC-1000,1-Aug-25,
PETLAND MEXICO,PRD:IND:IND-GEODIS WHSE IND US,PBC-1000,1-Sep-25,
PETLAND MEXICO,PRD:IND:IND-GEODIS WHSE IND US,PBC-1000,1-Oct-25,
PETLAND MEXICO,PRD:IND:IND-GEODIS WHSE IND US,PBC-1000,1-Nov-25,
PETLAND MEXICO,PRD:IND:IND-GEODIS WHSE IND US,PBC-1000,1-Dec-25,
PETLAND MEXICO,PRD:IND:IND-GEODIS WHSE IND US,PBC-1000,1-Jan-26,
PETLAND MEXICO,PRD:IND:IND-GEODIS WHSE IND US,PBC-1000,1-Feb-26,
PETLAND MEXICO,PRD:IND:IND-GEODIS WHSE IND US,PBC-1000,1-Mar-26,
PETLAND MEXICO,PRD:IND:IND-GEODIS WHSE IND US,PBC-1000,1-Apr-26,
PETLAND NORTH HUNTINGDON,PRD:IND:IND-GEODIS WHSE IND US,PAC00-14231,1-May-23,
PETLAND NORTH HUNTINGDON,PRD:IND:IND-GEODIS WHSE IND US,PAC00-14231,1-Jun-23,
PETLAND NORTH HUNTINGDON,PRD:IND:IND-GEODIS WHSE IND US,PAC00-14231,1-Jul-23,
PETLAND NORTH HUNTINGDON,PRD:IND:IND-GEODIS WHSE IND US,PAC00-14231,1-Aug-23,5
PETLAND NORTH HUNTINGDON,PRD:IND:IND-GEODIS WHSE IND US,PAC00-14231,1-Sep-23,
PETLAND NORTH HUNTINGDON,PRD:IND:IND-GEODIS WHSE IND US,PAC00-14231,1-Oct-23,
PETLAND NORTH HUNTINGDON,PRD:IND:IND-GEODIS WHSE IND US,PAC00-14231,1-Nov-23,
PETLAND NORTH HUNTINGDON,PRD:IND:IND-GEODIS WHSE IND US,PAC00-14231,1-Dec-23,
PETLAND NORTH HUNTINGDON,PRD:IND:IND-GEODIS WHSE IND US,PAC00-14231,1-Jan-24,
PETLAND NORTH HUNTINGDON,PRD:IND:IND-GEODIS WHSE IND US,PAC00-14231,1-Feb-24,6
PETLAND NORTH HUNTINGDON,PRD:IND:IND-GEODIS WHSE IND US,PAC00-14231,1-Mar-24,
PETLAND NORTH HUNTINGDON,PRD:IND:IND-GEODIS WHSE IND US,PAC00-14231,1-Apr-24,
PETLAND NORTH HUNTINGDON,PRD:IND:IND-GEODIS WHSE IND US,PAC00-14231,1-May-24,
PETLAND NORTH HUNTINGDON,PRD:IND:IND-GEODIS WHSE IND US,PAC00-14231,1-Jun-24,
PETLAND NORTH HUNTINGDON,PRD:IND:IND-GEODIS WHSE IND US,PAC00-14231,1-Jul-24,
PETLAND NORTH HUNTINGDON,PRD:IND:IND-GEODIS WHSE IND US,PAC00-14231,1-Aug-24,
PETLAND NORTH HUNTINGDON,PRD:IND:IND-GEODIS WHSE IND US,PAC00-14231,1-Sep-24,
PETLAND NORTH HUNTINGDON,PRD:IND:IND-GEODIS WHSE IND US,PAC00-14231,1-Oct-24,
PETLAND NORTH HUNTINGDON,PRD:IND:IND-GEODIS WHSE IND US,PAC00-14231,1-Nov-24,
PETLAND NORTH HUNTINGDON,PRD:IND:IND-GEODIS WHSE IND US,PAC00-14231,1-Dec-24,
PETLAND NORTH HUNTINGDON,PRD:IND:IND-GEODIS WHSE IND US,PAC00-14231,1-Jan-25,
PETLAND NORTH HUNTINGDON,PRD:IND:IND-GEODIS WHSE IND US,PAC00-14231,1-Feb-25,
PETLAND NORTH HUNTINGDON,PRD:IND:IND-GEODIS WHSE IND US,PAC00-14231,1-Mar-25,
PETLAND NORTH HUNTINGDON,PRD:IND:IND-GEODIS WHSE IND US,PAC00-14231,1-Apr-25,
PETLAND NORTH HUNTINGDON,PRD:IND:IND-GEODIS WHSE IND US,PAC00-14231,1-May-25,
PETLAND NORTH HUNTINGDON,PRD:IND:IND-GEODIS WHSE IND US,PAC00-14231,1-Jun-25,
PETLAND NORTH HUNTINGDON,PRD:IND:IND-GEODIS WHSE IND US,PAC00-14231,1-Jul-25,
PETLAND NORTH HUNTINGDON,PRD:IND:IND-GEODIS WHSE IND US,PAC00-14231,1-Aug-25,
PETLAND NORTH HUNTINGDON,PRD:IND:IND-GEODIS WHSE IND US,PAC00-14231,1-Sep-25,
PETLAND NORTH HUNTINGDON,PRD:IND:IND-GEODIS WHSE IND US,PAC00-14231,1-Oct-25,
PETLAND NORTH HUNTINGDON,PRD:IND:IND-GEODIS WHSE IND US,PAC00-14231,1-Nov-25,
PETLAND NORTH HUNTINGDON,PRD:IND:IND-GEODIS WHSE IND US,PAC00-14231,1-Dec-25,
PETLAND NORTH HUNTINGDON,PRD:IND:IND-GEODIS WHSE IND US,PAC00-14231,1-Jan-26,
PETLAND NORTH HUNTINGDON,PRD:IND:IND-GEODIS WHSE IND US,PAC00-14231,1-Feb-26,
PETLAND NORTH HUNTINGDON,PRD:IND:IND-GEODIS WHSE IND US,PAC00-14231,1-Mar-26,
PETLAND NORTH HUNTINGDON,PRD:IND:IND-GEODIS WHSE IND US,PAC00-14231,1-Apr-26,
PETNEST ENTERPRISES,PRD:AU1:AU1-AUSTRALIA B2B B2C INV ORG,PAC00-14231,1-May-23,
PETNEST ENTERPRISES,PRD:AU1:AU1-AUSTRALIA B2B B2C INV ORG,PAC00-14231,1-Jun-23,
PETNEST ENTERPRISES,PRD:AU1:AU1-AUSTRALIA B2B B2C INV ORG,PAC00-14231,1-Jul-23,
PETNEST ENTERPRISES,PRD:AU1:AU1-AUSTRALIA B2B B2C INV ORG,PAC00-14231,1-Aug-23,
PETNEST ENTERPRISES,PRD:AU1:AU1-AUSTRALIA B2B B2C INV ORG,PAC00-14231,1-Sep-23,
PETNEST ENTERPRISES,PRD:AU1:AU1-AUSTRALIA B2B B2C INV ORG,PAC00-14231,1-Oct-23,
PETNEST ENTERPRISES,PRD:AU1:AU1-AUSTRALIA B2B B2C INV ORG,PAC00-14231,1-Nov-23,
PETNEST ENTERPRISES,PRD:AU1:AU1-AUSTRALIA B2B B2C INV ORG,PAC00-14231,1-Dec-23,
PETNEST ENTERPRISES,PRD:AU1:AU1-AUSTRALIA B2B B2C INV ORG,PAC00-14231,1-Jan-24,
PETNEST ENTERPRISES,PRD:AU1:AU1-AUSTRALIA B2B B2C INV ORG,PAC00-14231,1-Feb-24,
PETNEST ENTERPRISES,PRD:AU1:AU1-AUSTRALIA B2B B2C INV ORG,PAC00-14231,1-Mar-24,
PETNEST ENTERPRISES,PRD:AU1:AU1-AUSTRALIA B2B B2C INV ORG,PAC00-14231,1-Apr-24,
PETNEST ENTERPRISES,PRD:AU1:AU1-AUSTRALIA B2B B2C INV ORG,PAC00-14231,1-May-24,
PETNEST ENTERPRISES,PRD:AU1:AU1-AUSTRALIA B2B B2C INV ORG,PAC00-14231,1-Jun-24,
PETNEST ENTERPRISES,PRD:AU1:AU1-AUSTRALIA B2B B2C INV ORG,PAC00-14231,1-Jul-24,
PETNEST ENTERPRISES,PRD:AU1:AU1-AUSTRALIA B2B B2C INV ORG,PAC00-14231,1-Aug-24,
PETNEST ENTERPRISES,PRD:AU1:AU1-AUSTRALIA B2B B2C INV ORG,PAC00-14231,1-Sep-24,
PETNEST ENTERPRISES,PRD:AU1:AU1-AUSTRALIA B2B B2C INV ORG,PAC00-14231,1-Oct-24,
PETNEST ENTERPRISES,PRD:AU1:AU1-AUSTRALIA B2B B2C INV ORG,PAC00-14231,1-Nov-24,
PETNEST ENTERPRISES,PRD:AU1:AU1-AUSTRALIA B2B B2C INV ORG,PAC00-14231,1-Dec-24,
PETNEST ENTERPRISES,PRD:AU1:AU1-AUSTRALIA B2B B2C INV ORG,PAC00-14231,1-Jan-25,
PETNEST ENTERPRISES,PRD:AU1:AU1-AUSTRALIA B2B B2C INV ORG,PAC00-14231,1-Feb-25,
PETNEST ENTERPRISES,PRD:AU1:AU1-AUSTRALIA B2B B2C INV ORG,PAC00-14231,1-Mar-25,
PETNEST ENTERPRISES,PRD:AU1:AU1-AUSTRALIA B2B B2C INV ORG,PAC00-14231,1-Apr-25,
PETNEST ENTERPRISES,PRD:AU1:AU1-AUSTRALIA B2B B2C INV ORG,PAC00-14231,1-May-25,3
PETNEST ENTERPRISES,PRD:AU1:AU1-AUSTRALIA B2B B2C INV ORG,PAC00-14231,1-Jun-25,
PETNEST ENTERPRISES,PRD:AU1:AU1-AUSTRALIA B2B B2C INV ORG,PAC00-14231,1-Jul-25,
PETNEST ENTERPRISES,PRD:AU1:AU1-AUSTRALIA B2B B2C INV ORG,PAC00-14231,1-Aug-25,
PETNEST ENTERPRISES,PRD:AU1:AU1-AUSTRALIA B2B B2C INV ORG,PAC00-14231,1-Sep-25,
PETNEST ENTERPRISES,PRD:AU1:AU1-AUSTRALIA B2B B2C INV ORG,PAC00-14231,1-Oct-25,
PETNEST ENTERPRISES,PRD:AU1:AU1-AUSTRALIA B2B B2C INV ORG,PAC00-14231,1-Nov-25,
PETNEST ENTERPRISES,PRD:AU1:AU1-AUSTRALIA B2B B2C INV ORG,PAC00-14231,1-Dec-25,14
PETNEST ENTERPRISES,PRD:AU1:AU1-AUSTRALIA B2B B2C INV ORG,PAC00-14231,1-Jan-26,
PETNEST ENTERPRISES,PRD:AU1:AU1-AUSTRALIA B2B B2C INV ORG,PAC00-14231,1-Feb-26,
PETNEST ENTERPRISES,PRD:AU1:AU1-AUSTRALIA B2B B2C INV ORG,PAC00-14231,1-Mar-26,
PETNEST ENTERPRISES,PRD:AU1:AU1-AUSTRALIA B2B B2C INV ORG,PAC00-14231,1-Apr-26,
PETO - HEAD OFFICE,PRD:AU1:AU1-AUSTRALIA B2B B2C INV ORG,PAC00-14231,1-May-23,
PETO - HEAD OFFICE,PRD:AU1:AU1-AUSTRALIA B2B B2C INV ORG,PAC00-14231,1-Jun-23,
PETO - HEAD OFFICE,PRD:AU1:AU1-AUSTRALIA B2B B2C INV ORG,PAC00-14231,1-Jul-23,
PETO - HEAD OFFICE,PRD:AU1:AU1-AUSTRALIA B2B B2C INV ORG,PAC00-14231,1-Aug-23,
PETO - HEAD OFFICE,PRD:AU1:AU1-AUSTRALIA B2B B2C INV ORG,PAC00-14231,1-Sep-23,
PETO - HEAD OFFICE,PRD:AU1:AU1-AUSTRALIA B2B B2C INV ORG,PAC00-14231,1-Oct-23,
PETO - HEAD OFFICE,PRD:AU1:AU1-AUSTRALIA B2B B2C INV ORG,PAC00-14231,1-Nov-23,
PETO - HEAD OFFICE,PRD:AU1:AU1-AUSTRALIA B2B B2C INV ORG,PAC00-14231,1-Dec-23,
PETO - HEAD OFFICE,PRD:AU1:AU1-AUSTRALIA B2B B2C INV ORG,PAC00-14231,1-Jan-24,
PETO - HEAD OFFICE,PRD:AU1:AU1-AUSTRALIA B2B B2C INV ORG,PAC00-14231,1-Feb-24,
PETO - HEAD OFFICE,PRD:AU1:AU1-AUSTRALIA B2B B2C INV ORG,PAC00-14231,1-Mar-24,
PETO - HEAD OFFICE,PRD:AU1:AU1-AUSTRALIA B2B B2C INV ORG,PAC00-14231,1-Apr-24,
PETO - HEAD OFFICE,PRD:AU1:AU1-AUSTRALIA B2B B2C INV ORG,PAC00-14231,1-May-24,
PETO - HEAD OFFICE,PRD:AU1:AU1-AUSTRALIA B2B B2C INV ORG,PAC00-14231,1-Jun-24,
PETO - HEAD OFFICE,PRD:AU1:AU1-AUSTRALIA B2B B2C INV ORG,PAC00-14231,1-Jul-24,
PETO - HEAD OFFICE,PRD:AU1:AU1-AUSTRALIA B2B B2C INV ORG,PAC00-14231,1-Aug-24,
PETO - HEAD OFFICE,PRD:AU1:AU1-AUSTRALIA B2B B2C INV ORG,PAC00-14231,1-Sep-24,
PETO - HEAD OFFICE,PRD:AU1:AU1-AUSTRALIA B2B B2C INV ORG,PAC00-14231,1-Oct-24,
PETO - HEAD OFFICE,PRD:AU1:AU1-AUSTRALIA B2B B2C INV ORG,PAC00-14231,1-Nov-24,
PETO - HEAD OFFICE,PRD:AU1:AU1-AUSTRALIA B2B B2C INV ORG,PAC00-14231,1-Dec-24,
PETO - HEAD OFFICE,PRD:AU1:AU1-AUSTRALIA B2B B2C INV ORG,PAC00-14231,1-Jan-25,
PETO - HEAD OFFICE,PRD:AU1:AU1-AUSTRALIA B2B B2C INV ORG,PAC00-14231,1-Feb-25,
PETO - HEAD OFFICE,PRD:AU1:AU1-AUSTRALIA B2B B2C INV ORG,PAC00-14231,1-Mar-25,
PETO - HEAD OFFICE,PRD:AU1:AU1-AUSTRALIA B2B B2C INV ORG,PAC00-14231,1-Apr-25,
PETO - HEAD OFFICE,PRD:AU1:AU1-AUSTRALIA B2B B2C INV ORG,PAC00-14231,1-May-25,
PETO - HEAD OFFICE,PRD:AU1:AU1-AUSTRALIA B2B B2C INV ORG,PAC00-14231,1-Jun-25,
PETO - HEAD OFFICE,PRD:AU1:AU1-AUSTRALIA B2B B2C INV ORG,PAC00-14231,1-Jul-25,
PETO - HEAD OFFICE,PRD:AU1:AU1-AUSTRALIA B2B B2C INV ORG,PAC00-14231,1-Aug-25,
PETO - HEAD OFFICE,PRD:AU1:AU1-AUSTRALIA B2B B2C INV ORG,PAC00-14231,1-Sep-25,
PETO - HEAD OFFICE,PRD:AU1:AU1-AUSTRALIA B2B B2C INV ORG,PAC00-14231,1-Oct-25,
PETO - HEAD OFFICE,PRD:AU1:AU1-AUSTRALIA B2B B2C INV ORG,PAC00-14231,1-Nov-25,
PETO - HEAD OFFICE,PRD:AU1:AU1-AUSTRALIA B2B B2C INV ORG,PAC00-14231,1-Dec-25,
PETO - HEAD OFFICE,PRD:AU1:AU1-AUSTRALIA B2B B2C INV ORG,PAC00-14231,1-Jan-26,
PETO - HEAD OFFICE,PRD:AU1:AU1-AUSTRALIA B2B B2C INV ORG,PAC00-14231,1-Feb-26,9
PETO - HEAD OFFICE,PRD:AU1:AU1-AUSTRALIA B2B B2C INV ORG,PAC00-14231,1-Mar-26,
PETO - HEAD OFFICE,PRD:AU1:AU1-AUSTRALIA B2B B2C INV ORG,PAC00-14231,1-Apr-26,
PETQUOSON,PRD:IND:IND-GEODIS WHSE IND US,PAC00-14231,1-May-23,
PETQUOSON,PRD:IND:IND-GEODIS WHSE IND US,PAC00-14231,1-Jun-23,
PETQUOSON,PRD:IND:IND-GEODIS WHSE IND US,PAC00-14231,1-Jul-23,
PETQUOSON,PRD:IND:IND-GEODIS WHSE IND US,PAC00-14231,1-Aug-23,
PETQUOSON,PRD:IND:IND-GEODIS WHSE IND US,PAC00-14231,1-Sep-23,
PETQUOSON,PRD:IND:IND-GEODIS WHSE IND US,PAC00-14231,1-Oct-23,5
PETQUOSON,PRD:IND:IND-GEODIS WHSE IND US,PAC00-14231,1-Nov-23,
PETQUOSON,PRD:IND:IND-GEODIS WHSE IND US,PAC00-14231,1-Dec-23,
PETQUOSON,PRD:IND:IND-GEODIS WHSE IND US,PAC00-14231,1-Jan-24,
PETQUOSON,PRD:IND:IND-GEODIS WHSE IND US,PAC00-14231,1-Feb-24,
PETQUOSON,PRD:IND:IND-GEODIS WHSE IND US,PAC00-14231,1-Mar-24,
PETQUOSON,PRD:IND:IND-GEODIS WHSE IND US,PAC00-14231,1-Apr-24,
PETQUOSON,PRD:IND:IND-GEODIS WHSE IND US,PAC00-14231,1-May-24,
PETQUOSON,PRD:IND:IND-GEODIS WHSE IND US,PAC00-14231,1-Jun-24,
PETQUOSON,PRD:IND:IND-GEODIS WHSE IND US,PAC00-14231,1-Jul-24,
PETQUOSON,PRD:IND:IND-GEODIS WHSE IND US,PAC00-14231,1-Aug-24,3
PETQUOSON,PRD:IND:IND-GEODIS WHSE IND US,PAC00-14231,1-Sep-24,
PETQUOSON,PRD:IND:IND-GEODIS WHSE IND US,PAC00-14231,1-Oct-24,
PETQUOSON,PRD:IND:IND-GEODIS WHSE IND US,PAC00-14231,1-Nov-24,
PETQUOSON,PRD:IND:IND-GEODIS WHSE IND US,PAC00-14231,1-Dec-24,
PETQUOSON,PRD:IND:IND-GEODIS WHSE IND US,PAC00-14231,1-Jan-25,
PETQUOSON,PRD:IND:IND-GEODIS WHSE IND US,PAC00-14231,1-Feb-25,
PETQUOSON,PRD:IND:IND-GEODIS WHSE IND US,PAC00-14231,1-Mar-25,
PETQUOSON,PRD:IND:IND-GEODIS WHSE IND US,PAC00-14231,1-Apr-25,
PETQUOSON,PRD:IND:IND-GEODIS WHSE IND US,PAC00-14231,1-May-25,
PETQUOSON,PRD:IND:IND-GEODIS WHSE IND US,PAC00-14231,1-Jun-25,
PETQUOSON,PRD:IND:IND-GEODIS WHSE IND US,PAC00-14231,1-Jul-25,
PETQUOSON,PRD:IND:IND-GEODIS WHSE IND US,PAC00-14231,1-Aug-25,
PETQUOSON,PRD:IND:IND-GEODIS WHSE IND US,PAC00-14231,1-Sep-25,
PETQUOSON,PRD:IND:IND-GEODIS WHSE IND US,PAC00-14231,1-Oct-25,
PETQUOSON,PRD:IND:IND-GEODIS WHSE IND US,PAC00-14231,1-Nov-25,
PETQUOSON,PRD:IND:IND-GEODIS WHSE IND US,PAC00-14231,1-Dec-25,
PETQUOSON,PRD:IND:IND-GEODIS WHSE IND US,PAC00-14231,1-Jan-26,
PETQUOSON,PRD:IND:IND-GEODIS WHSE IND US,PAC00-14231,1-Feb-26,
PETQUOSON,PRD:IND:IND-GEODIS WHSE IND US,PAC00-14231,1-Mar-26,
PETQUOSON,PRD:IND:IND-GEODIS WHSE IND US,PAC00-14231,1-Apr-26,
PETS NATURALLY,PRD:IND:IND-GEODIS WHSE IND US,PBC-1000,1-May-23,
PETS NATURALLY,PRD:IND:IND-GEODIS WHSE IND US,PBC-1000,1-Jun-23,
PETS NATURALLY,PRD:IND:IND-GEODIS WHSE IND US,PBC-1000,1-Jul-23,1
PETS NATURALLY,PRD:IND:IND-GEODIS WHSE IND US,PBC-1000,1-Aug-23,1
PETS NATURALLY,PRD:IND:IND-GEODIS WHSE IND US,PBC-1000,1-Sep-23,
PETS NATURALLY,PRD:IND:IND-GEODIS WHSE IND US,PBC-1000,1-Oct-23,
PETS NATURALLY,PRD:IND:IND-GEODIS WHSE IND US,PBC-1000,1-Nov-23,
PETS NATURALLY,PRD:IND:IND-GEODIS WHSE IND US,PBC-1000,1-Dec-23,
PETS NATURALLY,PRD:IND:IND-GEODIS WHSE IND US,PBC-1000,1-Jan-24,
PETS NATURALLY,PRD:IND:IND-GEODIS WHSE IND US,PBC-1000,1-Feb-24,
PETS NATURALLY,PRD:IND:IND-GEODIS WHSE IND US,PBC-1000,1-Mar-24,
PETS NATURALLY,PRD:IND:IND-GEODIS WHSE IND US,PBC-1000,1-Apr-24,
PETS NATURALLY,PRD:IND:IND-GEODIS WHSE IND US,PBC-1000,1-May-24,
PETS NATURALLY,PRD:IND:IND-GEODIS WHSE IND US,PBC-1000,1-Jun-24,
PETS NATURALLY,PRD:IND:IND-GEODIS WHSE IND US,PBC-1000,1-Jul-24,
PETS NATURALLY,PRD:IND:IND-GEODIS WHSE IND US,PBC-1000,1-Aug-24,
PETS NATURALLY,PRD:IND:IND-GEODIS WHSE IND US,PBC-1000,1-Sep-24,
PETS NATURALLY,PRD:IND:IND-GEODIS WHSE IND US,PBC-1000,1-Oct-24,
PETS NATURALLY,PRD:IND:IND-GEODIS WHSE IND US,PBC-1000,1-Nov-24,
PETS NATURALLY,PRD:IND:IND-GEODIS WHSE IND US,PBC-1000,1-Dec-24,
PETS NATURALLY,PRD:IND:IND-GEODIS WHSE IND US,PBC-1000,1-Jan-25,
PETS NATURALLY,PRD:IND:IND-GEODIS WHSE IND US,PBC-1000,1-Feb-25,
PETS NATURALLY,PRD:IND:IND-GEODIS WHSE IND US,PBC-1000,1-Mar-25,3
PETS NATURALLY,PRD:IND:IND-GEODIS WHSE IND US,PBC-1000,1-Apr-25,
PETS NATURALLY,PRD:IND:IND-GEODIS WHSE IND US,PBC-1000,1-May-25,
PETS NATURALLY,PRD:IND:IND-GEODIS WHSE IND US,PBC-1000,1-Jun-25,
PETS NATURALLY,PRD:IND:IND-GEODIS WHSE IND US,PBC-1000,1-Jul-25,
PETS NATURALLY,PRD:IND:IND-GEODIS WHSE IND US,PBC-1000,1-Aug-25,
PETS NATURALLY,PRD:IND:IND-GEODIS WHSE IND US,PBC-1000,1-Sep-25,
PETS NATURALLY,PRD:IND:IND-GEODIS WHSE IND US,PBC-1000,1-Oct-25,
PETS NATURALLY,PRD:IND:IND-GEODIS WHSE IND US,PBC-1000,1-Nov-25,
PETS NATURALLY,PRD:IND:IND-GEODIS WHSE IND US,PBC-1000,1-Dec-25,
PETS NATURALLY,PRD:IND:IND-GEODIS WHSE IND US,PBC-1000,1-Jan-26,
PETS NATURALLY,PRD:IND:IND-GEODIS WHSE IND US,PBC-1000,1-Feb-26,
PETS NATURALLY,PRD:IND:IND-GEODIS WHSE IND US,PBC-1000,1-Mar-26,
PETS NATURALLY,PRD:IND:IND-GEODIS WHSE IND US,PBC-1000,1-Apr-26,
PETS R US ALICE SPRINGS,PRD:AU1:AU1-AUSTRALIA B2B B2C INV ORG,PAC00-14231,1-May-23,
PETS R US ALICE SPRINGS,PRD:AU1:AU1-AUSTRALIA B2B B2C INV ORG,PAC00-14231,1-Jun-23,
PETS R US ALICE SPRINGS,PRD:AU1:AU1-AUSTRALIA B2B B2C INV ORG,PAC00-14231,1-Jul-23,
PETS R US ALICE SPRINGS,PRD:AU1:AU1-AUSTRALIA B2B B2C INV ORG,PAC00-14231,1-Aug-23,
PETS R US ALICE SPRINGS,PRD:AU1:AU1-AUSTRALIA B2B B2C INV ORG,PAC00-14231,1-Sep-23,
PETS R US ALICE SPRINGS,PRD:AU1:AU1-AUSTRALIA B2B B2C INV ORG,PAC00-14231,1-Oct-23,
PETS R US ALICE SPRINGS,PRD:AU1:AU1-AUSTRALIA B2B B2C INV ORG,PAC00-14231,1-Nov-23,
PETS R US ALICE SPRINGS,PRD:AU1:AU1-AUSTRALIA B2B B2C INV ORG,PAC00-14231,1-Dec-23,
PETS R US ALICE SPRINGS,PRD:AU1:AU1-AUSTRALIA B2B B2C INV ORG,PAC00-14231,1-Jan-24,
PETS R US ALICE SPRINGS,PRD:AU1:AU1-AUSTRALIA B2B B2C INV ORG,PAC00-14231,1-Feb-24,
PETS R US ALICE SPRINGS,PRD:AU1:AU1-AUSTRALIA B2B B2C INV ORG,PAC00-14231,1-Mar-24,
PETS R US ALICE SPRINGS,PRD:AU1:AU1-AUSTRALIA B2B B2C INV ORG,PAC00-14231,1-Apr-24,
PETS R US ALICE SPRINGS,PRD:AU1:AU1-AUSTRALIA B2B B2C INV ORG,PAC00-14231,1-May-24,
PETS R US ALICE SPRINGS,PRD:AU1:AU1-AUSTRALIA B2B B2C INV ORG,PAC00-14231,1-Jun-24,
PETS R US ALICE SPRINGS,PRD:AU1:AU1-AUSTRALIA B2B B2C INV ORG,PAC00-14231,1-Jul-24,
PETS R US ALICE SPRINGS,PRD:AU1:AU1-AUSTRALIA B2B B2C INV ORG,PAC00-14231,1-Aug-24,
PETS R US ALICE SPRINGS,PRD:AU1:AU1-AUSTRALIA B2B B2C INV ORG,PAC00-14231,1-Sep-24,
PETS R US ALICE SPRINGS,PRD:AU1:AU1-AUSTRALIA B2B B2C INV ORG,PAC00-14231,1-Oct-24,
PETS R US ALICE SPRINGS,PRD:AU1:AU1-AUSTRALIA B2B B2C INV ORG,PAC00-14231,1-Nov-24,
PETS R US ALICE SPRINGS,PRD:AU1:AU1-AUSTRALIA B2B B2C INV ORG,PAC00-14231,1-Dec-24,
PETS R US ALICE SPRINGS,PRD:AU1:AU1-AUSTRALIA B2B B2C INV ORG,PAC00-14231,1-Jan-25,
PETS R US ALICE SPRINGS,PRD:AU1:AU1-AUSTRALIA B2B B2C INV ORG,PAC00-14231,1-Feb-25,
PETS R US ALICE SPRINGS,PRD:AU1:AU1-AUSTRALIA B2B B2C INV ORG,PAC00-14231,1-Mar-25,3
PETS R US ALICE SPRINGS,PRD:AU1:AU1-AUSTRALIA B2B B2C INV ORG,PAC00-14231,1-Apr-25,
PETS R US ALICE SPRINGS,PRD:AU1:AU1-AUSTRALIA B2B B2C INV ORG,PAC00-14231,1-May-25,
PETS R US ALICE SPRINGS,PRD:AU1:AU1-AUSTRALIA B2B B2C INV ORG,PAC00-14231,1-Jun-25,
PETS R US ALICE SPRINGS,PRD:AU1:AU1-AUSTRALIA B2B B2C INV ORG,PAC00-14231,1-Jul-25,
PETS R US ALICE SPRINGS,PRD:AU1:AU1-AUSTRALIA B2B B2C INV ORG,PAC00-14231,1-Aug-25,
PETS R US ALICE SPRINGS,PRD:AU1:AU1-AUSTRALIA B2B B2C INV ORG,PAC00-14231,1-Sep-25,
PETS R US ALICE SPRINGS,PRD:AU1:AU1-AUSTRALIA B2B B2C INV ORG,PAC00-14231,1-Oct-25,
PETS R US ALICE SPRINGS,PRD:AU1:AU1-AUSTRALIA B2B B2C INV ORG,PAC00-14231,1-Nov-25,
PETS R US ALICE SPRINGS,PRD:AU1:AU1-AUSTRALIA B2B B2C INV ORG,PAC00-14231,1-Dec-25,
PETS R US ALICE SPRINGS,PRD:AU1:AU1-AUSTRALIA B2B B2C INV ORG,PAC00-14231,1-Jan-26,
PETS R US ALICE SPRINGS,PRD:AU1:AU1-AUSTRALIA B2B B2C INV ORG,PAC00-14231,1-Feb-26,
PETS R US ALICE SPRINGS,PRD:AU1:AU1-AUSTRALIA B2B B2C INV ORG,PAC00-14231,1-Mar-26,
PETS R US ALICE SPRINGS,PRD:AU1:AU1-AUSTRALIA B2B B2C INV ORG,PAC00-14231,1-Apr-26,
PETSAKES,PRD:IND:IND-GEODIS WHSE IND US,PAC00-14231,1-May-23,
PETSAKES,PRD:IND:IND-GEODIS WHSE IND US,PAC00-14231,1-Jun-23,2
PETSAKES,PRD:IND:IND-GEODIS WHSE IND US,PAC00-14231,1-Jul-23,
PETSAKES,PRD:IND:IND-GEODIS WHSE IND US,PAC00-14231,1-Aug-23,
PETSAKES,PRD:IND:IND-GEODIS WHSE IND US,PAC00-14231,1-Sep-23,
PETSAKES,PRD:IND:IND-GEODIS WHSE IND US,PAC00-14231,1-Oct-23,
PETSAKES,PRD:IND:IND-GEODIS WHSE IND US,PAC00-14231,1-Nov-23,
PETSAKES,PRD:IND:IND-GEODIS WHSE IND US,PAC00-14231,1-Dec-23,2
PETSAKES,PRD:IND:IND-GEODIS WHSE IND US,PAC00-14231,1-Jan-24,
PETSAKES,PRD:IND:IND-GEODIS WHSE IND US,PAC00-14231,1-Feb-24,
PETSAKES,PRD:IND:IND-GEODIS WHSE IND US,PAC00-14231,1-Mar-24,
PETSAKES,PRD:IND:IND-GEODIS WHSE IND US,PAC00-14231,1-Apr-24,5
PETSAKES,PRD:IND:IND-GEODIS WHSE IND US,PAC00-14231,1-May-24,
PETSAKES,PRD:IND:IND-GEODIS WHSE IND US,PAC00-14231,1-Jun-24,
PETSAKES,PRD:IND:IND-GEODIS WHSE IND US,PAC00-14231,1-Jul-24,
PETSAKES,PRD:IND:IND-GEODIS WHSE IND US,PAC00-14231,1-Aug-24,
PETSAKES,PRD:IND:IND-GEODIS WHSE IND US,PAC00-14231,1-Sep-24,
PETSAKES,PRD:IND:IND-GEODIS WHSE IND US,PAC00-14231,1-Oct-24,
PETSAKES,PRD:IND:IND-GEODIS WHSE IND US,PAC00-14231,1-Nov-24,
PETSAKES,PRD:IND:IND-GEODIS WHSE IND US,PAC00-14231,1-Dec-24,
PETSAKES,PRD:IND:IND-GEODIS WHSE IND US,PAC00-14231,1-Jan-25,
PETSAKES,PRD:IND:IND-GEODIS WHSE IND US,PAC00-14231,1-Feb-25,
PETSAKES,PRD:IND:IND-GEODIS WHSE IND US,PAC00-14231,1-Mar-25,
PETSAKES,PRD:IND:IND-GEODIS WHSE IND US,PAC00-14231,1-Apr-25,
PETSAKES,PRD:IND:IND-GEODIS WHSE IND US,PAC00-14231,1-May-25,
PETSAKES,PRD:IND:IND-GEODIS WHSE IND US,PAC00-14231,1-Jun-25,
PETSAKES,PRD:IND:IND-GEODIS WHSE IND US,PAC00-14231,1-Jul-25,
PETSAKES,PRD:IND:IND-GEODIS WHSE IND US,PAC00-14231,1-Aug-25,
PETSAKES,PRD:IND:IND-GEODIS WHSE IND US,PAC00-14231,1-Sep-25,
PETSAKES,PRD:IND:IND-GEODIS WHSE IND US,PAC00-14231,1-Oct-25,
PETSAKES,PRD:IND:IND-GEODIS WHSE IND US,PAC00-14231,1-Nov-25,
PETSAKES,PRD:IND:IND-GEODIS WHSE IND US,PAC00-14231,1-Dec-25,
PETSAKES,PRD:IND:IND-GEODIS WHSE IND US,PAC00-14231,1-Jan-26,
PETSAKES,PRD:IND:IND-GEODIS WHSE IND US,PAC00-14231,1-Feb-26,
PETSAKES,PRD:IND:IND-GEODIS WHSE IND US,PAC00-14231,1-Mar-26,
PETSAKES,PRD:IND:IND-GEODIS WHSE IND US,PAC00-14231,1-Apr-26,
PETSAKES,PRD:IND:IND-GEODIS WHSE IND US,PBC-1000,1-May-23,
PETSAKES,PRD:IND:IND-GEODIS WHSE IND US,PBC-1000,1-Jun-23,2
PETSAKES,PRD:IND:IND-GEODIS WHSE IND US,PBC-1000,1-Jul-23,
PETSAKES,PRD:IND:IND-GEODIS WHSE IND US,PBC-1000,1-Aug-23,
PETSAKES,PRD:IND:IND-GEODIS WHSE IND US,PBC-1000,1-Sep-23,
PETSAKES,PRD:IND:IND-GEODIS WHSE IND US,PBC-1000,1-Oct-23,
PETSAKES,PRD:IND:IND-GEODIS WHSE IND US,PBC-1000,1-Nov-23,
PETSAKES,PRD:IND:IND-GEODIS WHSE IND US,PBC-1000,1-Dec-23,
PETSAKES,PRD:IND:IND-GEODIS WHSE IND US,PBC-1000,1-Jan-24,
PETSAKES,PRD:IND:IND-GEODIS WHSE IND US,PBC-1000,1-Feb-24,
PETSAKES,PRD:IND:IND-GEODIS WHSE IND US,PBC-1000,1-Mar-24,
PETSAKES,PRD:IND:IND-GEODIS WHSE IND US,PBC-1000,1-Apr-24,
PETSAKES,PRD:IND:IND-GEODIS WHSE IND US,PBC-1000,1-May-24,
PETSAKES,PRD:IND:IND-GEODIS WHSE IND US,PBC-1000,1-Jun-24,
PETSAKES,PRD:IND:IND-GEODIS WHSE IND US,PBC-1000,1-Jul-24,
PETSAKES,PRD:IND:IND-GEODIS WHSE IND US,PBC-1000,1-Aug-24,
PETSAKES,PRD:IND:IND-GEODIS WHSE IND US,PBC-1000,1-Sep-24,
PETSAKES,PRD:IND:IND-GEODIS WHSE IND US,PBC-1000,1-Oct-24,
PETSAKES,PRD:IND:IND-GEODIS WHSE IND US,PBC-1000,1-Nov-24,
PETSAKES,PRD:IND:IND-GEODIS WHSE IND US,PBC-1000,1-Dec-24,
PETSAKES,PRD:IND:IND-GEODIS WHSE IND US,PBC-1000,1-Jan-25,
PETSAKES,PRD:IND:IND-GEODIS WHSE IND US,PBC-1000,1-Feb-25,
PETSAKES,PRD:IND:IND-GEODIS WHSE IND US,PBC-1000,1-Mar-25,
PETSAKES,PRD:IND:IND-GEODIS WHSE IND US,PBC-1000,1-Apr-25,
PETSAKES,PRD:IND:IND-GEODIS WHSE IND US,PBC-1000,1-May-25,
PETSAKES,PRD:IND:IND-GEODIS WHSE IND US,PBC-1000,1-Jun-25,
PETSAKES,PRD:IND:IND-GEODIS WHSE IND US,PBC-1000,1-Jul-25,
PETSAKES,PRD:IND:IND-GEODIS WHSE IND US,PBC-1000,1-Aug-25,
PETSAKES,PRD:IND:IND-GEODIS WHSE IND US,PBC-1000,1-Sep-25,
PETSAKES,PRD:IND:IND-GEODIS WHSE IND US,PBC-1000,1-Oct-25,
PETSAKES,PRD:IND:IND-GEODIS WHSE IND US,PBC-1000,1-Nov-25,
PETSAKES,PRD:IND:IND-GEODIS WHSE IND US,PBC-1000,1-Dec-25,
PETSAKES,PRD:IND:IND-GEODIS WHSE IND US,PBC-1000,1-Jan-26,
PETSAKES,PRD:IND:IND-GEODIS WHSE IND US,PBC-1000,1-Feb-26,
PETSAKES,PRD:IND:IND-GEODIS WHSE IND US,PBC-1000,1-Mar-26,
PETSAKES,PRD:IND:IND-GEODIS WHSE IND US,PBC-1000,1-Apr-26,
PETSMART,PRD:IND:IND-GEODIS WHSE IND US,PAC00-14231,1-May-23,
PETSMART,PRD:IND:IND-GEODIS WHSE IND US,PAC00-14231,1-Jun-23,
PETSMART,PRD:IND:IND-GEODIS WHSE IND US,PAC00-14231,1-Jul-23,
PETSMART,PRD:IND:IND-GEODIS WHSE IND US,PAC00-14231,1-Aug-23,
PETSMART,PRD:IND:IND-GEODIS WHSE IND US,PAC00-14231,1-Sep-23,
PETSMART,PRD:IND:IND-GEODIS WHSE IND US,PAC00-14231,1-Oct-23,
PETSMART,PRD:IND:IND-GEODIS WHSE IND US,PAC00-14231,1-Nov-23,
PETSMART,PRD:IND:IND-GEODIS WHSE IND US,PAC00-14231,1-Dec-23,
PETSMART,PRD:IND:IND-GEODIS WHSE IND US,PAC00-14231,1-Jan-24,
PETSMART,PRD:IND:IND-GEODIS WHSE IND US,PAC00-14231,1-Feb-24,
PETSMART,PRD:IND:IND-GEODIS WHSE IND US,PAC00-14231,1-Mar-24,
PETSMART,PRD:IND:IND-GEODIS WHSE IND US,PAC00-14231,1-Apr-24,
PETSMART,PRD:IND:IND-GEODIS WHSE IND US,PAC00-14231,1-May-24,
PETSMART,PRD:IND:IND-GEODIS WHSE IND US,PAC00-14231,1-Jun-24,
PETSMART,PRD:IND:IND-GEODIS WHSE IND US,PAC00-14231,1-Jul-24,
PETSMART,PRD:IND:IND-GEODIS WHSE IND US,PAC00-14231,1-Aug-24,
PETSMART,PRD:IND:IND-GEODIS WHSE IND US,PAC00-14231,1-Sep-24,
PETSMART,PRD:IND:IND-GEODIS WHSE IND US,PAC00-14231,1-Oct-24,
PETSMART,PRD:IND:IND-GEODIS WHSE IND US,PAC00-14231,1-Nov-24,
PETSMART,PRD:IND:IND-GEODIS WHSE IND US,PAC00-14231,1-Dec-24,
PETSMART,PRD:IND:IND-GEODIS WHSE IND US,PAC00-14231,1-Jan-25,
PETSMART,PRD:IND:IND-GEODIS WHSE IND US,PAC00-14231,1-Feb-25,9510
PETSMART,PRD:IND:IND-GEODIS WHSE IND US,PAC00-14231,1-Mar-25,585
PETSMART,PRD:IND:IND-GEODIS WHSE IND US,PAC00-14231,1-Apr-25,
PETSMART,PRD:IND:IND-GEODIS WHSE IND US,PAC00-14231,1-May-25,8595
PETSMART,PRD:IND:IND-GEODIS WHSE IND US,PAC00-14231,1-Jun-25,
PETSMART,PRD:IND:IND-GEODIS WHSE IND US,PAC00-14231,1-Jul-25,1080
PETSMART,PRD:IND:IND-GEODIS WHSE IND US,PAC00-14231,1-Aug-25,6030
PETSMART,PRD:IND:IND-GEODIS WHSE IND US,PAC00-14231,1-Sep-25,6210
PETSMART,PRD:IND:IND-GEODIS WHSE IND US,PAC00-14231,1-Oct-25,10215
PETSMART,PRD:IND:IND-GEODIS WHSE IND US,PAC00-14231,1-Nov-25,7200
PETSMART,PRD:IND:IND-GEODIS WHSE IND US,PAC00-14231,1-Dec-25,9810
PETSMART,PRD:IND:IND-GEODIS WHSE IND US,PAC00-14231,1-Jan-26,3420
PETSMART,PRD:IND:IND-GEODIS WHSE IND US,PAC00-14231,1-Feb-26,10260
PETSMART,PRD:IND:IND-GEODIS WHSE IND US,PAC00-14231,1-Mar-26,6030
PETSMART,PRD:IND:IND-GEODIS WHSE IND US,PAC00-14231,1-Apr-26,7740
PETSMART,PRD:WCB:WCB-WEST COAST B2B INV ORG,PAC00-14231,1-May-23,
PETSMART,PRD:WCB:WCB-WEST COAST B2B INV ORG,PAC00-14231,1-Jun-23,
PETSMART,PRD:WCB:WCB-WEST COAST B2B INV ORG,PAC00-14231,1-Jul-23,
PETSMART,PRD:WCB:WCB-WEST COAST B2B INV ORG,PAC00-14231,1-Aug-23,
PETSMART,PRD:WCB:WCB-WEST COAST B2B INV ORG,PAC00-14231,1-Sep-23,
PETSMART,PRD:WCB:WCB-WEST COAST B2B INV ORG,PAC00-14231,1-Oct-23,
PETSMART,PRD:WCB:WCB-WEST COAST B2B INV ORG,PAC00-14231,1-Nov-23,
PETSMART,PRD:WCB:WCB-WEST COAST B2B INV ORG,PAC00-14231,1-Dec-23,
PETSMART,PRD:WCB:WCB-WEST COAST B2B INV ORG,PAC00-14231,1-Jan-24,
PETSMART,PRD:WCB:WCB-WEST COAST B2B INV ORG,PAC00-14231,1-Feb-24,
PETSMART,PRD:WCB:WCB-WEST COAST B2B INV ORG,PAC00-14231,1-Mar-24,
PETSMART,PRD:WCB:WCB-WEST COAST B2B INV ORG,PAC00-14231,1-Apr-24,
PETSMART,PRD:WCB:WCB-WEST COAST B2B INV ORG,PAC00-14231,1-May-24,
PETSMART,PRD:WCB:WCB-WEST COAST B2B INV ORG,PAC00-14231,1-Jun-24,
PETSMART,PRD:WCB:WCB-WEST COAST B2B INV ORG,PAC00-14231,1-Jul-24,
PETSMART,PRD:WCB:WCB-WEST COAST B2B INV ORG,PAC00-14231,1-Aug-24,
PETSMART,PRD:WCB:WCB-WEST COAST B2B INV ORG,PAC00-14231,1-Sep-24,
PETSMART,PRD:WCB:WCB-WEST COAST B2B INV ORG,PAC00-14231,1-Oct-24,
PETSMART,PRD:WCB:WCB-WEST COAST B2B INV ORG,PAC00-14231,1-Nov-24,
PETSMART,PRD:WCB:WCB-WEST COAST B2B INV ORG,PAC00-14231,1-Dec-24,
PETSMART,PRD:WCB:WCB-WEST COAST B2B INV ORG,PAC00-14231,1-Jan-25,
PETSMART,PRD:WCB:WCB-WEST COAST B2B INV ORG,PAC00-14231,1-Feb-25,1800
PETSMART,PRD:WCB:WCB-WEST COAST B2B INV ORG,PAC00-14231,1-Mar-25,1935
PETSMART,PRD:WCB:WCB-WEST COAST B2B INV ORG,PAC00-14231,1-Apr-25,
PETSMART,PRD:WCB:WCB-WEST COAST B2B INV ORG,PAC00-14231,1-May-25,1215
PETSMART,PRD:WCB:WCB-WEST COAST B2B INV ORG,PAC00-14231,1-Jun-25,
PETSMART,PRD:WCB:WCB-WEST COAST B2B INV ORG,PAC00-14231,1-Jul-25,45
PETSMART,PRD:WCB:WCB-WEST COAST B2B INV ORG,PAC00-14231,1-Aug-25,765
PETSMART,PRD:WCB:WCB-WEST COAST B2B INV ORG,PAC00-14231,1-Sep-25,1665
PETSMART,PRD:WCB:WCB-WEST COAST B2B INV ORG,PAC00-14231,1-Oct-25,2745
PETSMART,PRD:WCB:WCB-WEST COAST B2B INV ORG,PAC00-14231,1-Nov-25,2340
PETSMART,PRD:WCB:WCB-WEST COAST B2B INV ORG,PAC00-14231,1-Dec-25,3015
PETSMART,PRD:WCB:WCB-WEST COAST B2B INV ORG,PAC00-14231,1-Jan-26,2205
PETSMART,PRD:WCB:WCB-WEST COAST B2B INV ORG,PAC00-14231,1-Feb-26,1125
PETSMART,PRD:WCB:WCB-WEST COAST B2B INV ORG,PAC00-14231,1-Mar-26,1710
PETSMART,PRD:WCB:WCB-WEST COAST B2B INV ORG,PAC00-14231,1-Apr-26,2160
PETSMART DI - SHANGHAI,PRD:DSD:DSD-DIRECT SHIP DOMESTIC,PAC00-14231,1-May-23,13753
PETSMART DI - SHANGHAI,PRD:DSD:DSD-DIRECT SHIP DOMESTIC,PAC00-14231,1-Jun-23,11289
PETSMART DI - SHANGHAI,PRD:DSD:DSD-DIRECT SHIP DOMESTIC,PAC00-14231,1-Jul-23,28184
PETSMART DI - SHANGHAI,PRD:DSD:DSD-DIRECT SHIP DOMESTIC,PAC00-14231,1-Aug-23,9445
PETSMART DI - SHANGHAI,PRD:DSD:DSD-DIRECT SHIP DOMESTIC,PAC00-14231,1-Sep-23,11732
PETSMART DI - SHANGHAI,PRD:DSD:DSD-DIRECT SHIP DOMESTIC,PAC00-14231,1-Oct-23,14086
PETSMART DI - SHANGHAI,PRD:DSD:DSD-DIRECT SHIP DOMESTIC,PAC00-14231,1-Nov-23,15862
PETSMART DI - SHANGHAI,PRD:DSD:DSD-DIRECT SHIP DOMESTIC,PAC00-14231,1-Dec-23,28042
PETSMART DI - SHANGHAI,PRD:DSD:DSD-DIRECT SHIP DOMESTIC,PAC00-14231,1-Jan-24,246
PETSMART DI - SHANGHAI,PRD:DSD:DSD-DIRECT SHIP DOMESTIC,PAC00-14231,1-Feb-24,7470
PETSMART DI - SHANGHAI,PRD:DSD:DSD-DIRECT SHIP DOMESTIC,PAC00-14231,1-Mar-24,14379
PETSMART DI - SHANGHAI,PRD:DSD:DSD-DIRECT SHIP DOMESTIC,PAC00-14231,1-Apr-24,12028
PETSMART DI - SHANGHAI,PRD:DSD:DSD-DIRECT SHIP DOMESTIC,PAC00-14231,1-May-24,1084
PETSMART DI - SHANGHAI,PRD:DSD:DSD-DIRECT SHIP DOMESTIC,PAC00-14231,1-Jun-24,9917
PETSMART DI - SHANGHAI,PRD:DSD:DSD-DIRECT SHIP DOMESTIC,PAC00-14231,1-Jul-24,13990
PETSMART DI - SHANGHAI,PRD:DSD:DSD-DIRECT SHIP DOMESTIC,PAC00-14231,1-Aug-24,24929
PETSMART DI - SHANGHAI,PRD:DSD:DSD-DIRECT SHIP DOMESTIC,PAC00-14231,1-Sep-24,13871
PETSMART DI - SHANGHAI,PRD:DSD:DSD-DIRECT SHIP DOMESTIC,PAC00-14231,1-Oct-24,8878
PETSMART DI - SHANGHAI,PRD:DSD:DSD-DIRECT SHIP DOMESTIC,PAC00-14231,1-Nov-24,12417
PETSMART DI - SHANGHAI,PRD:DSD:DSD-DIRECT SHIP DOMESTIC,PAC00-14231,1-Dec-24,19975
PETSMART DI - SHANGHAI,PRD:DSD:DSD-DIRECT SHIP DOMESTIC,PAC00-14231,1-Jan-25,4928
PETSMART DI - SHANGHAI,PRD:DSD:DSD-DIRECT SHIP DOMESTIC,PAC00-14231,1-Feb-25,8539
PETSMART DI - SHANGHAI,PRD:DSD:DSD-DIRECT SHIP DOMESTIC,PAC00-14231,1-Mar-25,2517
PETSMART DI - SHANGHAI,PRD:DSD:DSD-DIRECT SHIP DOMESTIC,PAC00-14231,1-Apr-25,15951
PETSMART DI - SHANGHAI,PRD:DSD:DSD-DIRECT SHIP DOMESTIC,PAC00-14231,1-May-25,
PETSMART DI - SHANGHAI,PRD:DSD:DSD-DIRECT SHIP DOMESTIC,PAC00-14231,1-Jun-25,
PETSMART DI - SHANGHAI,PRD:DSD:DSD-DIRECT SHIP DOMESTIC,PAC00-14231,1-Jul-25,665
PETSMART DI - SHANGHAI,PRD:DSD:DSD-DIRECT SHIP DOMESTIC,PAC00-14231,1-Aug-25,
PETSMART DI - SHANGHAI,PRD:DSD:DSD-DIRECT SHIP DOMESTIC,PAC00-14231,1-Sep-25,
PETSMART DI - SHANGHAI,PRD:DSD:DSD-DIRECT SHIP DOMESTIC,PAC00-14231,1-Oct-25,
PETSMART DI - SHANGHAI,PRD:DSD:DSD-DIRECT SHIP DOMESTIC,PAC00-14231,1-Nov-25,
PETSMART DI - SHANGHAI,PRD:DSD:DSD-DIRECT SHIP DOMESTIC,PAC00-14231,1-Dec-25,
PETSMART DI - SHANGHAI,PRD:DSD:DSD-DIRECT SHIP DOMESTIC,PAC00-14231,1-Jan-26,
PETSMART DI - SHANGHAI,PRD:DSD:DSD-DIRECT SHIP DOMESTIC,PAC00-14231,1-Feb-26,
PETSMART DI - SHANGHAI,PRD:DSD:DSD-DIRECT SHIP DOMESTIC,PAC00-14231,1-Mar-26,
PETSMART DI - SHANGHAI,PRD:DSD:DSD-DIRECT SHIP DOMESTIC,PAC00-14231,1-Apr-26,
PETSUPERMARKET,PRD:IND:IND-GEODIS WHSE IND US,PAC00-14231,1-May-23,600
PETSUPERMARKET,PRD:IND:IND-GEODIS WHSE IND US,PAC00-14231,1-Jun-23,480
PETSUPERMARKET,PRD:IND:IND-GEODIS WHSE IND US,PAC00-14231,1-Jul-23,480
PETSUPERMARKET,PRD:IND:IND-GEODIS WHSE IND US,PAC00-14231,1-Aug-23,720
PETSUPERMARKET,PRD:IND:IND-GEODIS WHSE IND US,PAC00-14231,1-Sep-23,960
PETSUPERMARKET,PRD:IND:IND-GEODIS WHSE IND US,PAC00-14231,1-Oct-23,1104
PETSUPERMARKET,PRD:IND:IND-GEODIS WHSE IND US,PAC00-14231,1-Nov-23,440
PETSUPERMARKET,PRD:IND:IND-GEODIS WHSE IND US,PAC00-14231,1-Dec-23,
PETSUPERMARKET,PRD:IND:IND-GEODIS WHSE IND US,PAC00-14231,1-Jan-24,912
PETSUPERMARKET,PRD:IND:IND-GEODIS WHSE IND US,PAC00-14231,1-Feb-24,552
PETSUPERMARKET,PRD:IND:IND-GEODIS WHSE IND US,PAC00-14231,1-Mar-24,986
PETSUPERMARKET,PRD:IND:IND-GEODIS WHSE IND US,PAC00-14231,1-Apr-24,558
PETSUPERMARKET,PRD:IND:IND-GEODIS WHSE IND US,PAC00-14231,1-May-24,548
PETSUPERMARKET,PRD:IND:IND-GEODIS WHSE IND US,PAC00-14231,1-Jun-24,200
PETSUPERMARKET,PRD:IND:IND-GEODIS WHSE IND US,PAC00-14231,1-Jul-24,512
PETSUPERMARKET,PRD:IND:IND-GEODIS WHSE IND US,PAC00-14231,1-Aug-24,590
PETSUPERMARKET,PRD:IND:IND-GEODIS WHSE IND US,PAC00-14231,1-Sep-24,654
PETSUPERMARKET,PRD:IND:IND-GEODIS WHSE IND US,PAC00-14231,1-Oct-24,338
PETSUPERMARKET,PRD:IND:IND-GEODIS WHSE IND US,PAC00-14231,1-Nov-24,684
PETSUPERMARKET,PRD:IND:IND-GEODIS WHSE IND US,PAC00-14231,1-Dec-24,260
PETSUPERMARKET,PRD:IND:IND-GEODIS WHSE IND US,PAC00-14231,1-Jan-25,442
PETSUPERMARKET,PRD:IND:IND-GEODIS WHSE IND US,PAC00-14231,1-Feb-25,338
PETSUPERMARKET,PRD:IND:IND-GEODIS WHSE IND US,PAC00-14231,1-Mar-25,352
PETSUPERMARKET,PRD:IND:IND-GEODIS WHSE IND US,PAC00-14231,1-Apr-25,334
PETSUPERMARKET,PRD:IND:IND-GEODIS WHSE IND US,PAC00-14231,1-May-25,436
PETSUPERMARKET,PRD:IND:IND-GEODIS WHSE IND US,PAC00-14231,1-Jun-25,368
PETSUPERMARKET,PRD:IND:IND-GEODIS WHSE IND US,PAC00-14231,1-Jul-25,108
PETSUPERMARKET,PRD:IND:IND-GEODIS WHSE IND US,PAC00-14231,1-Aug-25,360
PETSUPERMARKET,PRD:IND:IND-GEODIS WHSE IND US,PAC00-14231,1-Sep-25,312
PETSUPERMARKET,PRD:IND:IND-GEODIS WHSE IND US,PAC00-14231,1-Oct-25,240
PETSUPERMARKET,PRD:IND:IND-GEODIS WHSE IND US,PAC00-14231,1-Nov-25,244
PETSUPERMARKET,PRD:IND:IND-GEODIS WHSE IND US,PAC00-14231,1-Dec-25,240
PETSUPERMARKET,PRD:IND:IND-GEODIS WHSE IND US,PAC00-14231,1-Jan-26,238
PETSUPERMARKET,PRD:IND:IND-GEODIS WHSE IND US,PAC00-14231,1-Feb-26,192
PETSUPERMARKET,PRD:IND:IND-GEODIS WHSE IND US,PAC00-14231,1-Mar-26,358
PETSUPERMARKET,PRD:IND:IND-GEODIS WHSE IND US,PAC00-14231,1-Apr-26,112
PETSUPERMARKET,PRD:IND:IND-GEODIS WHSE IND US,PBC-1000,1-May-23,
PETSUPERMARKET,PRD:IND:IND-GEODIS WHSE IND US,PBC-1000,1-Jun-23,
PETSUPERMARKET,PRD:IND:IND-GEODIS WHSE IND US,PBC-1000,1-Jul-23,
PETSUPERMARKET,PRD:IND:IND-GEODIS WHSE IND US,PBC-1000,1-Aug-23,
PETSUPERMARKET,PRD:IND:IND-GEODIS WHSE IND US,PBC-1000,1-Sep-23,
PETSUPERMARKET,PRD:IND:IND-GEODIS WHSE IND US,PBC-1000,1-Oct-23,
PETSUPERMARKET,PRD:IND:IND-GEODIS WHSE IND US,PBC-1000,1-Nov-23,36
PETSUPERMARKET,PRD:IND:IND-GEODIS WHSE IND US,PBC-1000,1-Dec-23,
PETSUPERMARKET,PRD:IND:IND-GEODIS WHSE IND US,PBC-1000,1-Jan-24,
PETSUPERMARKET,PRD:IND:IND-GEODIS WHSE IND US,PBC-1000,1-Feb-24,36
PETSUPERMARKET,PRD:IND:IND-GEODIS WHSE IND US,PBC-1000,1-Mar-24,108
PETSUPERMARKET,PRD:IND:IND-GEODIS WHSE IND US,PBC-1000,1-Apr-24,
PETSUPERMARKET,PRD:IND:IND-GEODIS WHSE IND US,PBC-1000,1-May-24,24
PETSUPERMARKET,PRD:IND:IND-GEODIS WHSE IND US,PBC-1000,1-Jun-24,6
PETSUPERMARKET,PRD:IND:IND-GEODIS WHSE IND US,PBC-1000,1-Jul-24,24
PETSUPERMARKET,PRD:IND:IND-GEODIS WHSE IND US,PBC-1000,1-Aug-24,12
PETSUPERMARKET,PRD:IND:IND-GEODIS WHSE IND US,PBC-1000,1-Sep-24,24
PETSUPERMARKET,PRD:IND:IND-GEODIS WHSE IND US,PBC-1000,1-Oct-24,
PETSUPERMARKET,PRD:IND:IND-GEODIS WHSE IND US,PBC-1000,1-Nov-24,
PETSUPERMARKET,PRD:IND:IND-GEODIS WHSE IND US,PBC-1000,1-Dec-24,
PETSUPERMARKET,PRD:IND:IND-GEODIS WHSE IND US,PBC-1000,1-Jan-25,12
PETSUPERMARKET,PRD:IND:IND-GEODIS WHSE IND US,PBC-1000,1-Feb-25,6
PETSUPERMARKET,PRD:IND:IND-GEODIS WHSE IND US,PBC-1000,1-Mar-25,12
PETSUPERMARKET,PRD:IND:IND-GEODIS WHSE IND US,PBC-1000,1-Apr-25,6
PETSUPERMARKET,PRD:IND:IND-GEODIS WHSE IND US,PBC-1000,1-May-25,12
PETSUPERMARKET,PRD:IND:IND-GEODIS WHSE IND US,PBC-1000,1-Jun-25,
PETSUPERMARKET,PRD:IND:IND-GEODIS WHSE IND US,PBC-1000,1-Jul-25,
PETSUPERMARKET,PRD:IND:IND-GEODIS WHSE IND US,PBC-1000,1-Aug-25,
PETSUPERMARKET,PRD:IND:IND-GEODIS WHSE IND US,PBC-1000,1-Sep-25,
PETSUPERMARKET,PRD:IND:IND-GEODIS WHSE IND US,PBC-1000,1-Oct-25,
PETSUPERMARKET,PRD:IND:IND-GEODIS WHSE IND US,PBC-1000,1-Nov-25,
PETSUPERMARKET,PRD:IND:IND-GEODIS WHSE IND US,PBC-1000,1-Dec-25,
PETSUPERMARKET,PRD:IND:IND-GEODIS WHSE IND US,PBC-1000,1-Jan-26,
PETSUPERMARKET,PRD:IND:IND-GEODIS WHSE IND US,PBC-1000,1-Feb-26,
PETSUPERMARKET,PRD:IND:IND-GEODIS WHSE IND US,PBC-1000,1-Mar-26,
PETSUPERMARKET,PRD:IND:IND-GEODIS WHSE IND US,PBC-1000,1-Apr-26,
PETZOO,PRD:IND:IND-GEODIS WHSE IND US,PAC00-14231,1-May-23,
PETZOO,PRD:IND:IND-GEODIS WHSE IND US,PAC00-14231,1-Jun-23,
PETZOO,PRD:IND:IND-GEODIS WHSE IND US,PAC00-14231,1-Jul-23,
PETZOO,PRD:IND:IND-GEODIS WHSE IND US,PAC00-14231,1-Aug-23,
PETZOO,PRD:IND:IND-GEODIS WHSE IND US,PAC00-14231,1-Sep-23,
PETZOO,PRD:IND:IND-GEODIS WHSE IND US,PAC00-14231,1-Oct-23,
PETZOO,PRD:IND:IND-GEODIS WHSE IND US,PAC00-14231,1-Nov-23,
PETZOO,PRD:IND:IND-GEODIS WHSE IND US,PAC00-14231,1-Dec-23,
PETZOO,PRD:IND:IND-GEODIS WHSE IND US,PAC00-14231,1-Jan-24,
PETZOO,PRD:IND:IND-GEODIS WHSE IND US,PAC00-14231,1-Feb-24,
PETZOO,PRD:IND:IND-GEODIS WHSE IND US,PAC00-14231,1-Mar-24,
PETZOO,PRD:IND:IND-GEODIS WHSE IND US,PAC00-14231,1-Apr-24,
PETZOO,PRD:IND:IND-GEODIS WHSE IND US,PAC00-14231,1-May-24,
PETZOO,PRD:IND:IND-GEODIS WHSE IND US,PAC00-14231,1-Jun-24,
PETZOO,PRD:IND:IND-GEODIS WHSE IND US,PAC00-14231,1-Jul-24,
PETZOO,PRD:IND:IND-GEODIS WHSE IND US,PAC00-14231,1-Aug-24,
PETZOO,PRD:IND:IND-GEODIS WHSE IND US,PAC00-14231,1-Sep-24,
PETZOO,PRD:IND:IND-GEODIS WHSE IND US,PAC00-14231,1-Oct-24,
PETZOO,PRD:IND:IND-GEODIS WHSE IND US,PAC00-14231,1-Nov-24,
PETZOO,PRD:IND:IND-GEODIS WHSE IND US,PAC00-14231,1-Dec-24,
PETZOO,PRD:IND:IND-GEODIS WHSE IND US,PAC00-14231,1-Jan-25,
PETZOO,PRD:IND:IND-GEODIS WHSE IND US,PAC00-14231,1-Feb-25,
PETZOO,PRD:IND:IND-GEODIS WHSE IND US,PAC00-14231,1-Mar-25,
PETZOO,PRD:IND:IND-GEODIS WHSE IND US,PAC00-14231,1-Apr-25,
PETZOO,PRD:IND:IND-GEODIS WHSE IND US,PAC00-14231,1-May-25,
PETZOO,PRD:IND:IND-GEODIS WHSE IND US,PAC00-14231,1-Jun-25,
PETZOO,PRD:IND:IND-GEODIS WHSE IND US,PAC00-14231,1-Jul-25,
PETZOO,PRD:IND:IND-GEODIS WHSE IND US,PAC00-14231,1-Aug-25,
PETZOO,PRD:IND:IND-GEODIS WHSE IND US,PAC00-14231,1-Sep-25,40
PETZOO,PRD:IND:IND-GEODIS WHSE IND US,PAC00-14231,1-Oct-25,
PETZOO,PRD:IND:IND-GEODIS WHSE IND US,PAC00-14231,1-Nov-25,10
PETZOO,PRD:IND:IND-GEODIS WHSE IND US,PAC00-14231,1-Dec-25,6
PETZOO,PRD:IND:IND-GEODIS WHSE IND US,PAC00-14231,1-Jan-26,
PETZOO,PRD:IND:IND-GEODIS WHSE IND US,PAC00-14231,1-Feb-26,9
PETZOO,PRD:IND:IND-GEODIS WHSE IND US,PAC00-14231,1-Mar-26,2
PETZOO,PRD:IND:IND-GEODIS WHSE IND US,PAC00-14231,1-Apr-26,2
PETZOO,PRD:IND:IND-GEODIS WHSE IND US,PBC-1000,1-May-23,5
PETZOO,PRD:IND:IND-GEODIS WHSE IND US,PBC-1000,1-Jun-23,10
PETZOO,PRD:IND:IND-GEODIS WHSE IND US,PBC-1000,1-Jul-23,4
PETZOO,PRD:IND:IND-GEODIS WHSE IND US,PBC-1000,1-Aug-23,6
PETZOO,PRD:IND:IND-GEODIS WHSE IND US,PBC-1000,1-Sep-23,
PETZOO,PRD:IND:IND-GEODIS WHSE IND US,PBC-1000,1-Oct-23,
PETZOO,PRD:IND:IND-GEODIS WHSE IND US,PBC-1000,1-Nov-23,4
PETZOO,PRD:IND:IND-GEODIS WHSE IND US,PBC-1000,1-Dec-23,3
PETZOO,PRD:IND:IND-GEODIS WHSE IND US,PBC-1000,1-Jan-24,9
PETZOO,PRD:IND:IND-GEODIS WHSE IND US,PBC-1000,1-Feb-24,
PETZOO,PRD:IND:IND-GEODIS WHSE IND US,PBC-1000,1-Mar-24,3
PETZOO,PRD:IND:IND-GEODIS WHSE IND US,PBC-1000,1-Apr-24,5
PETZOO,PRD:IND:IND-GEODIS WHSE IND US,PBC-1000,1-May-24,2
PETZOO,PRD:IND:IND-GEODIS WHSE IND US,PBC-1000,1-Jun-24,3
PETZOO,PRD:IND:IND-GEODIS WHSE IND US,PBC-1000,1-Jul-24,3
PETZOO,PRD:IND:IND-GEODIS WHSE IND US,PBC-1000,1-Aug-24,5
PETZOO,PRD:IND:IND-GEODIS WHSE IND US,PBC-1000,1-Sep-24,2
PETZOO,PRD:IND:IND-GEODIS WHSE IND US,PBC-1000,1-Oct-24,5
PETZOO,PRD:IND:IND-GEODIS WHSE IND US,PBC-1000,1-Nov-24,7
PETZOO,PRD:IND:IND-GEODIS WHSE IND US,PBC-1000,1-Dec-24,4
PETZOO,PRD:IND:IND-GEODIS WHSE IND US,PBC-1000,1-Jan-25,
PETZOO,PRD:IND:IND-GEODIS WHSE IND US,PBC-1000,1-Feb-25,2
PETZOO,PRD:IND:IND-GEODIS WHSE IND US,PBC-1000,1-Mar-25,
PETZOO,PRD:IND:IND-GEODIS WHSE IND US,PBC-1000,1-Apr-25,3
PETZOO,PRD:IND:IND-GEODIS WHSE IND US,PBC-1000,1-May-25,
PETZOO,PRD:IND:IND-GEODIS WHSE IND US,PBC-1000,1-Jun-25,3
PETZOO,PRD:IND:IND-GEODIS WHSE IND US,PBC-1000,1-Jul-25,2
PETZOO,PRD:IND:IND-GEODIS WHSE IND US,PBC-1000,1-Aug-25,
PETZOO,PRD:IND:IND-GEODIS WHSE IND US,PBC-1000,1-Sep-25,8
PETZOO,PRD:IND:IND-GEODIS WHSE IND US,PBC-1000,1-Oct-25,2
PETZOO,PRD:IND:IND-GEODIS WHSE IND US,PBC-1000,1-Nov-25,5
PETZOO,PRD:IND:IND-GEODIS WHSE IND US,PBC-1000,1-Dec-25,
PETZOO,PRD:IND:IND-GEODIS WHSE IND US,PBC-1000,1-Jan-26,
PETZOO,PRD:IND:IND-GEODIS WHSE IND US,PBC-1000,1-Feb-26,
PETZOO,PRD:IND:IND-GEODIS WHSE IND US,PBC-1000,1-Mar-26,3
PETZOO,PRD:IND:IND-GEODIS WHSE IND US,PBC-1000,1-Apr-26,3
PJ'S PET BARN,PRD:AU1:AU1-AUSTRALIA B2B B2C INV ORG,PAC00-14231,1-May-23,
PJ'S PET BARN,PRD:AU1:AU1-AUSTRALIA B2B B2C INV ORG,PAC00-14231,1-Jun-23,
PJ'S PET BARN,PRD:AU1:AU1-AUSTRALIA B2B B2C INV ORG,PAC00-14231,1-Jul-23,
PJ'S PET BARN,PRD:AU1:AU1-AUSTRALIA B2B B2C INV ORG,PAC00-14231,1-Aug-23,
PJ'S PET BARN,PRD:AU1:AU1-AUSTRALIA B2B B2C INV ORG,PAC00-14231,1-Sep-23,
PJ'S PET BARN,PRD:AU1:AU1-AUSTRALIA B2B B2C INV ORG,PAC00-14231,1-Oct-23,
PJ'S PET BARN,PRD:AU1:AU1-AUSTRALIA B2B B2C INV ORG,PAC00-14231,1-Nov-23,
PJ'S PET BARN,PRD:AU1:AU1-AUSTRALIA B2B B2C INV ORG,PAC00-14231,1-Dec-23,
PJ'S PET BARN,PRD:AU1:AU1-AUSTRALIA B2B B2C INV ORG,PAC00-14231,1-Jan-24,
PJ'S PET BARN,PRD:AU1:AU1-AUSTRALIA B2B B2C INV ORG,PAC00-14231,1-Feb-24,
PJ'S PET BARN,PRD:AU1:AU1-AUSTRALIA B2B B2C INV ORG,PAC00-14231,1-Mar-24,
PJ'S PET BARN,PRD:AU1:AU1-AUSTRALIA B2B B2C INV ORG,PAC00-14231,1-Apr-24,
PJ'S PET BARN,PRD:AU1:AU1-AUSTRALIA B2B B2C INV ORG,PAC00-14231,1-May-24,
PJ'S PET BARN,PRD:AU1:AU1-AUSTRALIA B2B B2C INV ORG,PAC00-14231,1-Jun-24,
PJ'S PET BARN,PRD:AU1:AU1-AUSTRALIA B2B B2C INV ORG,PAC00-14231,1-Jul-24,
PJ'S PET BARN,PRD:AU1:AU1-AUSTRALIA B2B B2C INV ORG,PAC00-14231,1-Aug-24,
PJ'S PET BARN,PRD:AU1:AU1-AUSTRALIA B2B B2C INV ORG,PAC00-14231,1-Sep-24,
PJ'S PET BARN,PRD:AU1:AU1-AUSTRALIA B2B B2C INV ORG,PAC00-14231,1-Oct-24,
PJ'S PET BARN,PRD:AU1:AU1-AUSTRALIA B2B B2C INV ORG,PAC00-14231,1-Nov-24,
PJ'S PET BARN,PRD:AU1:AU1-AUSTRALIA B2B B2C INV ORG,PAC00-14231,1-Dec-24,
PJ'S PET BARN,PRD:AU1:AU1-AUSTRALIA B2B B2C INV ORG,PAC00-14231,1-Jan-25,
PJ'S PET BARN,PRD:AU1:AU1-AUSTRALIA B2B B2C INV ORG,PAC00-14231,1-Feb-25,3
PJ'S PET BARN,PRD:AU1:AU1-AUSTRALIA B2B B2C INV ORG,PAC00-14231,1-Mar-25,
PJ'S PET BARN,PRD:AU1:AU1-AUSTRALIA B2B B2C INV ORG,PAC00-14231,1-Apr-25,
PJ'S PET BARN,PRD:AU1:AU1-AUSTRALIA B2B B2C INV ORG,PAC00-14231,1-May-25,3
PJ'S PET BARN,PRD:AU1:AU1-AUSTRALIA B2B B2C INV ORG,PAC00-14231,1-Jun-25,
PJ'S PET BARN,PRD:AU1:AU1-AUSTRALIA B2B B2C INV ORG,PAC00-14231,1-Jul-25,4
PJ'S PET BARN,PRD:AU1:AU1-AUSTRALIA B2B B2C INV ORG,PAC00-14231,1-Aug-25,3
PJ'S PET BARN,PRD:AU1:AU1-AUSTRALIA B2B B2C INV ORG,PAC00-14231,1-Sep-25,1
PJ'S PET BARN,PRD:AU1:AU1-AUSTRALIA B2B B2C INV ORG,PAC00-14231,1-Oct-25,
PJ'S PET BARN,PRD:AU1:AU1-AUSTRALIA B2B B2C INV ORG,PAC00-14231,1-Nov-25,
PJ'S PET BARN,PRD:AU1:AU1-AUSTRALIA B2B B2C INV ORG,PAC00-14231,1-Dec-25,
PJ'S PET BARN,PRD:AU1:AU1-AUSTRALIA B2B B2C INV ORG,PAC00-14231,1-Jan-26,3
PJ'S PET BARN,PRD:AU1:AU1-AUSTRALIA B2B B2C INV ORG,PAC00-14231,1-Feb-26,1
PJ'S PET BARN,PRD:AU1:AU1-AUSTRALIA B2B B2C INV ORG,PAC00-14231,1-Mar-26,5
PJ'S PET BARN,PRD:AU1:AU1-AUSTRALIA B2B B2C INV ORG,PAC00-14231,1-Apr-26,
POLLY PET SHOP,PRD:IND:IND-GEODIS WHSE IND US,PAC00-14231,1-May-23,
POLLY PET SHOP,PRD:IND:IND-GEODIS WHSE IND US,PAC00-14231,1-Jun-23,
POLLY PET SHOP,PRD:IND:IND-GEODIS WHSE IND US,PAC00-14231,1-Jul-23,
POLLY PET SHOP,PRD:IND:IND-GEODIS WHSE IND US,PAC00-14231,1-Aug-23,
POLLY PET SHOP,PRD:IND:IND-GEODIS WHSE IND US,PAC00-14231,1-Sep-23,
POLLY PET SHOP,PRD:IND:IND-GEODIS WHSE IND US,PAC00-14231,1-Oct-23,
POLLY PET SHOP,PRD:IND:IND-GEODIS WHSE IND US,PAC00-14231,1-Nov-23,
POLLY PET SHOP,PRD:IND:IND-GEODIS WHSE IND US,PAC00-14231,1-Dec-23,
POLLY PET SHOP,PRD:IND:IND-GEODIS WHSE IND US,PAC00-14231,1-Jan-24,
POLLY PET SHOP,PRD:IND:IND-GEODIS WHSE IND US,PAC00-14231,1-Feb-24,
POLLY PET SHOP,PRD:IND:IND-GEODIS WHSE IND US,PAC00-14231,1-Mar-24,
POLLY PET SHOP,PRD:IND:IND-GEODIS WHSE IND US,PAC00-14231,1-Apr-24,
POLLY PET SHOP,PRD:IND:IND-GEODIS WHSE IND US,PAC00-14231,1-May-24,
POLLY PET SHOP,PRD:IND:IND-GEODIS WHSE IND US,PAC00-14231,1-Jun-24,
POLLY PET SHOP,PRD:IND:IND-GEODIS WHSE IND US,PAC00-14231,1-Jul-24,
POLLY PET SHOP,PRD:IND:IND-GEODIS WHSE IND US,PAC00-14231,1-Aug-24,
POLLY PET SHOP,PRD:IND:IND-GEODIS WHSE IND US,PAC00-14231,1-Sep-24,
POLLY PET SHOP,PRD:IND:IND-GEODIS WHSE IND US,PAC00-14231,1-Oct-24,
POLLY PET SHOP,PRD:IND:IND-GEODIS WHSE IND US,PAC00-14231,1-Nov-24,6
POLLY PET SHOP,PRD:IND:IND-GEODIS WHSE IND US,PAC00-14231,1-Dec-24,
POLLY PET SHOP,PRD:IND:IND-GEODIS WHSE IND US,PAC00-14231,1-Jan-25,
POLLY PET SHOP,PRD:IND:IND-GEODIS WHSE IND US,PAC00-14231,1-Feb-25,
POLLY PET SHOP,PRD:IND:IND-GEODIS WHSE IND US,PAC00-14231,1-Mar-25,
POLLY PET SHOP,PRD:IND:IND-GEODIS WHSE IND US,PAC00-14231,1-Apr-25,
POLLY PET SHOP,PRD:IND:IND-GEODIS WHSE IND US,PAC00-14231,1-May-25,
POLLY PET SHOP,PRD:IND:IND-GEODIS WHSE IND US,PAC00-14231,1-Jun-25,
POLLY PET SHOP,PRD:IND:IND-GEODIS WHSE IND US,PAC00-14231,1-Jul-25,
POLLY PET SHOP,PRD:IND:IND-GEODIS WHSE IND US,PAC00-14231,1-Aug-25,
POLLY PET SHOP,PRD:IND:IND-GEODIS WHSE IND US,PAC00-14231,1-Sep-25,
POLLY PET SHOP,PRD:IND:IND-GEODIS WHSE IND US,PAC00-14231,1-Oct-25,
POLLY PET SHOP,PRD:IND:IND-GEODIS WHSE IND US,PAC00-14231,1-Nov-25,
POLLY PET SHOP,PRD:IND:IND-GEODIS WHSE IND US,PAC00-14231,1-Dec-25,
POLLY PET SHOP,PRD:IND:IND-GEODIS WHSE IND US,PAC00-14231,1-Jan-26,
POLLY PET SHOP,PRD:IND:IND-GEODIS WHSE IND US,PAC00-14231,1-Feb-26,
POLLY PET SHOP,PRD:IND:IND-GEODIS WHSE IND US,PAC00-14231,1-Mar-26,
POLLY PET SHOP,PRD:IND:IND-GEODIS WHSE IND US,PAC00-14231,1-Apr-26,
POODLES AND BOB,PRD:IND:IND-GEODIS WHSE IND US,PBC-1000,1-May-23,
POODLES AND BOB,PRD:IND:IND-GEODIS WHSE IND US,PBC-1000,1-Jun-23,
POODLES AND BOB,PRD:IND:IND-GEODIS WHSE IND US,PBC-1000,1-Jul-23,
POODLES AND BOB,PRD:IND:IND-GEODIS WHSE IND US,PBC-1000,1-Aug-23,
POODLES AND BOB,PRD:IND:IND-GEODIS WHSE IND US,PBC-1000,1-Sep-23,
POODLES AND BOB,PRD:IND:IND-GEODIS WHSE IND US,PBC-1000,1-Oct-23,
POODLES AND BOB,PRD:IND:IND-GEODIS WHSE IND US,PBC-1000,1-Nov-23,
POODLES AND BOB,PRD:IND:IND-GEODIS WHSE IND US,PBC-1000,1-Dec-23,
POODLES AND BOB,PRD:IND:IND-GEODIS WHSE IND US,PBC-1000,1-Jan-24,
POODLES AND BOB,PRD:IND:IND-GEODIS WHSE IND US,PBC-1000,1-Feb-24,
POODLES AND BOB,PRD:IND:IND-GEODIS WHSE IND US,PBC-1000,1-Mar-24,
POODLES AND BOB,PRD:IND:IND-GEODIS WHSE IND US,PBC-1000,1-Apr-24,
POODLES AND BOB,PRD:IND:IND-GEODIS WHSE IND US,PBC-1000,1-May-24,
POODLES AND BOB,PRD:IND:IND-GEODIS WHSE IND US,PBC-1000,1-Jun-24,
POODLES AND BOB,PRD:IND:IND-GEODIS WHSE IND US,PBC-1000,1-Jul-24,
POODLES AND BOB,PRD:IND:IND-GEODIS WHSE IND US,PBC-1000,1-Aug-24,
POODLES AND BOB,PRD:IND:IND-GEODIS WHSE IND US,PBC-1000,1-Sep-24,10
POODLES AND BOB,PRD:IND:IND-GEODIS WHSE IND US,PBC-1000,1-Oct-24,
POODLES AND BOB,PRD:IND:IND-GEODIS WHSE IND US,PBC-1000,1-Nov-24,
POODLES AND BOB,PRD:IND:IND-GEODIS WHSE IND US,PBC-1000,1-Dec-24,5
POODLES AND BOB,PRD:IND:IND-GEODIS WHSE IND US,PBC-1000,1-Jan-25,
POODLES AND BOB,PRD:IND:IND-GEODIS WHSE IND US,PBC-1000,1-Feb-25,
POODLES AND BOB,PRD:IND:IND-GEODIS WHSE IND US,PBC-1000,1-Mar-25,
POODLES AND BOB,PRD:IND:IND-GEODIS WHSE IND US,PBC-1000,1-Apr-25,
POODLES AND BOB,PRD:IND:IND-GEODIS WHSE IND US,PBC-1000,1-May-25,
POODLES AND BOB,PRD:IND:IND-GEODIS WHSE IND US,PBC-1000,1-Jun-25,
POODLES AND BOB,PRD:IND:IND-GEODIS WHSE IND US,PBC-1000,1-Jul-25,
POODLES AND BOB,PRD:IND:IND-GEODIS WHSE IND US,PBC-1000,1-Aug-25,
POODLES AND BOB,PRD:IND:IND-GEODIS WHSE IND US,PBC-1000,1-Sep-25,
POODLES AND BOB,PRD:IND:IND-GEODIS WHSE IND US,PBC-1000,1-Oct-25,
POODLES AND BOB,PRD:IND:IND-GEODIS WHSE IND US,PBC-1000,1-Nov-25,4
POODLES AND BOB,PRD:IND:IND-GEODIS WHSE IND US,PBC-1000,1-Dec-25,
POODLES AND BOB,PRD:IND:IND-GEODIS WHSE IND US,PBC-1000,1-Jan-26,
POODLES AND BOB,PRD:IND:IND-GEODIS WHSE IND US,PBC-1000,1-Feb-26,
POODLES AND BOB,PRD:IND:IND-GEODIS WHSE IND US,PBC-1000,1-Mar-26,
POODLES AND BOB,PRD:IND:IND-GEODIS WHSE IND US,PBC-1000,1-Apr-26,
PORT CITY PET WORLD,PRD:AU1:AU1-AUSTRALIA B2B B2C INV ORG,PAC00-14231,1-May-23,
PORT CITY PET WORLD,PRD:AU1:AU1-AUSTRALIA B2B B2C INV ORG,PAC00-14231,1-Jun-23,
PORT CITY PET WORLD,PRD:AU1:AU1-AUSTRALIA B2B B2C INV ORG,PAC00-14231,1-Jul-23,
PORT CITY PET WORLD,PRD:AU1:AU1-AUSTRALIA B2B B2C INV ORG,PAC00-14231,1-Aug-23,
PORT CITY PET WORLD,PRD:AU1:AU1-AUSTRALIA B2B B2C INV ORG,PAC00-14231,1-Sep-23,
PORT CITY PET WORLD,PRD:AU1:AU1-AUSTRALIA B2B B2C INV ORG,PAC00-14231,1-Oct-23,
PORT CITY PET WORLD,PRD:AU1:AU1-AUSTRALIA B2B B2C INV ORG,PAC00-14231,1-Nov-23,
PORT CITY PET WORLD,PRD:AU1:AU1-AUSTRALIA B2B B2C INV ORG,PAC00-14231,1-Dec-23,
PORT CITY PET WORLD,PRD:AU1:AU1-AUSTRALIA B2B B2C INV ORG,PAC00-14231,1-Jan-24,
PORT CITY PET WORLD,PRD:AU1:AU1-AUSTRALIA B2B B2C INV ORG,PAC00-14231,1-Feb-24,
PORT CITY PET WORLD,PRD:AU1:AU1-AUSTRALIA B2B B2C INV ORG,PAC00-14231,1-Mar-24,
PORT CITY PET WORLD,PRD:AU1:AU1-AUSTRALIA B2B B2C INV ORG,PAC00-14231,1-Apr-24,
PORT CITY PET WORLD,PRD:AU1:AU1-AUSTRALIA B2B B2C INV ORG,PAC00-14231,1-May-24,
PORT CITY PET WORLD,PRD:AU1:AU1-AUSTRALIA B2B B2C INV ORG,PAC00-14231,1-Jun-24,
PORT CITY PET WORLD,PRD:AU1:AU1-AUSTRALIA B2B B2C INV ORG,PAC00-14231,1-Jul-24,
PORT CITY PET WORLD,PRD:AU1:AU1-AUSTRALIA B2B B2C INV ORG,PAC00-14231,1-Aug-24,
PORT CITY PET WORLD,PRD:AU1:AU1-AUSTRALIA B2B B2C INV ORG,PAC00-14231,1-Sep-24,
PORT CITY PET WORLD,PRD:AU1:AU1-AUSTRALIA B2B B2C INV ORG,PAC00-14231,1-Oct-24,
PORT CITY PET WORLD,PRD:AU1:AU1-AUSTRALIA B2B B2C INV ORG,PAC00-14231,1-Nov-24,
PORT CITY PET WORLD,PRD:AU1:AU1-AUSTRALIA B2B B2C INV ORG,PAC00-14231,1-Dec-24,
PORT CITY PET WORLD,PRD:AU1:AU1-AUSTRALIA B2B B2C INV ORG,PAC00-14231,1-Jan-25,
PORT CITY PET WORLD,PRD:AU1:AU1-AUSTRALIA B2B B2C INV ORG,PAC00-14231,1-Feb-25,1
PORT CITY PET WORLD,PRD:AU1:AU1-AUSTRALIA B2B B2C INV ORG,PAC00-14231,1-Mar-25,1
PORT CITY PET WORLD,PRD:AU1:AU1-AUSTRALIA B2B B2C INV ORG,PAC00-14231,1-Apr-25,2
PORT CITY PET WORLD,PRD:AU1:AU1-AUSTRALIA B2B B2C INV ORG,PAC00-14231,1-May-25,1
PORT CITY PET WORLD,PRD:AU1:AU1-AUSTRALIA B2B B2C INV ORG,PAC00-14231,1-Jun-25,2
PORT CITY PET WORLD,PRD:AU1:AU1-AUSTRALIA B2B B2C INV ORG,PAC00-14231,1-Jul-25,5
PORT CITY PET WORLD,PRD:AU1:AU1-AUSTRALIA B2B B2C INV ORG,PAC00-14231,1-Aug-25,
PORT CITY PET WORLD,PRD:AU1:AU1-AUSTRALIA B2B B2C INV ORG,PAC00-14231,1-Sep-25,
PORT CITY PET WORLD,PRD:AU1:AU1-AUSTRALIA B2B B2C INV ORG,PAC00-14231,1-Oct-25,1
PORT CITY PET WORLD,PRD:AU1:AU1-AUSTRALIA B2B B2C INV ORG,PAC00-14231,1-Nov-25,1
PORT CITY PET WORLD,PRD:AU1:AU1-AUSTRALIA B2B B2C INV ORG,PAC00-14231,1-Dec-25,
PORT CITY PET WORLD,PRD:AU1:AU1-AUSTRALIA B2B B2C INV ORG,PAC00-14231,1-Jan-26,1
PORT CITY PET WORLD,PRD:AU1:AU1-AUSTRALIA B2B B2C INV ORG,PAC00-14231,1-Feb-26,
PORT CITY PET WORLD,PRD:AU1:AU1-AUSTRALIA B2B B2C INV ORG,PAC00-14231,1-Mar-26,
PORT CITY PET WORLD,PRD:AU1:AU1-AUSTRALIA B2B B2C INV ORG,PAC00-14231,1-Apr-26,1
POSH PETS,PRD:AU1:AU1-AUSTRALIA B2B B2C INV ORG,PAC00-14231,1-May-23,
POSH PETS,PRD:AU1:AU1-AUSTRALIA B2B B2C INV ORG,PAC00-14231,1-Jun-23,
POSH PETS,PRD:AU1:AU1-AUSTRALIA B2B B2C INV ORG,PAC00-14231,1-Jul-23,
POSH PETS,PRD:AU1:AU1-AUSTRALIA B2B B2C INV ORG,PAC00-14231,1-Aug-23,
POSH PETS,PRD:AU1:AU1-AUSTRALIA B2B B2C INV ORG,PAC00-14231,1-Sep-23,
POSH PETS,PRD:AU1:AU1-AUSTRALIA B2B B2C INV ORG,PAC00-14231,1-Oct-23,
POSH PETS,PRD:AU1:AU1-AUSTRALIA B2B B2C INV ORG,PAC00-14231,1-Nov-23,
POSH PETS,PRD:AU1:AU1-AUSTRALIA B2B B2C INV ORG,PAC00-14231,1-Dec-23,
POSH PETS,PRD:AU1:AU1-AUSTRALIA B2B B2C INV ORG,PAC00-14231,1-Jan-24,
POSH PETS,PRD:AU1:AU1-AUSTRALIA B2B B2C INV ORG,PAC00-14231,1-Feb-24,
POSH PETS,PRD:AU1:AU1-AUSTRALIA B2B B2C INV ORG,PAC00-14231,1-Mar-24,
POSH PETS,PRD:AU1:AU1-AUSTRALIA B2B B2C INV ORG,PAC00-14231,1-Apr-24,
POSH PETS,PRD:AU1:AU1-AUSTRALIA B2B B2C INV ORG,PAC00-14231,1-May-24,
POSH PETS,PRD:AU1:AU1-AUSTRALIA B2B B2C INV ORG,PAC00-14231,1-Jun-24,
POSH PETS,PRD:AU1:AU1-AUSTRALIA B2B B2C INV ORG,PAC00-14231,1-Jul-24,
POSH PETS,PRD:AU1:AU1-AUSTRALIA B2B B2C INV ORG,PAC00-14231,1-Aug-24,
POSH PETS,PRD:AU1:AU1-AUSTRALIA B2B B2C INV ORG,PAC00-14231,1-Sep-24,
POSH PETS,PRD:AU1:AU1-AUSTRALIA B2B B2C INV ORG,PAC00-14231,1-Oct-24,
POSH PETS,PRD:AU1:AU1-AUSTRALIA B2B B2C INV ORG,PAC00-14231,1-Nov-24,
POSH PETS,PRD:AU1:AU1-AUSTRALIA B2B B2C INV ORG,PAC00-14231,1-Dec-24,
POSH PETS,PRD:AU1:AU1-AUSTRALIA B2B B2C INV ORG,PAC00-14231,1-Jan-25,
POSH PETS,PRD:AU1:AU1-AUSTRALIA B2B B2C INV ORG,PAC00-14231,1-Feb-25,
POSH PETS,PRD:AU1:AU1-AUSTRALIA B2B B2C INV ORG,PAC00-14231,1-Mar-25,
POSH PETS,PRD:AU1:AU1-AUSTRALIA B2B B2C INV ORG,PAC00-14231,1-Apr-25,
POSH PETS,PRD:AU1:AU1-AUSTRALIA B2B B2C INV ORG,PAC00-14231,1-May-25,
POSH PETS,PRD:AU1:AU1-AUSTRALIA B2B B2C INV ORG,PAC00-14231,1-Jun-25,
POSH PETS,PRD:AU1:AU1-AUSTRALIA B2B B2C INV ORG,PAC00-14231,1-Jul-25,
POSH PETS,PRD:AU1:AU1-AUSTRALIA B2B B2C INV ORG,PAC00-14231,1-Aug-25,
POSH PETS,PRD:AU1:AU1-AUSTRALIA B2B B2C INV ORG,PAC00-14231,1-Sep-25,
POSH PETS,PRD:AU1:AU1-AUSTRALIA B2B B2C INV ORG,PAC00-14231,1-Oct-25,
POSH PETS,PRD:AU1:AU1-AUSTRALIA B2B B2C INV ORG,PAC00-14231,1-Nov-25,
POSH PETS,PRD:AU1:AU1-AUSTRALIA B2B B2C INV ORG,PAC00-14231,1-Dec-25,1
POSH PETS,PRD:AU1:AU1-AUSTRALIA B2B B2C INV ORG,PAC00-14231,1-Jan-26,
POSH PETS,PRD:AU1:AU1-AUSTRALIA B2B B2C INV ORG,PAC00-14231,1-Feb-26,
POSH PETS,PRD:AU1:AU1-AUSTRALIA B2B B2C INV ORG,PAC00-14231,1-Mar-26,
POSH PETS,PRD:AU1:AU1-AUSTRALIA B2B B2C INV ORG,PAC00-14231,1-Apr-26,
POUDRE FEED & PET SUPPLY INC,PRD:IND:IND-GEODIS WHSE IND US,PAC00-14231,1-May-23,
POUDRE FEED & PET SUPPLY INC,PRD:IND:IND-GEODIS WHSE IND US,PAC00-14231,1-Jun-23,6
POUDRE FEED & PET SUPPLY INC,PRD:IND:IND-GEODIS WHSE IND US,PAC00-14231,1-Jul-23,
POUDRE FEED & PET SUPPLY INC,PRD:IND:IND-GEODIS WHSE IND US,PAC00-14231,1-Aug-23,
POUDRE FEED & PET SUPPLY INC,PRD:IND:IND-GEODIS WHSE IND US,PAC00-14231,1-Sep-23,
POUDRE FEED & PET SUPPLY INC,PRD:IND:IND-GEODIS WHSE IND US,PAC00-14231,1-Oct-23,1
POUDRE FEED & PET SUPPLY INC,PRD:IND:IND-GEODIS WHSE IND US,PAC00-14231,1-Nov-23,
POUDRE FEED & PET SUPPLY INC,PRD:IND:IND-GEODIS WHSE IND US,PAC00-14231,1-Dec-23,
POUDRE FEED & PET SUPPLY INC,PRD:IND:IND-GEODIS WHSE IND US,PAC00-14231,1-Jan-24,2
POUDRE FEED & PET SUPPLY INC,PRD:IND:IND-GEODIS WHSE IND US,PAC00-14231,1-Feb-24,
POUDRE FEED & PET SUPPLY INC,PRD:IND:IND-GEODIS WHSE IND US,PAC00-14231,1-Mar-24,1
POUDRE FEED & PET SUPPLY INC,PRD:IND:IND-GEODIS WHSE IND US,PAC00-14231,1-Apr-24,
POUDRE FEED & PET SUPPLY INC,PRD:IND:IND-GEODIS WHSE IND US,PAC00-14231,1-May-24,
POUDRE FEED & PET SUPPLY INC,PRD:IND:IND-GEODIS WHSE IND US,PAC00-14231,1-Jun-24,3
POUDRE FEED & PET SUPPLY INC,PRD:IND:IND-GEODIS WHSE IND US,PAC00-14231,1-Jul-24,
POUDRE FEED & PET SUPPLY INC,PRD:IND:IND-GEODIS WHSE IND US,PAC00-14231,1-Aug-24,
POUDRE FEED & PET SUPPLY INC,PRD:IND:IND-GEODIS WHSE IND US,PAC00-14231,1-Sep-24,
POUDRE FEED & PET SUPPLY INC,PRD:IND:IND-GEODIS WHSE IND US,PAC00-14231,1-Oct-24,1
POUDRE FEED & PET SUPPLY INC,PRD:IND:IND-GEODIS WHSE IND US,PAC00-14231,1-Nov-24,
POUDRE FEED & PET SUPPLY INC,PRD:IND:IND-GEODIS WHSE IND US,PAC00-14231,1-Dec-24,4
POUDRE FEED & PET SUPPLY INC,PRD:IND:IND-GEODIS WHSE IND US,PAC00-14231,1-Jan-25,
POUDRE FEED & PET SUPPLY INC,PRD:IND:IND-GEODIS WHSE IND US,PAC00-14231,1-Feb-25,
POUDRE FEED & PET SUPPLY INC,PRD:IND:IND-GEODIS WHSE IND US,PAC00-14231,1-Mar-25,1
POUDRE FEED & PET SUPPLY INC,PRD:IND:IND-GEODIS WHSE IND US,PAC00-14231,1-Apr-25,
POUDRE FEED & PET SUPPLY INC,PRD:IND:IND-GEODIS WHSE IND US,PAC00-14231,1-May-25,
POUDRE FEED & PET SUPPLY INC,PRD:IND:IND-GEODIS WHSE IND US,PAC00-14231,1-Jun-25,2
POUDRE FEED & PET SUPPLY INC,PRD:IND:IND-GEODIS WHSE IND US,PAC00-14231,1-Jul-25,
POUDRE FEED & PET SUPPLY INC,PRD:IND:IND-GEODIS WHSE IND US,PAC00-14231,1-Aug-25,
POUDRE FEED & PET SUPPLY INC,PRD:IND:IND-GEODIS WHSE IND US,PAC00-14231,1-Sep-25,
POUDRE FEED & PET SUPPLY INC,PRD:IND:IND-GEODIS WHSE IND US,PAC00-14231,1-Oct-25,
POUDRE FEED & PET SUPPLY INC,PRD:IND:IND-GEODIS WHSE IND US,PAC00-14231,1-Nov-25,
POUDRE FEED & PET SUPPLY INC,PRD:IND:IND-GEODIS WHSE IND US,PAC00-14231,1-Dec-25,
POUDRE FEED & PET SUPPLY INC,PRD:IND:IND-GEODIS WHSE IND US,PAC00-14231,1-Jan-26,
POUDRE FEED & PET SUPPLY INC,PRD:IND:IND-GEODIS WHSE IND US,PAC00-14231,1-Feb-26,
POUDRE FEED & PET SUPPLY INC,PRD:IND:IND-GEODIS WHSE IND US,PAC00-14231,1-Mar-26,
POUDRE FEED & PET SUPPLY INC,PRD:IND:IND-GEODIS WHSE IND US,PAC00-14231,1-Apr-26,
POUDRE FEED & PET SUPPLY INC,PRD:IND:IND-GEODIS WHSE IND US,PBC-1000,1-May-23,2
POUDRE FEED & PET SUPPLY INC,PRD:IND:IND-GEODIS WHSE IND US,PBC-1000,1-Jun-23,
POUDRE FEED & PET SUPPLY INC,PRD:IND:IND-GEODIS WHSE IND US,PBC-1000,1-Jul-23,
POUDRE FEED & PET SUPPLY INC,PRD:IND:IND-GEODIS WHSE IND US,PBC-1000,1-Aug-23,
POUDRE FEED & PET SUPPLY INC,PRD:IND:IND-GEODIS WHSE IND US,PBC-1000,1-Sep-23,
POUDRE FEED & PET SUPPLY INC,PRD:IND:IND-GEODIS WHSE IND US,PBC-1000,1-Oct-23,
POUDRE FEED & PET SUPPLY INC,PRD:IND:IND-GEODIS WHSE IND US,PBC-1000,1-Nov-23,
POUDRE FEED & PET SUPPLY INC,PRD:IND:IND-GEODIS WHSE IND US,PBC-1000,1-Dec-23,
POUDRE FEED & PET SUPPLY INC,PRD:IND:IND-GEODIS WHSE IND US,PBC-1000,1-Jan-24,
POUDRE FEED & PET SUPPLY INC,PRD:IND:IND-GEODIS WHSE IND US,PBC-1000,1-Feb-24,
POUDRE FEED & PET SUPPLY INC,PRD:IND:IND-GEODIS WHSE IND US,PBC-1000,1-Mar-24,1
POUDRE FEED & PET SUPPLY INC,PRD:IND:IND-GEODIS WHSE IND US,PBC-1000,1-Apr-24,
POUDRE FEED & PET SUPPLY INC,PRD:IND:IND-GEODIS WHSE IND US,PBC-1000,1-May-24,
POUDRE FEED & PET SUPPLY INC,PRD:IND:IND-GEODIS WHSE IND US,PBC-1000,1-Jun-24,
POUDRE FEED & PET SUPPLY INC,PRD:IND:IND-GEODIS WHSE IND US,PBC-1000,1-Jul-24,
POUDRE FEED & PET SUPPLY INC,PRD:IND:IND-GEODIS WHSE IND US,PBC-1000,1-Aug-24,
POUDRE FEED & PET SUPPLY INC,PRD:IND:IND-GEODIS WHSE IND US,PBC-1000,1-Sep-24,
POUDRE FEED & PET SUPPLY INC,PRD:IND:IND-GEODIS WHSE IND US,PBC-1000,1-Oct-24,
POUDRE FEED & PET SUPPLY INC,PRD:IND:IND-GEODIS WHSE IND US,PBC-1000,1-Nov-24,
POUDRE FEED & PET SUPPLY INC,PRD:IND:IND-GEODIS WHSE IND US,PBC-1000,1-Dec-24,
POUDRE FEED & PET SUPPLY INC,PRD:IND:IND-GEODIS WHSE IND US,PBC-1000,1-Jan-25,
POUDRE FEED & PET SUPPLY INC,PRD:IND:IND-GEODIS WHSE IND US,PBC-1000,1-Feb-25,
POUDRE FEED & PET SUPPLY INC,PRD:IND:IND-GEODIS WHSE IND US,PBC-1000,1-Mar-25,
POUDRE FEED & PET SUPPLY INC,PRD:IND:IND-GEODIS WHSE IND US,PBC-1000,1-Apr-25,
POUDRE FEED & PET SUPPLY INC,PRD:IND:IND-GEODIS WHSE IND US,PBC-1000,1-May-25,
POUDRE FEED & PET SUPPLY INC,PRD:IND:IND-GEODIS WHSE IND US,PBC-1000,1-Jun-25,
POUDRE FEED & PET SUPPLY INC,PRD:IND:IND-GEODIS WHSE IND US,PBC-1000,1-Jul-25,
POUDRE FEED & PET SUPPLY INC,PRD:IND:IND-GEODIS WHSE IND US,PBC-1000,1-Aug-25,
POUDRE FEED & PET SUPPLY INC,PRD:IND:IND-GEODIS WHSE IND US,PBC-1000,1-Sep-25,
POUDRE FEED & PET SUPPLY INC,PRD:IND:IND-GEODIS WHSE IND US,PBC-1000,1-Oct-25,
POUDRE FEED & PET SUPPLY INC,PRD:IND:IND-GEODIS WHSE IND US,PBC-1000,1-Nov-25,
POUDRE FEED & PET SUPPLY INC,PRD:IND:IND-GEODIS WHSE IND US,PBC-1000,1-Dec-25,
POUDRE FEED & PET SUPPLY INC,PRD:IND:IND-GEODIS WHSE IND US,PBC-1000,1-Jan-26,
POUDRE FEED & PET SUPPLY INC,PRD:IND:IND-GEODIS WHSE IND US,PBC-1000,1-Feb-26,
POUDRE FEED & PET SUPPLY INC,PRD:IND:IND-GEODIS WHSE IND US,PBC-1000,1-Mar-26,
POUDRE FEED & PET SUPPLY INC,PRD:IND:IND-GEODIS WHSE IND US,PBC-1000,1-Apr-26,
POWER SALES & ADVERTISING INC,PRD:IND:IND-GEODIS WHSE IND US,PAC00-14231,1-May-23,
POWER SALES & ADVERTISING INC,PRD:IND:IND-GEODIS WHSE IND US,PAC00-14231,1-Jun-23,20
POWER SALES & ADVERTISING INC,PRD:IND:IND-GEODIS WHSE IND US,PAC00-14231,1-Jul-23,
POWER SALES & ADVERTISING INC,PRD:IND:IND-GEODIS WHSE IND US,PAC00-14231,1-Aug-23,20
POWER SALES & ADVERTISING INC,PRD:IND:IND-GEODIS WHSE IND US,PAC00-14231,1-Sep-23,12
POWER SALES & ADVERTISING INC,PRD:IND:IND-GEODIS WHSE IND US,PAC00-14231,1-Oct-23,28
POWER SALES & ADVERTISING INC,PRD:IND:IND-GEODIS WHSE IND US,PAC00-14231,1-Nov-23,24
POWER SALES & ADVERTISING INC,PRD:IND:IND-GEODIS WHSE IND US,PAC00-14231,1-Dec-23,28
POWER SALES & ADVERTISING INC,PRD:IND:IND-GEODIS WHSE IND US,PAC00-14231,1-Jan-24,40
POWER SALES & ADVERTISING INC,PRD:IND:IND-GEODIS WHSE IND US,PAC00-14231,1-Feb-24,28
POWER SALES & ADVERTISING INC,PRD:IND:IND-GEODIS WHSE IND US,PAC00-14231,1-Mar-24,18
POWER SALES & ADVERTISING INC,PRD:IND:IND-GEODIS WHSE IND US,PAC00-14231,1-Apr-24,8
POWER SALES & ADVERTISING INC,PRD:IND:IND-GEODIS WHSE IND US,PAC00-14231,1-May-24,16
POWER SALES & ADVERTISING INC,PRD:IND:IND-GEODIS WHSE IND US,PAC00-14231,1-Jun-24,8
POWER SALES & ADVERTISING INC,PRD:IND:IND-GEODIS WHSE IND US,PAC00-14231,1-Jul-24,8
POWER SALES & ADVERTISING INC,PRD:IND:IND-GEODIS WHSE IND US,PAC00-14231,1-Aug-24,18
POWER SALES & ADVERTISING INC,PRD:IND:IND-GEODIS WHSE IND US,PAC00-14231,1-Sep-24,28
POWER SALES & ADVERTISING INC,PRD:IND:IND-GEODIS WHSE IND US,PAC00-14231,1-Oct-24,10
POWER SALES & ADVERTISING INC,PRD:IND:IND-GEODIS WHSE IND US,PAC00-14231,1-Nov-24,8
POWER SALES & ADVERTISING INC,PRD:IND:IND-GEODIS WHSE IND US,PAC00-14231,1-Dec-24,20
POWER SALES & ADVERTISING INC,PRD:IND:IND-GEODIS WHSE IND US,PAC00-14231,1-Jan-25,20
POWER SALES & ADVERTISING INC,PRD:IND:IND-GEODIS WHSE IND US,PAC00-14231,1-Feb-25,24
POWER SALES & ADVERTISING INC,PRD:IND:IND-GEODIS WHSE IND US,PAC00-14231,1-Mar-25,
POWER SALES & ADVERTISING INC,PRD:IND:IND-GEODIS WHSE IND US,PAC00-14231,1-Apr-25,34
POWER SALES & ADVERTISING INC,PRD:IND:IND-GEODIS WHSE IND US,PAC00-14231,1-May-25,8
POWER SALES & ADVERTISING INC,PRD:IND:IND-GEODIS WHSE IND US,PAC00-14231,1-Jun-25,
POWER SALES & ADVERTISING INC,PRD:IND:IND-GEODIS WHSE IND US,PAC00-14231,1-Jul-25,
POWER SALES & ADVERTISING INC,PRD:IND:IND-GEODIS WHSE IND US,PAC00-14231,1-Aug-25,
POWER SALES & ADVERTISING INC,PRD:IND:IND-GEODIS WHSE IND US,PAC00-14231,1-Sep-25,4
POWER SALES & ADVERTISING INC,PRD:IND:IND-GEODIS WHSE IND US,PAC00-14231,1-Oct-25,8
POWER SALES & ADVERTISING INC,PRD:IND:IND-GEODIS WHSE IND US,PAC00-14231,1-Nov-25,36
POWER SALES & ADVERTISING INC,PRD:IND:IND-GEODIS WHSE IND US,PAC00-14231,1-Dec-25,
POWER SALES & ADVERTISING INC,PRD:IND:IND-GEODIS WHSE IND US,PAC00-14231,1-Jan-26,
POWER SALES & ADVERTISING INC,PRD:IND:IND-GEODIS WHSE IND US,PAC00-14231,1-Feb-26,
POWER SALES & ADVERTISING INC,PRD:IND:IND-GEODIS WHSE IND US,PAC00-14231,1-Mar-26,6
POWER SALES & ADVERTISING INC,PRD:IND:IND-GEODIS WHSE IND US,PAC00-14231,1-Apr-26,8
PRECIOUS PAWS BOUTIQUE,PRD:IND:IND-GEODIS WHSE IND US,PBC-1000,1-May-23,
PRECIOUS PAWS BOUTIQUE,PRD:IND:IND-GEODIS WHSE IND US,PBC-1000,1-Jun-23,3
PRECIOUS PAWS BOUTIQUE,PRD:IND:IND-GEODIS WHSE IND US,PBC-1000,1-Jul-23,
PRECIOUS PAWS BOUTIQUE,PRD:IND:IND-GEODIS WHSE IND US,PBC-1000,1-Aug-23,
PRECIOUS PAWS BOUTIQUE,PRD:IND:IND-GEODIS WHSE IND US,PBC-1000,1-Sep-23,
PRECIOUS PAWS BOUTIQUE,PRD:IND:IND-GEODIS WHSE IND US,PBC-1000,1-Oct-23,
PRECIOUS PAWS BOUTIQUE,PRD:IND:IND-GEODIS WHSE IND US,PBC-1000,1-Nov-23,
PRECIOUS PAWS BOUTIQUE,PRD:IND:IND-GEODIS WHSE IND US,PBC-1000,1-Dec-23,
PRECIOUS PAWS BOUTIQUE,PRD:IND:IND-GEODIS WHSE IND US,PBC-1000,1-Jan-24,
PRECIOUS PAWS BOUTIQUE,PRD:IND:IND-GEODIS WHSE IND US,PBC-1000,1-Feb-24,
PRECIOUS PAWS BOUTIQUE,PRD:IND:IND-GEODIS WHSE IND US,PBC-1000,1-Mar-24,
PRECIOUS PAWS BOUTIQUE,PRD:IND:IND-GEODIS WHSE IND US,PBC-1000,1-Apr-24,
PRECIOUS PAWS BOUTIQUE,PRD:IND:IND-GEODIS WHSE IND US,PBC-1000,1-May-24,
PRECIOUS PAWS BOUTIQUE,PRD:IND:IND-GEODIS WHSE IND US,PBC-1000,1-Jun-24,
PRECIOUS PAWS BOUTIQUE,PRD:IND:IND-GEODIS WHSE IND US,PBC-1000,1-Jul-24,
PRECIOUS PAWS BOUTIQUE,PRD:IND:IND-GEODIS WHSE IND US,PBC-1000,1-Aug-24,
PRECIOUS PAWS BOUTIQUE,PRD:IND:IND-GEODIS WHSE IND US,PBC-1000,1-Sep-24,
PRECIOUS PAWS BOUTIQUE,PRD:IND:IND-GEODIS WHSE IND US,PBC-1000,1-Oct-24,
PRECIOUS PAWS BOUTIQUE,PRD:IND:IND-GEODIS WHSE IND US,PBC-1000,1-Nov-24,
PRECIOUS PAWS BOUTIQUE,PRD:IND:IND-GEODIS WHSE IND US,PBC-1000,1-Dec-24,
PRECIOUS PAWS BOUTIQUE,PRD:IND:IND-GEODIS WHSE IND US,PBC-1000,1-Jan-25,
PRECIOUS PAWS BOUTIQUE,PRD:IND:IND-GEODIS WHSE IND US,PBC-1000,1-Feb-25,
PRECIOUS PAWS BOUTIQUE,PRD:IND:IND-GEODIS WHSE IND US,PBC-1000,1-Mar-25,
PRECIOUS PAWS BOUTIQUE,PRD:IND:IND-GEODIS WHSE IND US,PBC-1000,1-Apr-25,
PRECIOUS PAWS BOUTIQUE,PRD:IND:IND-GEODIS WHSE IND US,PBC-1000,1-May-25,
PRECIOUS PAWS BOUTIQUE,PRD:IND:IND-GEODIS WHSE IND US,PBC-1000,1-Jun-25,
PRECIOUS PAWS BOUTIQUE,PRD:IND:IND-GEODIS WHSE IND US,PBC-1000,1-Jul-25,
PRECIOUS PAWS BOUTIQUE,PRD:IND:IND-GEODIS WHSE IND US,PBC-1000,1-Aug-25,
PRECIOUS PAWS BOUTIQUE,PRD:IND:IND-GEODIS WHSE IND US,PBC-1000,1-Sep-25,
PRECIOUS PAWS BOUTIQUE,PRD:IND:IND-GEODIS WHSE IND US,PBC-1000,1-Oct-25,
PRECIOUS PAWS BOUTIQUE,PRD:IND:IND-GEODIS WHSE IND US,PBC-1000,1-Nov-25,
PRECIOUS PAWS BOUTIQUE,PRD:IND:IND-GEODIS WHSE IND US,PBC-1000,1-Dec-25,
PRECIOUS PAWS BOUTIQUE,PRD:IND:IND-GEODIS WHSE IND US,PBC-1000,1-Jan-26,
PRECIOUS PAWS BOUTIQUE,PRD:IND:IND-GEODIS WHSE IND US,PBC-1000,1-Feb-26,
PRECIOUS PAWS BOUTIQUE,PRD:IND:IND-GEODIS WHSE IND US,PBC-1000,1-Mar-26,
PRECIOUS PAWS BOUTIQUE,PRD:IND:IND-GEODIS WHSE IND US,PBC-1000,1-Apr-26,
PREMIER PET SUPPLY,PRD:IND:IND-GEODIS WHSE IND US,PAC00-14231,1-May-23,
PREMIER PET SUPPLY,PRD:IND:IND-GEODIS WHSE IND US,PAC00-14231,1-Jun-23,
PREMIER PET SUPPLY,PRD:IND:IND-GEODIS WHSE IND US,PAC00-14231,1-Jul-23,15
PREMIER PET SUPPLY,PRD:IND:IND-GEODIS WHSE IND US,PAC00-14231,1-Aug-23,
PREMIER PET SUPPLY,PRD:IND:IND-GEODIS WHSE IND US,PAC00-14231,1-Sep-23,
PREMIER PET SUPPLY,PRD:IND:IND-GEODIS WHSE IND US,PAC00-14231,1-Oct-23,12
PREMIER PET SUPPLY,PRD:IND:IND-GEODIS WHSE IND US,PAC00-14231,1-Nov-23,
PREMIER PET SUPPLY,PRD:IND:IND-GEODIS WHSE IND US,PAC00-14231,1-Dec-23,
PREMIER PET SUPPLY,PRD:IND:IND-GEODIS WHSE IND US,PAC00-14231,1-Jan-24,5
PREMIER PET SUPPLY,PRD:IND:IND-GEODIS WHSE IND US,PAC00-14231,1-Feb-24,
PREMIER PET SUPPLY,PRD:IND:IND-GEODIS WHSE IND US,PAC00-14231,1-Mar-24,
PREMIER PET SUPPLY,PRD:IND:IND-GEODIS WHSE IND US,PAC00-14231,1-Apr-24,
PREMIER PET SUPPLY,PRD:IND:IND-GEODIS WHSE IND US,PAC00-14231,1-May-24,
PREMIER PET SUPPLY,PRD:IND:IND-GEODIS WHSE IND US,PAC00-14231,1-Jun-24,
PREMIER PET SUPPLY,PRD:IND:IND-GEODIS WHSE IND US,PAC00-14231,1-Jul-24,
PREMIER PET SUPPLY,PRD:IND:IND-GEODIS WHSE IND US,PAC00-14231,1-Aug-24,
PREMIER PET SUPPLY,PRD:IND:IND-GEODIS WHSE IND US,PAC00-14231,1-Sep-24,
PREMIER PET SUPPLY,PRD:IND:IND-GEODIS WHSE IND US,PAC00-14231,1-Oct-24,
PREMIER PET SUPPLY,PRD:IND:IND-GEODIS WHSE IND US,PAC00-14231,1-Nov-24,
PREMIER PET SUPPLY,PRD:IND:IND-GEODIS WHSE IND US,PAC00-14231,1-Dec-24,
PREMIER PET SUPPLY,PRD:IND:IND-GEODIS WHSE IND US,PAC00-14231,1-Jan-25,
PREMIER PET SUPPLY,PRD:IND:IND-GEODIS WHSE IND US,PAC00-14231,1-Feb-25,
PREMIER PET SUPPLY,PRD:IND:IND-GEODIS WHSE IND US,PAC00-14231,1-Mar-25,
PREMIER PET SUPPLY,PRD:IND:IND-GEODIS WHSE IND US,PAC00-14231,1-Apr-25,
PREMIER PET SUPPLY,PRD:IND:IND-GEODIS WHSE IND US,PAC00-14231,1-May-25,
PREMIER PET SUPPLY,PRD:IND:IND-GEODIS WHSE IND US,PAC00-14231,1-Jun-25,
PREMIER PET SUPPLY,PRD:IND:IND-GEODIS WHSE IND US,PAC00-14231,1-Jul-25,
PREMIER PET SUPPLY,PRD:IND:IND-GEODIS WHSE IND US,PAC00-14231,1-Aug-25,
PREMIER PET SUPPLY,PRD:IND:IND-GEODIS WHSE IND US,PAC00-14231,1-Sep-25,
PREMIER PET SUPPLY,PRD:IND:IND-GEODIS WHSE IND US,PAC00-14231,1-Oct-25,
PREMIER PET SUPPLY,PRD:IND:IND-GEODIS WHSE IND US,PAC00-14231,1-Nov-25,
PREMIER PET SUPPLY,PRD:IND:IND-GEODIS WHSE IND US,PAC00-14231,1-Dec-25,
PREMIER PET SUPPLY,PRD:IND:IND-GEODIS WHSE IND US,PAC00-14231,1-Jan-26,
PREMIER PET SUPPLY,PRD:IND:IND-GEODIS WHSE IND US,PAC00-14231,1-Feb-26,
PREMIER PET SUPPLY,PRD:IND:IND-GEODIS WHSE IND US,PAC00-14231,1-Mar-26,
PREMIER PET SUPPLY,PRD:IND:IND-GEODIS WHSE IND US,PAC00-14231,1-Apr-26,
PSL SPA,PRD:IND:IND-GEODIS WHSE IND US,PBC-1000,1-May-23,
PSL SPA,PRD:IND:IND-GEODIS WHSE IND US,PBC-1000,1-Jun-23,
PSL SPA,PRD:IND:IND-GEODIS WHSE IND US,PBC-1000,1-Jul-23,
PSL SPA,PRD:IND:IND-GEODIS WHSE IND US,PBC-1000,1-Aug-23,
PSL SPA,PRD:IND:IND-GEODIS WHSE IND US,PBC-1000,1-Sep-23,
PSL SPA,PRD:IND:IND-GEODIS WHSE IND US,PBC-1000,1-Oct-23,
PSL SPA,PRD:IND:IND-GEODIS WHSE IND US,PBC-1000,1-Nov-23,
PSL SPA,PRD:IND:IND-GEODIS WHSE IND US,PBC-1000,1-Dec-23,
PSL SPA,PRD:IND:IND-GEODIS WHSE IND US,PBC-1000,1-Jan-24,
PSL SPA,PRD:IND:IND-GEODIS WHSE IND US,PBC-1000,1-Feb-24,
PSL SPA,PRD:IND:IND-GEODIS WHSE IND US,PBC-1000,1-Mar-24,
PSL SPA,PRD:IND:IND-GEODIS WHSE IND US,PBC-1000,1-Apr-24,
PSL SPA,PRD:IND:IND-GEODIS WHSE IND US,PBC-1000,1-May-24,
PSL SPA,PRD:IND:IND-GEODIS WHSE IND US,PBC-1000,1-Jun-24,
PSL SPA,PRD:IND:IND-GEODIS WHSE IND US,PBC-1000,1-Jul-24,
PSL SPA,PRD:IND:IND-GEODIS WHSE IND US,PBC-1000,1-Aug-24,
PSL SPA,PRD:IND:IND-GEODIS WHSE IND US,PBC-1000,1-Sep-24,
PSL SPA,PRD:IND:IND-GEODIS WHSE IND US,PBC-1000,1-Oct-24,
PSL SPA,PRD:IND:IND-GEODIS WHSE IND US,PBC-1000,1-Nov-24,
PSL SPA,PRD:IND:IND-GEODIS WHSE IND US,PBC-1000,1-Dec-24,
PSL SPA,PRD:IND:IND-GEODIS WHSE IND US,PBC-1000,1-Jan-25,6
PSL SPA,PRD:IND:IND-GEODIS WHSE IND US,PBC-1000,1-Feb-25,
PSL SPA,PRD:IND:IND-GEODIS WHSE IND US,PBC-1000,1-Mar-25,
PSL SPA,PRD:IND:IND-GEODIS WHSE IND US,PBC-1000,1-Apr-25,
PSL SPA,PRD:IND:IND-GEODIS WHSE IND US,PBC-1000,1-May-25,
PSL SPA,PRD:IND:IND-GEODIS WHSE IND US,PBC-1000,1-Jun-25,
PSL SPA,PRD:IND:IND-GEODIS WHSE IND US,PBC-1000,1-Jul-25,
PSL SPA,PRD:IND:IND-GEODIS WHSE IND US,PBC-1000,1-Aug-25,
PSL SPA,PRD:IND:IND-GEODIS WHSE IND US,PBC-1000,1-Sep-25,
PSL SPA,PRD:IND:IND-GEODIS WHSE IND US,PBC-1000,1-Oct-25,
PSL SPA,PRD:IND:IND-GEODIS WHSE IND US,PBC-1000,1-Nov-25,
PSL SPA,PRD:IND:IND-GEODIS WHSE IND US,PBC-1000,1-Dec-25,
PSL SPA,PRD:IND:IND-GEODIS WHSE IND US,PBC-1000,1-Jan-26,
PSL SPA,PRD:IND:IND-GEODIS WHSE IND US,PBC-1000,1-Feb-26,
PSL SPA,PRD:IND:IND-GEODIS WHSE IND US,PBC-1000,1-Mar-26,
PSL SPA,PRD:IND:IND-GEODIS WHSE IND US,PBC-1000,1-Apr-26,
PSP DISTRIBUTION LLC,PRD:IND:IND-GEODIS WHSE IND US,PAC00-14231,1-May-23,2124
PSP DISTRIBUTION LLC,PRD:IND:IND-GEODIS WHSE IND US,PAC00-14231,1-Jun-23,541
PSP DISTRIBUTION LLC,PRD:IND:IND-GEODIS WHSE IND US,PAC00-14231,1-Jul-23,1368
PSP DISTRIBUTION LLC,PRD:IND:IND-GEODIS WHSE IND US,PAC00-14231,1-Aug-23,1541
PSP DISTRIBUTION LLC,PRD:IND:IND-GEODIS WHSE IND US,PAC00-14231,1-Sep-23,1241
PSP DISTRIBUTION LLC,PRD:IND:IND-GEODIS WHSE IND US,PAC00-14231,1-Oct-23,1204
PSP DISTRIBUTION LLC,PRD:IND:IND-GEODIS WHSE IND US,PAC00-14231,1-Nov-23,807
PSP DISTRIBUTION LLC,PRD:IND:IND-GEODIS WHSE IND US,PAC00-14231,1-Dec-23,360
PSP DISTRIBUTION LLC,PRD:IND:IND-GEODIS WHSE IND US,PAC00-14231,1-Jan-24,
PSP DISTRIBUTION LLC,PRD:IND:IND-GEODIS WHSE IND US,PAC00-14231,1-Feb-24,480
PSP DISTRIBUTION LLC,PRD:IND:IND-GEODIS WHSE IND US,PAC00-14231,1-Mar-24,480
PSP DISTRIBUTION LLC,PRD:IND:IND-GEODIS WHSE IND US,PAC00-14231,1-Apr-24,720
PSP DISTRIBUTION LLC,PRD:IND:IND-GEODIS WHSE IND US,PAC00-14231,1-May-24,660
PSP DISTRIBUTION LLC,PRD:IND:IND-GEODIS WHSE IND US,PAC00-14231,1-Jun-24,1200
PSP DISTRIBUTION LLC,PRD:IND:IND-GEODIS WHSE IND US,PAC00-14231,1-Jul-24,600
PSP DISTRIBUTION LLC,PRD:IND:IND-GEODIS WHSE IND US,PAC00-14231,1-Aug-24,240
PSP DISTRIBUTION LLC,PRD:IND:IND-GEODIS WHSE IND US,PAC00-14231,1-Sep-24,540
PSP DISTRIBUTION LLC,PRD:IND:IND-GEODIS WHSE IND US,PAC00-14231,1-Oct-24,660
PSP DISTRIBUTION LLC,PRD:IND:IND-GEODIS WHSE IND US,PAC00-14231,1-Nov-24,480
PSP DISTRIBUTION LLC,PRD:IND:IND-GEODIS WHSE IND US,PAC00-14231,1-Dec-24,540
PSP DISTRIBUTION LLC,PRD:IND:IND-GEODIS WHSE IND US,PAC00-14231,1-Jan-25,960
PSP DISTRIBUTION LLC,PRD:IND:IND-GEODIS WHSE IND US,PAC00-14231,1-Feb-25,360
PSP DISTRIBUTION LLC,PRD:IND:IND-GEODIS WHSE IND US,PAC00-14231,1-Mar-25,540
PSP DISTRIBUTION LLC,PRD:IND:IND-GEODIS WHSE IND US,PAC00-14231,1-Apr-25,300
PSP DISTRIBUTION LLC,PRD:IND:IND-GEODIS WHSE IND US,PAC00-14231,1-May-25,450
PSP DISTRIBUTION LLC,PRD:IND:IND-GEODIS WHSE IND US,PAC00-14231,1-Jun-25,540
PSP DISTRIBUTION LLC,PRD:IND:IND-GEODIS WHSE IND US,PAC00-14231,1-Jul-25,660
PSP DISTRIBUTION LLC,PRD:IND:IND-GEODIS WHSE IND US,PAC00-14231,1-Aug-25,360
PSP DISTRIBUTION LLC,PRD:IND:IND-GEODIS WHSE IND US,PAC00-14231,1-Sep-25,540
PSP DISTRIBUTION LLC,PRD:IND:IND-GEODIS WHSE IND US,PAC00-14231,1-Oct-25,120
PSP DISTRIBUTION LLC,PRD:IND:IND-GEODIS WHSE IND US,PAC00-14231,1-Nov-25,300
PSP DISTRIBUTION LLC,PRD:IND:IND-GEODIS WHSE IND US,PAC00-14231,1-Dec-25,240
PSP DISTRIBUTION LLC,PRD:IND:IND-GEODIS WHSE IND US,PAC00-14231,1-Jan-26,480
PSP DISTRIBUTION LLC,PRD:IND:IND-GEODIS WHSE IND US,PAC00-14231,1-Feb-26,360
PSP DISTRIBUTION LLC,PRD:IND:IND-GEODIS WHSE IND US,PAC00-14231,1-Mar-26,840
PSP DISTRIBUTION LLC,PRD:IND:IND-GEODIS WHSE IND US,PAC00-14231,1-Apr-26,600
RANGER LLC,PRD:DSD:DSD-DIRECT SHIP DOMESTIC,PAC00-14231,1-May-23,
RANGER LLC,PRD:DSD:DSD-DIRECT SHIP DOMESTIC,PAC00-14231,1-Jun-23,
RANGER LLC,PRD:DSD:DSD-DIRECT SHIP DOMESTIC,PAC00-14231,1-Jul-23,
RANGER LLC,PRD:DSD:DSD-DIRECT SHIP DOMESTIC,PAC00-14231,1-Aug-23,
RANGER LLC,PRD:DSD:DSD-DIRECT SHIP DOMESTIC,PAC00-14231,1-Sep-23,
RANGER LLC,PRD:DSD:DSD-DIRECT SHIP DOMESTIC,PAC00-14231,1-Oct-23,
RANGER LLC,PRD:DSD:DSD-DIRECT SHIP DOMESTIC,PAC00-14231,1-Nov-23,672
RANGER LLC,PRD:DSD:DSD-DIRECT SHIP DOMESTIC,PAC00-14231,1-Dec-23,
RANGER LLC,PRD:DSD:DSD-DIRECT SHIP DOMESTIC,PAC00-14231,1-Jan-24,
RANGER LLC,PRD:DSD:DSD-DIRECT SHIP DOMESTIC,PAC00-14231,1-Feb-24,672
RANGER LLC,PRD:DSD:DSD-DIRECT SHIP DOMESTIC,PAC00-14231,1-Mar-24,
RANGER LLC,PRD:DSD:DSD-DIRECT SHIP DOMESTIC,PAC00-14231,1-Apr-24,
RANGER LLC,PRD:DSD:DSD-DIRECT SHIP DOMESTIC,PAC00-14231,1-May-24,
RANGER LLC,PRD:DSD:DSD-DIRECT SHIP DOMESTIC,PAC00-14231,1-Jun-24,
RANGER LLC,PRD:DSD:DSD-DIRECT SHIP DOMESTIC,PAC00-14231,1-Jul-24,400
RANGER LLC,PRD:DSD:DSD-DIRECT SHIP DOMESTIC,PAC00-14231,1-Aug-24,
RANGER LLC,PRD:DSD:DSD-DIRECT SHIP DOMESTIC,PAC00-14231,1-Sep-24,
RANGER LLC,PRD:DSD:DSD-DIRECT SHIP DOMESTIC,PAC00-14231,1-Oct-24,
RANGER LLC,PRD:DSD:DSD-DIRECT SHIP DOMESTIC,PAC00-14231,1-Nov-24,
RANGER LLC,PRD:DSD:DSD-DIRECT SHIP DOMESTIC,PAC00-14231,1-Dec-24,
RANGER LLC,PRD:DSD:DSD-DIRECT SHIP DOMESTIC,PAC00-14231,1-Jan-25,
RANGER LLC,PRD:DSD:DSD-DIRECT SHIP DOMESTIC,PAC00-14231,1-Feb-25,
RANGER LLC,PRD:DSD:DSD-DIRECT SHIP DOMESTIC,PAC00-14231,1-Mar-25,
RANGER LLC,PRD:DSD:DSD-DIRECT SHIP DOMESTIC,PAC00-14231,1-Apr-25,
RANGER LLC,PRD:DSD:DSD-DIRECT SHIP DOMESTIC,PAC00-14231,1-May-25,
RANGER LLC,PRD:DSD:DSD-DIRECT SHIP DOMESTIC,PAC00-14231,1-Jun-25,
RANGER LLC,PRD:DSD:DSD-DIRECT SHIP DOMESTIC,PAC00-14231,1-Jul-25,
RANGER LLC,PRD:DSD:DSD-DIRECT SHIP DOMESTIC,PAC00-14231,1-Aug-25,
RANGER LLC,PRD:DSD:DSD-DIRECT SHIP DOMESTIC,PAC00-14231,1-Sep-25,
RANGER LLC,PRD:DSD:DSD-DIRECT SHIP DOMESTIC,PAC00-14231,1-Oct-25,
RANGER LLC,PRD:DSD:DSD-DIRECT SHIP DOMESTIC,PAC00-14231,1-Nov-25,
RANGER LLC,PRD:DSD:DSD-DIRECT SHIP DOMESTIC,PAC00-14231,1-Dec-25,
RANGER LLC,PRD:DSD:DSD-DIRECT SHIP DOMESTIC,PAC00-14231,1-Jan-26,
RANGER LLC,PRD:DSD:DSD-DIRECT SHIP DOMESTIC,PAC00-14231,1-Feb-26,
RANGER LLC,PRD:DSD:DSD-DIRECT SHIP DOMESTIC,PAC00-14231,1-Mar-26,
RANGER LLC,PRD:DSD:DSD-DIRECT SHIP DOMESTIC,PAC00-14231,1-Apr-26,
RIVERFRONT PETS,PRD:IND:IND-GEODIS WHSE IND US,PAC00-14231,1-May-23,
RIVERFRONT PETS,PRD:IND:IND-GEODIS WHSE IND US,PAC00-14231,1-Jun-23,
RIVERFRONT PETS,PRD:IND:IND-GEODIS WHSE IND US,PAC00-14231,1-Jul-23,3
RIVERFRONT PETS,PRD:IND:IND-GEODIS WHSE IND US,PAC00-14231,1-Aug-23,
RIVERFRONT PETS,PRD:IND:IND-GEODIS WHSE IND US,PAC00-14231,1-Sep-23,
RIVERFRONT PETS,PRD:IND:IND-GEODIS WHSE IND US,PAC00-14231,1-Oct-23,
RIVERFRONT PETS,PRD:IND:IND-GEODIS WHSE IND US,PAC00-14231,1-Nov-23,
RIVERFRONT PETS,PRD:IND:IND-GEODIS WHSE IND US,PAC00-14231,1-Dec-23,
RIVERFRONT PETS,PRD:IND:IND-GEODIS WHSE IND US,PAC00-14231,1-Jan-24,
RIVERFRONT PETS,PRD:IND:IND-GEODIS WHSE IND US,PAC00-14231,1-Feb-24,
RIVERFRONT PETS,PRD:IND:IND-GEODIS WHSE IND US,PAC00-14231,1-Mar-24,
RIVERFRONT PETS,PRD:IND:IND-GEODIS WHSE IND US,PAC00-14231,1-Apr-24,
RIVERFRONT PETS,PRD:IND:IND-GEODIS WHSE IND US,PAC00-14231,1-May-24,
RIVERFRONT PETS,PRD:IND:IND-GEODIS WHSE IND US,PAC00-14231,1-Jun-24,
RIVERFRONT PETS,PRD:IND:IND-GEODIS WHSE IND US,PAC00-14231,1-Jul-24,
RIVERFRONT PETS,PRD:IND:IND-GEODIS WHSE IND US,PAC00-14231,1-Aug-24,
RIVERFRONT PETS,PRD:IND:IND-GEODIS WHSE IND US,PAC00-14231,1-Sep-24,
RIVERFRONT PETS,PRD:IND:IND-GEODIS WHSE IND US,PAC00-14231,1-Oct-24,
RIVERFRONT PETS,PRD:IND:IND-GEODIS WHSE IND US,PAC00-14231,1-Nov-24,
RIVERFRONT PETS,PRD:IND:IND-GEODIS WHSE IND US,PAC00-14231,1-Dec-24,
RIVERFRONT PETS,PRD:IND:IND-GEODIS WHSE IND US,PAC00-14231,1-Jan-25,
RIVERFRONT PETS,PRD:IND:IND-GEODIS WHSE IND US,PAC00-14231,1-Feb-25,
RIVERFRONT PETS,PRD:IND:IND-GEODIS WHSE IND US,PAC00-14231,1-Mar-25,
RIVERFRONT PETS,PRD:IND:IND-GEODIS WHSE IND US,PAC00-14231,1-Apr-25,
RIVERFRONT PETS,PRD:IND:IND-GEODIS WHSE IND US,PAC00-14231,1-May-25,
RIVERFRONT PETS,PRD:IND:IND-GEODIS WHSE IND US,PAC00-14231,1-Jun-25,
RIVERFRONT PETS,PRD:IND:IND-GEODIS WHSE IND US,PAC00-14231,1-Jul-25,
RIVERFRONT PETS,PRD:IND:IND-GEODIS WHSE IND US,PAC00-14231,1-Aug-25,
RIVERFRONT PETS,PRD:IND:IND-GEODIS WHSE IND US,PAC00-14231,1-Sep-25,
RIVERFRONT PETS,PRD:IND:IND-GEODIS WHSE IND US,PAC00-14231,1-Oct-25,
RIVERFRONT PETS,PRD:IND:IND-GEODIS WHSE IND US,PAC00-14231,1-Nov-25,
RIVERFRONT PETS,PRD:IND:IND-GEODIS WHSE IND US,PAC00-14231,1-Dec-25,
RIVERFRONT PETS,PRD:IND:IND-GEODIS WHSE IND US,PAC00-14231,1-Jan-26,
RIVERFRONT PETS,PRD:IND:IND-GEODIS WHSE IND US,PAC00-14231,1-Feb-26,
RIVERFRONT PETS,PRD:IND:IND-GEODIS WHSE IND US,PAC00-14231,1-Mar-26,
RIVERFRONT PETS,PRD:IND:IND-GEODIS WHSE IND US,PAC00-14231,1-Apr-26,
RJ  PADDYWACKS,PRD:IND:IND-GEODIS WHSE IND US,PBC-1000,1-May-23,
RJ  PADDYWACKS,PRD:IND:IND-GEODIS WHSE IND US,PBC-1000,1-Jun-23,
RJ  PADDYWACKS,PRD:IND:IND-GEODIS WHSE IND US,PBC-1000,1-Jul-23,
RJ  PADDYWACKS,PRD:IND:IND-GEODIS WHSE IND US,PBC-1000,1-Aug-23,2
RJ  PADDYWACKS,PRD:IND:IND-GEODIS WHSE IND US,PBC-1000,1-Sep-23,
RJ  PADDYWACKS,PRD:IND:IND-GEODIS WHSE IND US,PBC-1000,1-Oct-23,
RJ  PADDYWACKS,PRD:IND:IND-GEODIS WHSE IND US,PBC-1000,1-Nov-23,
RJ  PADDYWACKS,PRD:IND:IND-GEODIS WHSE IND US,PBC-1000,1-Dec-23,
RJ  PADDYWACKS,PRD:IND:IND-GEODIS WHSE IND US,PBC-1000,1-Jan-24,
RJ  PADDYWACKS,PRD:IND:IND-GEODIS WHSE IND US,PBC-1000,1-Feb-24,
RJ  PADDYWACKS,PRD:IND:IND-GEODIS WHSE IND US,PBC-1000,1-Mar-24,
RJ  PADDYWACKS,PRD:IND:IND-GEODIS WHSE IND US,PBC-1000,1-Apr-24,
RJ  PADDYWACKS,PRD:IND:IND-GEODIS WHSE IND US,PBC-1000,1-May-24,
RJ  PADDYWACKS,PRD:IND:IND-GEODIS WHSE IND US,PBC-1000,1-Jun-24,
RJ  PADDYWACKS,PRD:IND:IND-GEODIS WHSE IND US,PBC-1000,1-Jul-24,
RJ  PADDYWACKS,PRD:IND:IND-GEODIS WHSE IND US,PBC-1000,1-Aug-24,4
RJ  PADDYWACKS,PRD:IND:IND-GEODIS WHSE IND US,PBC-1000,1-Sep-24,
RJ  PADDYWACKS,PRD:IND:IND-GEODIS WHSE IND US,PBC-1000,1-Oct-24,
RJ  PADDYWACKS,PRD:IND:IND-GEODIS WHSE IND US,PBC-1000,1-Nov-24,
RJ  PADDYWACKS,PRD:IND:IND-GEODIS WHSE IND US,PBC-1000,1-Dec-24,
RJ  PADDYWACKS,PRD:IND:IND-GEODIS WHSE IND US,PBC-1000,1-Jan-25,
RJ  PADDYWACKS,PRD:IND:IND-GEODIS WHSE IND US,PBC-1000,1-Feb-25,
RJ  PADDYWACKS,PRD:IND:IND-GEODIS WHSE IND US,PBC-1000,1-Mar-25,
RJ  PADDYWACKS,PRD:IND:IND-GEODIS WHSE IND US,PBC-1000,1-Apr-25,
RJ  PADDYWACKS,PRD:IND:IND-GEODIS WHSE IND US,PBC-1000,1-May-25,
RJ  PADDYWACKS,PRD:IND:IND-GEODIS WHSE IND US,PBC-1000,1-Jun-25,
RJ  PADDYWACKS,PRD:IND:IND-GEODIS WHSE IND US,PBC-1000,1-Jul-25,
RJ  PADDYWACKS,PRD:IND:IND-GEODIS WHSE IND US,PBC-1000,1-Aug-25,
RJ  PADDYWACKS,PRD:IND:IND-GEODIS WHSE IND US,PBC-1000,1-Sep-25,
RJ  PADDYWACKS,PRD:IND:IND-GEODIS WHSE IND US,PBC-1000,1-Oct-25,
RJ  PADDYWACKS,PRD:IND:IND-GEODIS WHSE IND US,PBC-1000,1-Nov-25,
RJ  PADDYWACKS,PRD:IND:IND-GEODIS WHSE IND US,PBC-1000,1-Dec-25,
RJ  PADDYWACKS,PRD:IND:IND-GEODIS WHSE IND US,PBC-1000,1-Jan-26,
RJ  PADDYWACKS,PRD:IND:IND-GEODIS WHSE IND US,PBC-1000,1-Feb-26,
RJ  PADDYWACKS,PRD:IND:IND-GEODIS WHSE IND US,PBC-1000,1-Mar-26,
RJ  PADDYWACKS,PRD:IND:IND-GEODIS WHSE IND US,PBC-1000,1-Apr-26,
RSC INSIDE SALES PET PROF,PRD:IND:IND-GEODIS WHSE IND US,PAC00-14231,1-May-23,
RSC INSIDE SALES PET PROF,PRD:IND:IND-GEODIS WHSE IND US,PAC00-14231,1-Jun-23,
RSC INSIDE SALES PET PROF,PRD:IND:IND-GEODIS WHSE IND US,PAC00-14231,1-Jul-23,
RSC INSIDE SALES PET PROF,PRD:IND:IND-GEODIS WHSE IND US,PAC00-14231,1-Aug-23,
RSC INSIDE SALES PET PROF,PRD:IND:IND-GEODIS WHSE IND US,PAC00-14231,1-Sep-23,
RSC INSIDE SALES PET PROF,PRD:IND:IND-GEODIS WHSE IND US,PAC00-14231,1-Oct-23,
RSC INSIDE SALES PET PROF,PRD:IND:IND-GEODIS WHSE IND US,PAC00-14231,1-Nov-23,
RSC INSIDE SALES PET PROF,PRD:IND:IND-GEODIS WHSE IND US,PAC00-14231,1-Dec-23,
RSC INSIDE SALES PET PROF,PRD:IND:IND-GEODIS WHSE IND US,PAC00-14231,1-Jan-24,
RSC INSIDE SALES PET PROF,PRD:IND:IND-GEODIS WHSE IND US,PAC00-14231,1-Feb-24,
RSC INSIDE SALES PET PROF,PRD:IND:IND-GEODIS WHSE IND US,PAC00-14231,1-Mar-24,
RSC INSIDE SALES PET PROF,PRD:IND:IND-GEODIS WHSE IND US,PAC00-14231,1-Apr-24,
RSC INSIDE SALES PET PROF,PRD:IND:IND-GEODIS WHSE IND US,PAC00-14231,1-May-24,
RSC INSIDE SALES PET PROF,PRD:IND:IND-GEODIS WHSE IND US,PAC00-14231,1-Jun-24,
RSC INSIDE SALES PET PROF,PRD:IND:IND-GEODIS WHSE IND US,PAC00-14231,1-Jul-24,
RSC INSIDE SALES PET PROF,PRD:IND:IND-GEODIS WHSE IND US,PAC00-14231,1-Aug-24,
RSC INSIDE SALES PET PROF,PRD:IND:IND-GEODIS WHSE IND US,PAC00-14231,1-Sep-24,
RSC INSIDE SALES PET PROF,PRD:IND:IND-GEODIS WHSE IND US,PAC00-14231,1-Oct-24,
RSC INSIDE SALES PET PROF,PRD:IND:IND-GEODIS WHSE IND US,PAC00-14231,1-Nov-24,
RSC INSIDE SALES PET PROF,PRD:IND:IND-GEODIS WHSE IND US,PAC00-14231,1-Dec-24,
RSC INSIDE SALES PET PROF,PRD:IND:IND-GEODIS WHSE IND US,PAC00-14231,1-Jan-25,4
RSC INSIDE SALES PET PROF,PRD:IND:IND-GEODIS WHSE IND US,PAC00-14231,1-Feb-25,
RSC INSIDE SALES PET PROF,PRD:IND:IND-GEODIS WHSE IND US,PAC00-14231,1-Mar-25,
RSC INSIDE SALES PET PROF,PRD:IND:IND-GEODIS WHSE IND US,PAC00-14231,1-Apr-25,
RSC INSIDE SALES PET PROF,PRD:IND:IND-GEODIS WHSE IND US,PAC00-14231,1-May-25,
RSC INSIDE SALES PET PROF,PRD:IND:IND-GEODIS WHSE IND US,PAC00-14231,1-Jun-25,
RSC INSIDE SALES PET PROF,PRD:IND:IND-GEODIS WHSE IND US,PAC00-14231,1-Jul-25,
RSC INSIDE SALES PET PROF,PRD:IND:IND-GEODIS WHSE IND US,PAC00-14231,1-Aug-25,
RSC INSIDE SALES PET PROF,PRD:IND:IND-GEODIS WHSE IND US,PAC00-14231,1-Sep-25,
RSC INSIDE SALES PET PROF,PRD:IND:IND-GEODIS WHSE IND US,PAC00-14231,1-Oct-25,
RSC INSIDE SALES PET PROF,PRD:IND:IND-GEODIS WHSE IND US,PAC00-14231,1-Nov-25,
RSC INSIDE SALES PET PROF,PRD:IND:IND-GEODIS WHSE IND US,PAC00-14231,1-Dec-25,
RSC INSIDE SALES PET PROF,PRD:IND:IND-GEODIS WHSE IND US,PAC00-14231,1-Jan-26,
RSC INSIDE SALES PET PROF,PRD:IND:IND-GEODIS WHSE IND US,PAC00-14231,1-Feb-26,
RSC INSIDE SALES PET PROF,PRD:IND:IND-GEODIS WHSE IND US,PAC00-14231,1-Mar-26,
RSC INSIDE SALES PET PROF,PRD:IND:IND-GEODIS WHSE IND US,PAC00-14231,1-Apr-26,1
RUFF LUXURY INN AT THE DUNESBH,PRD:IND:IND-GEODIS WHSE IND US,PBC-1000,1-May-23,
RUFF LUXURY INN AT THE DUNESBH,PRD:IND:IND-GEODIS WHSE IND US,PBC-1000,1-Jun-23,
RUFF LUXURY INN AT THE DUNESBH,PRD:IND:IND-GEODIS WHSE IND US,PBC-1000,1-Jul-23,
RUFF LUXURY INN AT THE DUNESBH,PRD:IND:IND-GEODIS WHSE IND US,PBC-1000,1-Aug-23,1
RUFF LUXURY INN AT THE DUNESBH,PRD:IND:IND-GEODIS WHSE IND US,PBC-1000,1-Sep-23,
RUFF LUXURY INN AT THE DUNESBH,PRD:IND:IND-GEODIS WHSE IND US,PBC-1000,1-Oct-23,
RUFF LUXURY INN AT THE DUNESBH,PRD:IND:IND-GEODIS WHSE IND US,PBC-1000,1-Nov-23,
RUFF LUXURY INN AT THE DUNESBH,PRD:IND:IND-GEODIS WHSE IND US,PBC-1000,1-Dec-23,
RUFF LUXURY INN AT THE DUNESBH,PRD:IND:IND-GEODIS WHSE IND US,PBC-1000,1-Jan-24,
RUFF LUXURY INN AT THE DUNESBH,PRD:IND:IND-GEODIS WHSE IND US,PBC-1000,1-Feb-24,
RUFF LUXURY INN AT THE DUNESBH,PRD:IND:IND-GEODIS WHSE IND US,PBC-1000,1-Mar-24,
RUFF LUXURY INN AT THE DUNESBH,PRD:IND:IND-GEODIS WHSE IND US,PBC-1000,1-Apr-24,
RUFF LUXURY INN AT THE DUNESBH,PRD:IND:IND-GEODIS WHSE IND US,PBC-1000,1-May-24,
RUFF LUXURY INN AT THE DUNESBH,PRD:IND:IND-GEODIS WHSE IND US,PBC-1000,1-Jun-24,
RUFF LUXURY INN AT THE DUNESBH,PRD:IND:IND-GEODIS WHSE IND US,PBC-1000,1-Jul-24,
RUFF LUXURY INN AT THE DUNESBH,PRD:IND:IND-GEODIS WHSE IND US,PBC-1000,1-Aug-24,
RUFF LUXURY INN AT THE DUNESBH,PRD:IND:IND-GEODIS WHSE IND US,PBC-1000,1-Sep-24,
RUFF LUXURY INN AT THE DUNESBH,PRD:IND:IND-GEODIS WHSE IND US,PBC-1000,1-Oct-24,
RUFF LUXURY INN AT THE DUNESBH,PRD:IND:IND-GEODIS WHSE IND US,PBC-1000,1-Nov-24,
RUFF LUXURY INN AT THE DUNESBH,PRD:IND:IND-GEODIS WHSE IND US,PBC-1000,1-Dec-24,
RUFF LUXURY INN AT THE DUNESBH,PRD:IND:IND-GEODIS WHSE IND US,PBC-1000,1-Jan-25,
RUFF LUXURY INN AT THE DUNESBH,PRD:IND:IND-GEODIS WHSE IND US,PBC-1000,1-Feb-25,
RUFF LUXURY INN AT THE DUNESBH,PRD:IND:IND-GEODIS WHSE IND US,PBC-1000,1-Mar-25,
RUFF LUXURY INN AT THE DUNESBH,PRD:IND:IND-GEODIS WHSE IND US,PBC-1000,1-Apr-25,
RUFF LUXURY INN AT THE DUNESBH,PRD:IND:IND-GEODIS WHSE IND US,PBC-1000,1-May-25,
RUFF LUXURY INN AT THE DUNESBH,PRD:IND:IND-GEODIS WHSE IND US,PBC-1000,1-Jun-25,
RUFF LUXURY INN AT THE DUNESBH,PRD:IND:IND-GEODIS WHSE IND US,PBC-1000,1-Jul-25,
RUFF LUXURY INN AT THE DUNESBH,PRD:IND:IND-GEODIS WHSE IND US,PBC-1000,1-Aug-25,
RUFF LUXURY INN AT THE DUNESBH,PRD:IND:IND-GEODIS WHSE IND US,PBC-1000,1-Sep-25,
RUFF LUXURY INN AT THE DUNESBH,PRD:IND:IND-GEODIS WHSE IND US,PBC-1000,1-Oct-25,
RUFF LUXURY INN AT THE DUNESBH,PRD:IND:IND-GEODIS WHSE IND US,PBC-1000,1-Nov-25,
RUFF LUXURY INN AT THE DUNESBH,PRD:IND:IND-GEODIS WHSE IND US,PBC-1000,1-Dec-25,
RUFF LUXURY INN AT THE DUNESBH,PRD:IND:IND-GEODIS WHSE IND US,PBC-1000,1-Jan-26,
RUFF LUXURY INN AT THE DUNESBH,PRD:IND:IND-GEODIS WHSE IND US,PBC-1000,1-Feb-26,
RUFF LUXURY INN AT THE DUNESBH,PRD:IND:IND-GEODIS WHSE IND US,PBC-1000,1-Mar-26,
RUFF LUXURY INN AT THE DUNESBH,PRD:IND:IND-GEODIS WHSE IND US,PBC-1000,1-Apr-26,
RURAL KING,PRD:IND:IND-GEODIS WHSE IND US,PAC00-14231,1-May-23,
RURAL KING,PRD:IND:IND-GEODIS WHSE IND US,PAC00-14231,1-Jun-23,
RURAL KING,PRD:IND:IND-GEODIS WHSE IND US,PAC00-14231,1-Jul-23,
RURAL KING,PRD:IND:IND-GEODIS WHSE IND US,PAC00-14231,1-Aug-23,
RURAL KING,PRD:IND:IND-GEODIS WHSE IND US,PAC00-14231,1-Sep-23,
RURAL KING,PRD:IND:IND-GEODIS WHSE IND US,PAC00-14231,1-Oct-23,
RURAL KING,PRD:IND:IND-GEODIS WHSE IND US,PAC00-14231,1-Nov-23,
RURAL KING,PRD:IND:IND-GEODIS WHSE IND US,PAC00-14231,1-Dec-23,
RURAL KING,PRD:IND:IND-GEODIS WHSE IND US,PAC00-14231,1-Jan-24,
RURAL KING,PRD:IND:IND-GEODIS WHSE IND US,PAC00-14231,1-Feb-24,
RURAL KING,PRD:IND:IND-GEODIS WHSE IND US,PAC00-14231,1-Mar-24,
RURAL KING,PRD:IND:IND-GEODIS WHSE IND US,PAC00-14231,1-Apr-24,
RURAL KING,PRD:IND:IND-GEODIS WHSE IND US,PAC00-14231,1-May-24,
RURAL KING,PRD:IND:IND-GEODIS WHSE IND US,PAC00-14231,1-Jun-24,
RURAL KING,PRD:IND:IND-GEODIS WHSE IND US,PAC00-14231,1-Jul-24,
RURAL KING,PRD:IND:IND-GEODIS WHSE IND US,PAC00-14231,1-Aug-24,
RURAL KING,PRD:IND:IND-GEODIS WHSE IND US,PAC00-14231,1-Sep-24,
RURAL KING,PRD:IND:IND-GEODIS WHSE IND US,PAC00-14231,1-Oct-24,
RURAL KING,PRD:IND:IND-GEODIS WHSE IND US,PAC00-14231,1-Nov-24,
RURAL KING,PRD:IND:IND-GEODIS WHSE IND US,PAC00-14231,1-Dec-24,
RURAL KING,PRD:IND:IND-GEODIS WHSE IND US,PAC00-14231,1-Jan-25,
RURAL KING,PRD:IND:IND-GEODIS WHSE IND US,PAC00-14231,1-Feb-25,
RURAL KING,PRD:IND:IND-GEODIS WHSE IND US,PAC00-14231,1-Mar-25,
RURAL KING,PRD:IND:IND-GEODIS WHSE IND US,PAC00-14231,1-Apr-25,
RURAL KING,PRD:IND:IND-GEODIS WHSE IND US,PAC00-14231,1-May-25,
RURAL KING,PRD:IND:IND-GEODIS WHSE IND US,PAC00-14231,1-Jun-25,
RURAL KING,PRD:IND:IND-GEODIS WHSE IND US,PAC00-14231,1-Jul-25,495
RURAL KING,PRD:IND:IND-GEODIS WHSE IND US,PAC00-14231,1-Aug-25,1
RURAL KING,PRD:IND:IND-GEODIS WHSE IND US,PAC00-14231,1-Sep-25,130
RURAL KING,PRD:IND:IND-GEODIS WHSE IND US,PAC00-14231,1-Oct-25,67
RURAL KING,PRD:IND:IND-GEODIS WHSE IND US,PAC00-14231,1-Nov-25,94
RURAL KING,PRD:IND:IND-GEODIS WHSE IND US,PAC00-14231,1-Dec-25,89
RURAL KING,PRD:IND:IND-GEODIS WHSE IND US,PAC00-14231,1-Jan-26,70
RURAL KING,PRD:IND:IND-GEODIS WHSE IND US,PAC00-14231,1-Feb-26,72
RURAL KING,PRD:IND:IND-GEODIS WHSE IND US,PAC00-14231,1-Mar-26,109
RURAL KING,PRD:IND:IND-GEODIS WHSE IND US,PAC00-14231,1-Apr-26,54
RURAL KING,PRD:IND:IND-GEODIS WHSE IND US,PBC-1000,1-May-23,
RURAL KING,PRD:IND:IND-GEODIS WHSE IND US,PBC-1000,1-Jun-23,
RURAL KING,PRD:IND:IND-GEODIS WHSE IND US,PBC-1000,1-Jul-23,
RURAL KING,PRD:IND:IND-GEODIS WHSE IND US,PBC-1000,1-Aug-23,798
RURAL KING,PRD:IND:IND-GEODIS WHSE IND US,PBC-1000,1-Sep-23,6
RURAL KING,PRD:IND:IND-GEODIS WHSE IND US,PBC-1000,1-Oct-23,
RURAL KING,PRD:IND:IND-GEODIS WHSE IND US,PBC-1000,1-Nov-23,
RURAL KING,PRD:IND:IND-GEODIS WHSE IND US,PBC-1000,1-Dec-23,
RURAL KING,PRD:IND:IND-GEODIS WHSE IND US,PBC-1000,1-Jan-24,414
RURAL KING,PRD:IND:IND-GEODIS WHSE IND US,PBC-1000,1-Feb-24,192
RURAL KING,PRD:IND:IND-GEODIS WHSE IND US,PBC-1000,1-Mar-24,174
RURAL KING,PRD:IND:IND-GEODIS WHSE IND US,PBC-1000,1-Apr-24,72
RURAL KING,PRD:IND:IND-GEODIS WHSE IND US,PBC-1000,1-May-24,192
RURAL KING,PRD:IND:IND-GEODIS WHSE IND US,PBC-1000,1-Jun-24,120
RURAL KING,PRD:IND:IND-GEODIS WHSE IND US,PBC-1000,1-Jul-24,87
RURAL KING,PRD:IND:IND-GEODIS WHSE IND US,PBC-1000,1-Aug-24,104
RURAL KING,PRD:IND:IND-GEODIS WHSE IND US,PBC-1000,1-Sep-24,53
RURAL KING,PRD:IND:IND-GEODIS WHSE IND US,PBC-1000,1-Oct-24,19
RURAL KING,PRD:IND:IND-GEODIS WHSE IND US,PBC-1000,1-Nov-24,
RURAL KING,PRD:IND:IND-GEODIS WHSE IND US,PBC-1000,1-Dec-24,
RURAL KING,PRD:IND:IND-GEODIS WHSE IND US,PBC-1000,1-Jan-25,4
RURAL KING,PRD:IND:IND-GEODIS WHSE IND US,PBC-1000,1-Feb-25,4
RURAL KING,PRD:IND:IND-GEODIS WHSE IND US,PBC-1000,1-Mar-25,
RURAL KING,PRD:IND:IND-GEODIS WHSE IND US,PBC-1000,1-Apr-25,
RURAL KING,PRD:IND:IND-GEODIS WHSE IND US,PBC-1000,1-May-25,
RURAL KING,PRD:IND:IND-GEODIS WHSE IND US,PBC-1000,1-Jun-25,8
RURAL KING,PRD:IND:IND-GEODIS WHSE IND US,PBC-1000,1-Jul-25,
RURAL KING,PRD:IND:IND-GEODIS WHSE IND US,PBC-1000,1-Aug-25,
RURAL KING,PRD:IND:IND-GEODIS WHSE IND US,PBC-1000,1-Sep-25,
RURAL KING,PRD:IND:IND-GEODIS WHSE IND US,PBC-1000,1-Oct-25,
RURAL KING,PRD:IND:IND-GEODIS WHSE IND US,PBC-1000,1-Nov-25,
RURAL KING,PRD:IND:IND-GEODIS WHSE IND US,PBC-1000,1-Dec-25,
RURAL KING,PRD:IND:IND-GEODIS WHSE IND US,PBC-1000,1-Jan-26,
RURAL KING,PRD:IND:IND-GEODIS WHSE IND US,PBC-1000,1-Feb-26,
RURAL KING,PRD:IND:IND-GEODIS WHSE IND US,PBC-1000,1-Mar-26,
RURAL KING,PRD:IND:IND-GEODIS WHSE IND US,PBC-1000,1-Apr-26,
RYANS PET SUPPLIES,PRD:IND:IND-GEODIS WHSE IND US,PBC-1000,1-May-23,5
RYANS PET SUPPLIES,PRD:IND:IND-GEODIS WHSE IND US,PBC-1000,1-Jun-23,
RYANS PET SUPPLIES,PRD:IND:IND-GEODIS WHSE IND US,PBC-1000,1-Jul-23,
RYANS PET SUPPLIES,PRD:IND:IND-GEODIS WHSE IND US,PBC-1000,1-Aug-23,6
RYANS PET SUPPLIES,PRD:IND:IND-GEODIS WHSE IND US,PBC-1000,1-Sep-23,
RYANS PET SUPPLIES,PRD:IND:IND-GEODIS WHSE IND US,PBC-1000,1-Oct-23,
RYANS PET SUPPLIES,PRD:IND:IND-GEODIS WHSE IND US,PBC-1000,1-Nov-23,
RYANS PET SUPPLIES,PRD:IND:IND-GEODIS WHSE IND US,PBC-1000,1-Dec-23,
RYANS PET SUPPLIES,PRD:IND:IND-GEODIS WHSE IND US,PBC-1000,1-Jan-24,
RYANS PET SUPPLIES,PRD:IND:IND-GEODIS WHSE IND US,PBC-1000,1-Feb-24,
RYANS PET SUPPLIES,PRD:IND:IND-GEODIS WHSE IND US,PBC-1000,1-Mar-24,
RYANS PET SUPPLIES,PRD:IND:IND-GEODIS WHSE IND US,PBC-1000,1-Apr-24,
RYANS PET SUPPLIES,PRD:IND:IND-GEODIS WHSE IND US,PBC-1000,1-May-24,
RYANS PET SUPPLIES,PRD:IND:IND-GEODIS WHSE IND US,PBC-1000,1-Jun-24,
RYANS PET SUPPLIES,PRD:IND:IND-GEODIS WHSE IND US,PBC-1000,1-Jul-24,
RYANS PET SUPPLIES,PRD:IND:IND-GEODIS WHSE IND US,PBC-1000,1-Aug-24,
RYANS PET SUPPLIES,PRD:IND:IND-GEODIS WHSE IND US,PBC-1000,1-Sep-24,
RYANS PET SUPPLIES,PRD:IND:IND-GEODIS WHSE IND US,PBC-1000,1-Oct-24,
RYANS PET SUPPLIES,PRD:IND:IND-GEODIS WHSE IND US,PBC-1000,1-Nov-24,
RYANS PET SUPPLIES,PRD:IND:IND-GEODIS WHSE IND US,PBC-1000,1-Dec-24,
RYANS PET SUPPLIES,PRD:IND:IND-GEODIS WHSE IND US,PBC-1000,1-Jan-25,
RYANS PET SUPPLIES,PRD:IND:IND-GEODIS WHSE IND US,PBC-1000,1-Feb-25,
RYANS PET SUPPLIES,PRD:IND:IND-GEODIS WHSE IND US,PBC-1000,1-Mar-25,
RYANS PET SUPPLIES,PRD:IND:IND-GEODIS WHSE IND US,PBC-1000,1-Apr-25,
RYANS PET SUPPLIES,PRD:IND:IND-GEODIS WHSE IND US,PBC-1000,1-May-25,
RYANS PET SUPPLIES,PRD:IND:IND-GEODIS WHSE IND US,PBC-1000,1-Jun-25,
RYANS PET SUPPLIES,PRD:IND:IND-GEODIS WHSE IND US,PBC-1000,1-Jul-25,
RYANS PET SUPPLIES,PRD:IND:IND-GEODIS WHSE IND US,PBC-1000,1-Aug-25,
RYANS PET SUPPLIES,PRD:IND:IND-GEODIS WHSE IND US,PBC-1000,1-Sep-25,
RYANS PET SUPPLIES,PRD:IND:IND-GEODIS WHSE IND US,PBC-1000,1-Oct-25,
RYANS PET SUPPLIES,PRD:IND:IND-GEODIS WHSE IND US,PBC-1000,1-Nov-25,
RYANS PET SUPPLIES,PRD:IND:IND-GEODIS WHSE IND US,PBC-1000,1-Dec-25,
RYANS PET SUPPLIES,PRD:IND:IND-GEODIS WHSE IND US,PBC-1000,1-Jan-26,
RYANS PET SUPPLIES,PRD:IND:IND-GEODIS WHSE IND US,PBC-1000,1-Feb-26,
RYANS PET SUPPLIES,PRD:IND:IND-GEODIS WHSE IND US,PBC-1000,1-Mar-26,
RYANS PET SUPPLIES,PRD:IND:IND-GEODIS WHSE IND US,PBC-1000,1-Apr-26,
SADDLEWORLD IPSWICH,PRD:AU1:AU1-AUSTRALIA B2B B2C INV ORG,PAC00-14231,1-May-23,
SADDLEWORLD IPSWICH,PRD:AU1:AU1-AUSTRALIA B2B B2C INV ORG,PAC00-14231,1-Jun-23,
SADDLEWORLD IPSWICH,PRD:AU1:AU1-AUSTRALIA B2B B2C INV ORG,PAC00-14231,1-Jul-23,
SADDLEWORLD IPSWICH,PRD:AU1:AU1-AUSTRALIA B2B B2C INV ORG,PAC00-14231,1-Aug-23,
SADDLEWORLD IPSWICH,PRD:AU1:AU1-AUSTRALIA B2B B2C INV ORG,PAC00-14231,1-Sep-23,
SADDLEWORLD IPSWICH,PRD:AU1:AU1-AUSTRALIA B2B B2C INV ORG,PAC00-14231,1-Oct-23,
SADDLEWORLD IPSWICH,PRD:AU1:AU1-AUSTRALIA B2B B2C INV ORG,PAC00-14231,1-Nov-23,
SADDLEWORLD IPSWICH,PRD:AU1:AU1-AUSTRALIA B2B B2C INV ORG,PAC00-14231,1-Dec-23,
SADDLEWORLD IPSWICH,PRD:AU1:AU1-AUSTRALIA B2B B2C INV ORG,PAC00-14231,1-Jan-24,
SADDLEWORLD IPSWICH,PRD:AU1:AU1-AUSTRALIA B2B B2C INV ORG,PAC00-14231,1-Feb-24,
SADDLEWORLD IPSWICH,PRD:AU1:AU1-AUSTRALIA B2B B2C INV ORG,PAC00-14231,1-Mar-24,
SADDLEWORLD IPSWICH,PRD:AU1:AU1-AUSTRALIA B2B B2C INV ORG,PAC00-14231,1-Apr-24,
SADDLEWORLD IPSWICH,PRD:AU1:AU1-AUSTRALIA B2B B2C INV ORG,PAC00-14231,1-May-24,
SADDLEWORLD IPSWICH,PRD:AU1:AU1-AUSTRALIA B2B B2C INV ORG,PAC00-14231,1-Jun-24,
SADDLEWORLD IPSWICH,PRD:AU1:AU1-AUSTRALIA B2B B2C INV ORG,PAC00-14231,1-Jul-24,
SADDLEWORLD IPSWICH,PRD:AU1:AU1-AUSTRALIA B2B B2C INV ORG,PAC00-14231,1-Aug-24,
SADDLEWORLD IPSWICH,PRD:AU1:AU1-AUSTRALIA B2B B2C INV ORG,PAC00-14231,1-Sep-24,
SADDLEWORLD IPSWICH,PRD:AU1:AU1-AUSTRALIA B2B B2C INV ORG,PAC00-14231,1-Oct-24,
SADDLEWORLD IPSWICH,PRD:AU1:AU1-AUSTRALIA B2B B2C INV ORG,PAC00-14231,1-Nov-24,
SADDLEWORLD IPSWICH,PRD:AU1:AU1-AUSTRALIA B2B B2C INV ORG,PAC00-14231,1-Dec-24,
SADDLEWORLD IPSWICH,PRD:AU1:AU1-AUSTRALIA B2B B2C INV ORG,PAC00-14231,1-Jan-25,
SADDLEWORLD IPSWICH,PRD:AU1:AU1-AUSTRALIA B2B B2C INV ORG,PAC00-14231,1-Feb-25,
SADDLEWORLD IPSWICH,PRD:AU1:AU1-AUSTRALIA B2B B2C INV ORG,PAC00-14231,1-Mar-25,
SADDLEWORLD IPSWICH,PRD:AU1:AU1-AUSTRALIA B2B B2C INV ORG,PAC00-14231,1-Apr-25,4
SADDLEWORLD IPSWICH,PRD:AU1:AU1-AUSTRALIA B2B B2C INV ORG,PAC00-14231,1-May-25,
SADDLEWORLD IPSWICH,PRD:AU1:AU1-AUSTRALIA B2B B2C INV ORG,PAC00-14231,1-Jun-25,
SADDLEWORLD IPSWICH,PRD:AU1:AU1-AUSTRALIA B2B B2C INV ORG,PAC00-14231,1-Jul-25,
SADDLEWORLD IPSWICH,PRD:AU1:AU1-AUSTRALIA B2B B2C INV ORG,PAC00-14231,1-Aug-25,
SADDLEWORLD IPSWICH,PRD:AU1:AU1-AUSTRALIA B2B B2C INV ORG,PAC00-14231,1-Sep-25,3
SADDLEWORLD IPSWICH,PRD:AU1:AU1-AUSTRALIA B2B B2C INV ORG,PAC00-14231,1-Oct-25,
SADDLEWORLD IPSWICH,PRD:AU1:AU1-AUSTRALIA B2B B2C INV ORG,PAC00-14231,1-Nov-25,
SADDLEWORLD IPSWICH,PRD:AU1:AU1-AUSTRALIA B2B B2C INV ORG,PAC00-14231,1-Dec-25,
SADDLEWORLD IPSWICH,PRD:AU1:AU1-AUSTRALIA B2B B2C INV ORG,PAC00-14231,1-Jan-26,
SADDLEWORLD IPSWICH,PRD:AU1:AU1-AUSTRALIA B2B B2C INV ORG,PAC00-14231,1-Feb-26,5
SADDLEWORLD IPSWICH,PRD:AU1:AU1-AUSTRALIA B2B B2C INV ORG,PAC00-14231,1-Mar-26,
SADDLEWORLD IPSWICH,PRD:AU1:AU1-AUSTRALIA B2B B2C INV ORG,PAC00-14231,1-Apr-26,
SATCHELS LAST RESORT,PRD:IND:IND-GEODIS WHSE IND US,PBC-1000,1-May-23,
SATCHELS LAST RESORT,PRD:IND:IND-GEODIS WHSE IND US,PBC-1000,1-Jun-23,
SATCHELS LAST RESORT,PRD:IND:IND-GEODIS WHSE IND US,PBC-1000,1-Jul-23,
SATCHELS LAST RESORT,PRD:IND:IND-GEODIS WHSE IND US,PBC-1000,1-Aug-23,
SATCHELS LAST RESORT,PRD:IND:IND-GEODIS WHSE IND US,PBC-1000,1-Sep-23,
SATCHELS LAST RESORT,PRD:IND:IND-GEODIS WHSE IND US,PBC-1000,1-Oct-23,
SATCHELS LAST RESORT,PRD:IND:IND-GEODIS WHSE IND US,PBC-1000,1-Nov-23,
SATCHELS LAST RESORT,PRD:IND:IND-GEODIS WHSE IND US,PBC-1000,1-Dec-23,
SATCHELS LAST RESORT,PRD:IND:IND-GEODIS WHSE IND US,PBC-1000,1-Jan-24,
SATCHELS LAST RESORT,PRD:IND:IND-GEODIS WHSE IND US,PBC-1000,1-Feb-24,
SATCHELS LAST RESORT,PRD:IND:IND-GEODIS WHSE IND US,PBC-1000,1-Mar-24,
SATCHELS LAST RESORT,PRD:IND:IND-GEODIS WHSE IND US,PBC-1000,1-Apr-24,
SATCHELS LAST RESORT,PRD:IND:IND-GEODIS WHSE IND US,PBC-1000,1-May-24,
SATCHELS LAST RESORT,PRD:IND:IND-GEODIS WHSE IND US,PBC-1000,1-Jun-24,
SATCHELS LAST RESORT,PRD:IND:IND-GEODIS WHSE IND US,PBC-1000,1-Jul-24,
SATCHELS LAST RESORT,PRD:IND:IND-GEODIS WHSE IND US,PBC-1000,1-Aug-24,
SATCHELS LAST RESORT,PRD:IND:IND-GEODIS WHSE IND US,PBC-1000,1-Sep-24,
SATCHELS LAST RESORT,PRD:IND:IND-GEODIS WHSE IND US,PBC-1000,1-Oct-24,
SATCHELS LAST RESORT,PRD:IND:IND-GEODIS WHSE IND US,PBC-1000,1-Nov-24,
SATCHELS LAST RESORT,PRD:IND:IND-GEODIS WHSE IND US,PBC-1000,1-Dec-24,
SATCHELS LAST RESORT,PRD:IND:IND-GEODIS WHSE IND US,PBC-1000,1-Jan-25,
SATCHELS LAST RESORT,PRD:IND:IND-GEODIS WHSE IND US,PBC-1000,1-Feb-25,
SATCHELS LAST RESORT,PRD:IND:IND-GEODIS WHSE IND US,PBC-1000,1-Mar-25,
SATCHELS LAST RESORT,PRD:IND:IND-GEODIS WHSE IND US,PBC-1000,1-Apr-25,
SATCHELS LAST RESORT,PRD:IND:IND-GEODIS WHSE IND US,PBC-1000,1-May-25,
SATCHELS LAST RESORT,PRD:IND:IND-GEODIS WHSE IND US,PBC-1000,1-Jun-25,
SATCHELS LAST RESORT,PRD:IND:IND-GEODIS WHSE IND US,PBC-1000,1-Jul-25,
SATCHELS LAST RESORT,PRD:IND:IND-GEODIS WHSE IND US,PBC-1000,1-Aug-25,
SATCHELS LAST RESORT,PRD:IND:IND-GEODIS WHSE IND US,PBC-1000,1-Sep-25,
SATCHELS LAST RESORT,PRD:IND:IND-GEODIS WHSE IND US,PBC-1000,1-Oct-25,
SATCHELS LAST RESORT,PRD:IND:IND-GEODIS WHSE IND US,PBC-1000,1-Nov-25,
SATCHELS LAST RESORT,PRD:IND:IND-GEODIS WHSE IND US,PBC-1000,1-Dec-25,
SATCHELS LAST RESORT,PRD:IND:IND-GEODIS WHSE IND US,PBC-1000,1-Jan-26,
SATCHELS LAST RESORT,PRD:IND:IND-GEODIS WHSE IND US,PBC-1000,1-Feb-26,
SATCHELS LAST RESORT,PRD:IND:IND-GEODIS WHSE IND US,PBC-1000,1-Mar-26,
SATCHELS LAST RESORT,PRD:IND:IND-GEODIS WHSE IND US,PBC-1000,1-Apr-26,1
SCHEELS ALL SPORTS,PRD:IND:IND-GEODIS WHSE IND US,PBC-1000,1-May-23,44
SCHEELS ALL SPORTS,PRD:IND:IND-GEODIS WHSE IND US,PBC-1000,1-Jun-23,42
SCHEELS ALL SPORTS,PRD:IND:IND-GEODIS WHSE IND US,PBC-1000,1-Jul-23,48
SCHEELS ALL SPORTS,PRD:IND:IND-GEODIS WHSE IND US,PBC-1000,1-Aug-23,30
SCHEELS ALL SPORTS,PRD:IND:IND-GEODIS WHSE IND US,PBC-1000,1-Sep-23,24
SCHEELS ALL SPORTS,PRD:IND:IND-GEODIS WHSE IND US,PBC-1000,1-Oct-23,24
SCHEELS ALL SPORTS,PRD:IND:IND-GEODIS WHSE IND US,PBC-1000,1-Nov-23,48
SCHEELS ALL SPORTS,PRD:IND:IND-GEODIS WHSE IND US,PBC-1000,1-Dec-23,24
SCHEELS ALL SPORTS,PRD:IND:IND-GEODIS WHSE IND US,PBC-1000,1-Jan-24,30
SCHEELS ALL SPORTS,PRD:IND:IND-GEODIS WHSE IND US,PBC-1000,1-Feb-24,18
SCHEELS ALL SPORTS,PRD:IND:IND-GEODIS WHSE IND US,PBC-1000,1-Mar-24,18
SCHEELS ALL SPORTS,PRD:IND:IND-GEODIS WHSE IND US,PBC-1000,1-Apr-24,19
SCHEELS ALL SPORTS,PRD:IND:IND-GEODIS WHSE IND US,PBC-1000,1-May-24,24
SCHEELS ALL SPORTS,PRD:IND:IND-GEODIS WHSE IND US,PBC-1000,1-Jun-24,36
SCHEELS ALL SPORTS,PRD:IND:IND-GEODIS WHSE IND US,PBC-1000,1-Jul-24,36
SCHEELS ALL SPORTS,PRD:IND:IND-GEODIS WHSE IND US,PBC-1000,1-Aug-24,54
SCHEELS ALL SPORTS,PRD:IND:IND-GEODIS WHSE IND US,PBC-1000,1-Sep-24,18
SCHEELS ALL SPORTS,PRD:IND:IND-GEODIS WHSE IND US,PBC-1000,1-Oct-24,24
SCHEELS ALL SPORTS,PRD:IND:IND-GEODIS WHSE IND US,PBC-1000,1-Nov-24,6
SCHEELS ALL SPORTS,PRD:IND:IND-GEODIS WHSE IND US,PBC-1000,1-Dec-24,12
SCHEELS ALL SPORTS,PRD:IND:IND-GEODIS WHSE IND US,PBC-1000,1-Jan-25,36
SCHEELS ALL SPORTS,PRD:IND:IND-GEODIS WHSE IND US,PBC-1000,1-Feb-25,6
SCHEELS ALL SPORTS,PRD:IND:IND-GEODIS WHSE IND US,PBC-1000,1-Mar-25,36
SCHEELS ALL SPORTS,PRD:IND:IND-GEODIS WHSE IND US,PBC-1000,1-Apr-25,18
SCHEELS ALL SPORTS,PRD:IND:IND-GEODIS WHSE IND US,PBC-1000,1-May-25,24
SCHEELS ALL SPORTS,PRD:IND:IND-GEODIS WHSE IND US,PBC-1000,1-Jun-25,18
SCHEELS ALL SPORTS,PRD:IND:IND-GEODIS WHSE IND US,PBC-1000,1-Jul-25,48
SCHEELS ALL SPORTS,PRD:IND:IND-GEODIS WHSE IND US,PBC-1000,1-Aug-25,
SCHEELS ALL SPORTS,PRD:IND:IND-GEODIS WHSE IND US,PBC-1000,1-Sep-25,6
SCHEELS ALL SPORTS,PRD:IND:IND-GEODIS WHSE IND US,PBC-1000,1-Oct-25,48
SCHEELS ALL SPORTS,PRD:IND:IND-GEODIS WHSE IND US,PBC-1000,1-Nov-25,24
SCHEELS ALL SPORTS,PRD:IND:IND-GEODIS WHSE IND US,PBC-1000,1-Dec-25,6
SCHEELS ALL SPORTS,PRD:IND:IND-GEODIS WHSE IND US,PBC-1000,1-Jan-26,18
SCHEELS ALL SPORTS,PRD:IND:IND-GEODIS WHSE IND US,PBC-1000,1-Feb-26,12
SCHEELS ALL SPORTS,PRD:IND:IND-GEODIS WHSE IND US,PBC-1000,1-Mar-26,
SCHEELS ALL SPORTS,PRD:IND:IND-GEODIS WHSE IND US,PBC-1000,1-Apr-26,72
SIMBA NORTH INVESTMENTS DBA VALS PET,PRD:IND:IND-GEODIS WHSE IND US,PAC00-14231,1-May-23,
SIMBA NORTH INVESTMENTS DBA VALS PET,PRD:IND:IND-GEODIS WHSE IND US,PAC00-14231,1-Jun-23,1
SIMBA NORTH INVESTMENTS DBA VALS PET,PRD:IND:IND-GEODIS WHSE IND US,PAC00-14231,1-Jul-23,
SIMBA NORTH INVESTMENTS DBA VALS PET,PRD:IND:IND-GEODIS WHSE IND US,PAC00-14231,1-Aug-23,
SIMBA NORTH INVESTMENTS DBA VALS PET,PRD:IND:IND-GEODIS WHSE IND US,PAC00-14231,1-Sep-23,
SIMBA NORTH INVESTMENTS DBA VALS PET,PRD:IND:IND-GEODIS WHSE IND US,PAC00-14231,1-Oct-23,
SIMBA NORTH INVESTMENTS DBA VALS PET,PRD:IND:IND-GEODIS WHSE IND US,PAC00-14231,1-Nov-23,
SIMBA NORTH INVESTMENTS DBA VALS PET,PRD:IND:IND-GEODIS WHSE IND US,PAC00-14231,1-Dec-23,
SIMBA NORTH INVESTMENTS DBA VALS PET,PRD:IND:IND-GEODIS WHSE IND US,PAC00-14231,1-Jan-24,
SIMBA NORTH INVESTMENTS DBA VALS PET,PRD:IND:IND-GEODIS WHSE IND US,PAC00-14231,1-Feb-24,
SIMBA NORTH INVESTMENTS DBA VALS PET,PRD:IND:IND-GEODIS WHSE IND US,PAC00-14231,1-Mar-24,1
SIMBA NORTH INVESTMENTS DBA VALS PET,PRD:IND:IND-GEODIS WHSE IND US,PAC00-14231,1-Apr-24,
SIMBA NORTH INVESTMENTS DBA VALS PET,PRD:IND:IND-GEODIS WHSE IND US,PAC00-14231,1-May-24,
SIMBA NORTH INVESTMENTS DBA VALS PET,PRD:IND:IND-GEODIS WHSE IND US,PAC00-14231,1-Jun-24,
SIMBA NORTH INVESTMENTS DBA VALS PET,PRD:IND:IND-GEODIS WHSE IND US,PAC00-14231,1-Jul-24,
SIMBA NORTH INVESTMENTS DBA VALS PET,PRD:IND:IND-GEODIS WHSE IND US,PAC00-14231,1-Aug-24,
SIMBA NORTH INVESTMENTS DBA VALS PET,PRD:IND:IND-GEODIS WHSE IND US,PAC00-14231,1-Sep-24,
SIMBA NORTH INVESTMENTS DBA VALS PET,PRD:IND:IND-GEODIS WHSE IND US,PAC00-14231,1-Oct-24,
SIMBA NORTH INVESTMENTS DBA VALS PET,PRD:IND:IND-GEODIS WHSE IND US,PAC00-14231,1-Nov-24,
SIMBA NORTH INVESTMENTS DBA VALS PET,PRD:IND:IND-GEODIS WHSE IND US,PAC00-14231,1-Dec-24,
SIMBA NORTH INVESTMENTS DBA VALS PET,PRD:IND:IND-GEODIS WHSE IND US,PAC00-14231,1-Jan-25,
SIMBA NORTH INVESTMENTS DBA VALS PET,PRD:IND:IND-GEODIS WHSE IND US,PAC00-14231,1-Feb-25,
SIMBA NORTH INVESTMENTS DBA VALS PET,PRD:IND:IND-GEODIS WHSE IND US,PAC00-14231,1-Mar-25,
SIMBA NORTH INVESTMENTS DBA VALS PET,PRD:IND:IND-GEODIS WHSE IND US,PAC00-14231,1-Apr-25,
SIMBA NORTH INVESTMENTS DBA VALS PET,PRD:IND:IND-GEODIS WHSE IND US,PAC00-14231,1-May-25,
SIMBA NORTH INVESTMENTS DBA VALS PET,PRD:IND:IND-GEODIS WHSE IND US,PAC00-14231,1-Jun-25,
SIMBA NORTH INVESTMENTS DBA VALS PET,PRD:IND:IND-GEODIS WHSE IND US,PAC00-14231,1-Jul-25,
SIMBA NORTH INVESTMENTS DBA VALS PET,PRD:IND:IND-GEODIS WHSE IND US,PAC00-14231,1-Aug-25,
SIMBA NORTH INVESTMENTS DBA VALS PET,PRD:IND:IND-GEODIS WHSE IND US,PAC00-14231,1-Sep-25,
SIMBA NORTH INVESTMENTS DBA VALS PET,PRD:IND:IND-GEODIS WHSE IND US,PAC00-14231,1-Oct-25,
SIMBA NORTH INVESTMENTS DBA VALS PET,PRD:IND:IND-GEODIS WHSE IND US,PAC00-14231,1-Nov-25,
SIMBA NORTH INVESTMENTS DBA VALS PET,PRD:IND:IND-GEODIS WHSE IND US,PAC00-14231,1-Dec-25,
SIMBA NORTH INVESTMENTS DBA VALS PET,PRD:IND:IND-GEODIS WHSE IND US,PAC00-14231,1-Jan-26,
SIMBA NORTH INVESTMENTS DBA VALS PET,PRD:IND:IND-GEODIS WHSE IND US,PAC00-14231,1-Feb-26,
SIMBA NORTH INVESTMENTS DBA VALS PET,PRD:IND:IND-GEODIS WHSE IND US,PAC00-14231,1-Mar-26,
SIMBA NORTH INVESTMENTS DBA VALS PET,PRD:IND:IND-GEODIS WHSE IND US,PAC00-14231,1-Apr-26,
SOUTH BRANCH ANIMAL HOSPITAL,PRD:IND:IND-GEODIS WHSE IND US,PAC00-14231,1-May-23,
SOUTH BRANCH ANIMAL HOSPITAL,PRD:IND:IND-GEODIS WHSE IND US,PAC00-14231,1-Jun-23,
SOUTH BRANCH ANIMAL HOSPITAL,PRD:IND:IND-GEODIS WHSE IND US,PAC00-14231,1-Jul-23,
SOUTH BRANCH ANIMAL HOSPITAL,PRD:IND:IND-GEODIS WHSE IND US,PAC00-14231,1-Aug-23,
SOUTH BRANCH ANIMAL HOSPITAL,PRD:IND:IND-GEODIS WHSE IND US,PAC00-14231,1-Sep-23,
SOUTH BRANCH ANIMAL HOSPITAL,PRD:IND:IND-GEODIS WHSE IND US,PAC00-14231,1-Oct-23,
SOUTH BRANCH ANIMAL HOSPITAL,PRD:IND:IND-GEODIS WHSE IND US,PAC00-14231,1-Nov-23,
SOUTH BRANCH ANIMAL HOSPITAL,PRD:IND:IND-GEODIS WHSE IND US,PAC00-14231,1-Dec-23,
SOUTH BRANCH ANIMAL HOSPITAL,PRD:IND:IND-GEODIS WHSE IND US,PAC00-14231,1-Jan-24,
SOUTH BRANCH ANIMAL HOSPITAL,PRD:IND:IND-GEODIS WHSE IND US,PAC00-14231,1-Feb-24,2
SOUTH BRANCH ANIMAL HOSPITAL,PRD:IND:IND-GEODIS WHSE IND US,PAC00-14231,1-Mar-24,
SOUTH BRANCH ANIMAL HOSPITAL,PRD:IND:IND-GEODIS WHSE IND US,PAC00-14231,1-Apr-24,
SOUTH BRANCH ANIMAL HOSPITAL,PRD:IND:IND-GEODIS WHSE IND US,PAC00-14231,1-May-24,6
SOUTH BRANCH ANIMAL HOSPITAL,PRD:IND:IND-GEODIS WHSE IND US,PAC00-14231,1-Jun-24,
SOUTH BRANCH ANIMAL HOSPITAL,PRD:IND:IND-GEODIS WHSE IND US,PAC00-14231,1-Jul-24,
SOUTH BRANCH ANIMAL HOSPITAL,PRD:IND:IND-GEODIS WHSE IND US,PAC00-14231,1-Aug-24,
SOUTH BRANCH ANIMAL HOSPITAL,PRD:IND:IND-GEODIS WHSE IND US,PAC00-14231,1-Sep-24,
SOUTH BRANCH ANIMAL HOSPITAL,PRD:IND:IND-GEODIS WHSE IND US,PAC00-14231,1-Oct-24,
SOUTH BRANCH ANIMAL HOSPITAL,PRD:IND:IND-GEODIS WHSE IND US,PAC00-14231,1-Nov-24,
SOUTH BRANCH ANIMAL HOSPITAL,PRD:IND:IND-GEODIS WHSE IND US,PAC00-14231,1-Dec-24,
SOUTH BRANCH ANIMAL HOSPITAL,PRD:IND:IND-GEODIS WHSE IND US,PAC00-14231,1-Jan-25,6
SOUTH BRANCH ANIMAL HOSPITAL,PRD:IND:IND-GEODIS WHSE IND US,PAC00-14231,1-Feb-25,
SOUTH BRANCH ANIMAL HOSPITAL,PRD:IND:IND-GEODIS WHSE IND US,PAC00-14231,1-Mar-25,
SOUTH BRANCH ANIMAL HOSPITAL,PRD:IND:IND-GEODIS WHSE IND US,PAC00-14231,1-Apr-25,
SOUTH BRANCH ANIMAL HOSPITAL,PRD:IND:IND-GEODIS WHSE IND US,PAC00-14231,1-May-25,
SOUTH BRANCH ANIMAL HOSPITAL,PRD:IND:IND-GEODIS WHSE IND US,PAC00-14231,1-Jun-25,
SOUTH BRANCH ANIMAL HOSPITAL,PRD:IND:IND-GEODIS WHSE IND US,PAC00-14231,1-Jul-25,
SOUTH BRANCH ANIMAL HOSPITAL,PRD:IND:IND-GEODIS WHSE IND US,PAC00-14231,1-Aug-25,
SOUTH BRANCH ANIMAL HOSPITAL,PRD:IND:IND-GEODIS WHSE IND US,PAC00-14231,1-Sep-25,
SOUTH BRANCH ANIMAL HOSPITAL,PRD:IND:IND-GEODIS WHSE IND US,PAC00-14231,1-Oct-25,
SOUTH BRANCH ANIMAL HOSPITAL,PRD:IND:IND-GEODIS WHSE IND US,PAC00-14231,1-Nov-25,
SOUTH BRANCH ANIMAL HOSPITAL,PRD:IND:IND-GEODIS WHSE IND US,PAC00-14231,1-Dec-25,
SOUTH BRANCH ANIMAL HOSPITAL,PRD:IND:IND-GEODIS WHSE IND US,PAC00-14231,1-Jan-26,
SOUTH BRANCH ANIMAL HOSPITAL,PRD:IND:IND-GEODIS WHSE IND US,PAC00-14231,1-Feb-26,
SOUTH BRANCH ANIMAL HOSPITAL,PRD:IND:IND-GEODIS WHSE IND US,PAC00-14231,1-Mar-26,
SOUTH BRANCH ANIMAL HOSPITAL,PRD:IND:IND-GEODIS WHSE IND US,PAC00-14231,1-Apr-26,
SOUTH BRANCH ANIMAL HOSPITAL,PRD:IND:IND-GEODIS WHSE IND US,PBC-1000,1-May-23,
SOUTH BRANCH ANIMAL HOSPITAL,PRD:IND:IND-GEODIS WHSE IND US,PBC-1000,1-Jun-23,
SOUTH BRANCH ANIMAL HOSPITAL,PRD:IND:IND-GEODIS WHSE IND US,PBC-1000,1-Jul-23,
SOUTH BRANCH ANIMAL HOSPITAL,PRD:IND:IND-GEODIS WHSE IND US,PBC-1000,1-Aug-23,2
SOUTH BRANCH ANIMAL HOSPITAL,PRD:IND:IND-GEODIS WHSE IND US,PBC-1000,1-Sep-23,
SOUTH BRANCH ANIMAL HOSPITAL,PRD:IND:IND-GEODIS WHSE IND US,PBC-1000,1-Oct-23,
SOUTH BRANCH ANIMAL HOSPITAL,PRD:IND:IND-GEODIS WHSE IND US,PBC-1000,1-Nov-23,
SOUTH BRANCH ANIMAL HOSPITAL,PRD:IND:IND-GEODIS WHSE IND US,PBC-1000,1-Dec-23,
SOUTH BRANCH ANIMAL HOSPITAL,PRD:IND:IND-GEODIS WHSE IND US,PBC-1000,1-Jan-24,
SOUTH BRANCH ANIMAL HOSPITAL,PRD:IND:IND-GEODIS WHSE IND US,PBC-1000,1-Feb-24,
SOUTH BRANCH ANIMAL HOSPITAL,PRD:IND:IND-GEODIS WHSE IND US,PBC-1000,1-Mar-24,
SOUTH BRANCH ANIMAL HOSPITAL,PRD:IND:IND-GEODIS WHSE IND US,PBC-1000,1-Apr-24,
SOUTH BRANCH ANIMAL HOSPITAL,PRD:IND:IND-GEODIS WHSE IND US,PBC-1000,1-May-24,1
SOUTH BRANCH ANIMAL HOSPITAL,PRD:IND:IND-GEODIS WHSE IND US,PBC-1000,1-Jun-24,
SOUTH BRANCH ANIMAL HOSPITAL,PRD:IND:IND-GEODIS WHSE IND US,PBC-1000,1-Jul-24,
SOUTH BRANCH ANIMAL HOSPITAL,PRD:IND:IND-GEODIS WHSE IND US,PBC-1000,1-Aug-24,
SOUTH BRANCH ANIMAL HOSPITAL,PRD:IND:IND-GEODIS WHSE IND US,PBC-1000,1-Sep-24,
SOUTH BRANCH ANIMAL HOSPITAL,PRD:IND:IND-GEODIS WHSE IND US,PBC-1000,1-Oct-24,
SOUTH BRANCH ANIMAL HOSPITAL,PRD:IND:IND-GEODIS WHSE IND US,PBC-1000,1-Nov-24,
SOUTH BRANCH ANIMAL HOSPITAL,PRD:IND:IND-GEODIS WHSE IND US,PBC-1000,1-Dec-24,
SOUTH BRANCH ANIMAL HOSPITAL,PRD:IND:IND-GEODIS WHSE IND US,PBC-1000,1-Jan-25,1
SOUTH BRANCH ANIMAL HOSPITAL,PRD:IND:IND-GEODIS WHSE IND US,PBC-1000,1-Feb-25,
SOUTH BRANCH ANIMAL HOSPITAL,PRD:IND:IND-GEODIS WHSE IND US,PBC-1000,1-Mar-25,
SOUTH BRANCH ANIMAL HOSPITAL,PRD:IND:IND-GEODIS WHSE IND US,PBC-1000,1-Apr-25,
SOUTH BRANCH ANIMAL HOSPITAL,PRD:IND:IND-GEODIS WHSE IND US,PBC-1000,1-May-25,
SOUTH BRANCH ANIMAL HOSPITAL,PRD:IND:IND-GEODIS WHSE IND US,PBC-1000,1-Jun-25,
SOUTH BRANCH ANIMAL HOSPITAL,PRD:IND:IND-GEODIS WHSE IND US,PBC-1000,1-Jul-25,
SOUTH BRANCH ANIMAL HOSPITAL,PRD:IND:IND-GEODIS WHSE IND US,PBC-1000,1-Aug-25,
SOUTH BRANCH ANIMAL HOSPITAL,PRD:IND:IND-GEODIS WHSE IND US,PBC-1000,1-Sep-25,
SOUTH BRANCH ANIMAL HOSPITAL,PRD:IND:IND-GEODIS WHSE IND US,PBC-1000,1-Oct-25,
SOUTH BRANCH ANIMAL HOSPITAL,PRD:IND:IND-GEODIS WHSE IND US,PBC-1000,1-Nov-25,
SOUTH BRANCH ANIMAL HOSPITAL,PRD:IND:IND-GEODIS WHSE IND US,PBC-1000,1-Dec-25,
SOUTH BRANCH ANIMAL HOSPITAL,PRD:IND:IND-GEODIS WHSE IND US,PBC-1000,1-Jan-26,
SOUTH BRANCH ANIMAL HOSPITAL,PRD:IND:IND-GEODIS WHSE IND US,PBC-1000,1-Feb-26,
SOUTH BRANCH ANIMAL HOSPITAL,PRD:IND:IND-GEODIS WHSE IND US,PBC-1000,1-Mar-26,
SOUTH BRANCH ANIMAL HOSPITAL,PRD:IND:IND-GEODIS WHSE IND US,PBC-1000,1-Apr-26,
SOUTHEAST PET,PRD:IND:IND-GEODIS WHSE IND US,PAC00-14231,1-May-23,
SOUTHEAST PET,PRD:IND:IND-GEODIS WHSE IND US,PAC00-14231,1-Jun-23,
SOUTHEAST PET,PRD:IND:IND-GEODIS WHSE IND US,PAC00-14231,1-Jul-23,12
SOUTHEAST PET,PRD:IND:IND-GEODIS WHSE IND US,PAC00-14231,1-Aug-23,
SOUTHEAST PET,PRD:IND:IND-GEODIS WHSE IND US,PAC00-14231,1-Sep-23,36
SOUTHEAST PET,PRD:IND:IND-GEODIS WHSE IND US,PAC00-14231,1-Oct-23,
SOUTHEAST PET,PRD:IND:IND-GEODIS WHSE IND US,PAC00-14231,1-Nov-23,12
SOUTHEAST PET,PRD:IND:IND-GEODIS WHSE IND US,PAC00-14231,1-Dec-23,
SOUTHEAST PET,PRD:IND:IND-GEODIS WHSE IND US,PAC00-14231,1-Jan-24,48
SOUTHEAST PET,PRD:IND:IND-GEODIS WHSE IND US,PAC00-14231,1-Feb-24,
SOUTHEAST PET,PRD:IND:IND-GEODIS WHSE IND US,PAC00-14231,1-Mar-24,
SOUTHEAST PET,PRD:IND:IND-GEODIS WHSE IND US,PAC00-14231,1-Apr-24,
SOUTHEAST PET,PRD:IND:IND-GEODIS WHSE IND US,PAC00-14231,1-May-24,
SOUTHEAST PET,PRD:IND:IND-GEODIS WHSE IND US,PAC00-14231,1-Jun-24,30
SOUTHEAST PET,PRD:IND:IND-GEODIS WHSE IND US,PAC00-14231,1-Jul-24,24
SOUTHEAST PET,PRD:IND:IND-GEODIS WHSE IND US,PAC00-14231,1-Aug-24,18
SOUTHEAST PET,PRD:IND:IND-GEODIS WHSE IND US,PAC00-14231,1-Sep-24,
SOUTHEAST PET,PRD:IND:IND-GEODIS WHSE IND US,PAC00-14231,1-Oct-24,12
SOUTHEAST PET,PRD:IND:IND-GEODIS WHSE IND US,PAC00-14231,1-Nov-24,
SOUTHEAST PET,PRD:IND:IND-GEODIS WHSE IND US,PAC00-14231,1-Dec-24,30
SOUTHEAST PET,PRD:IND:IND-GEODIS WHSE IND US,PAC00-14231,1-Jan-25,
SOUTHEAST PET,PRD:IND:IND-GEODIS WHSE IND US,PAC00-14231,1-Feb-25,18
SOUTHEAST PET,PRD:IND:IND-GEODIS WHSE IND US,PAC00-14231,1-Mar-25,
SOUTHEAST PET,PRD:IND:IND-GEODIS WHSE IND US,PAC00-14231,1-Apr-25,44
SOUTHEAST PET,PRD:IND:IND-GEODIS WHSE IND US,PAC00-14231,1-May-25,
SOUTHEAST PET,PRD:IND:IND-GEODIS WHSE IND US,PAC00-14231,1-Jun-25,3
SOUTHEAST PET,PRD:IND:IND-GEODIS WHSE IND US,PAC00-14231,1-Jul-25,11
SOUTHEAST PET,PRD:IND:IND-GEODIS WHSE IND US,PAC00-14231,1-Aug-25,9
SOUTHEAST PET,PRD:IND:IND-GEODIS WHSE IND US,PAC00-14231,1-Sep-25,13
SOUTHEAST PET,PRD:IND:IND-GEODIS WHSE IND US,PAC00-14231,1-Oct-25,21
SOUTHEAST PET,PRD:IND:IND-GEODIS WHSE IND US,PAC00-14231,1-Nov-25,12
SOUTHEAST PET,PRD:IND:IND-GEODIS WHSE IND US,PAC00-14231,1-Dec-25,
SOUTHEAST PET,PRD:IND:IND-GEODIS WHSE IND US,PAC00-14231,1-Jan-26,12
SOUTHEAST PET,PRD:IND:IND-GEODIS WHSE IND US,PAC00-14231,1-Feb-26,18
SOUTHEAST PET,PRD:IND:IND-GEODIS WHSE IND US,PAC00-14231,1-Mar-26,12
SOUTHEAST PET,PRD:IND:IND-GEODIS WHSE IND US,PAC00-14231,1-Apr-26,
SPARR BUILDING AND FARM SUPPLY,PRD:IND:IND-GEODIS WHSE IND US,PAC00-14231,1-May-23,
SPARR BUILDING AND FARM SUPPLY,PRD:IND:IND-GEODIS WHSE IND US,PAC00-14231,1-Jun-23,
SPARR BUILDING AND FARM SUPPLY,PRD:IND:IND-GEODIS WHSE IND US,PAC00-14231,1-Jul-23,
SPARR BUILDING AND FARM SUPPLY,PRD:IND:IND-GEODIS WHSE IND US,PAC00-14231,1-Aug-23,
SPARR BUILDING AND FARM SUPPLY,PRD:IND:IND-GEODIS WHSE IND US,PAC00-14231,1-Sep-23,3
SPARR BUILDING AND FARM SUPPLY,PRD:IND:IND-GEODIS WHSE IND US,PAC00-14231,1-Oct-23,
SPARR BUILDING AND FARM SUPPLY,PRD:IND:IND-GEODIS WHSE IND US,PAC00-14231,1-Nov-23,
SPARR BUILDING AND FARM SUPPLY,PRD:IND:IND-GEODIS WHSE IND US,PAC00-14231,1-Dec-23,
SPARR BUILDING AND FARM SUPPLY,PRD:IND:IND-GEODIS WHSE IND US,PAC00-14231,1-Jan-24,4
SPARR BUILDING AND FARM SUPPLY,PRD:IND:IND-GEODIS WHSE IND US,PAC00-14231,1-Feb-24,
SPARR BUILDING AND FARM SUPPLY,PRD:IND:IND-GEODIS WHSE IND US,PAC00-14231,1-Mar-24,
SPARR BUILDING AND FARM SUPPLY,PRD:IND:IND-GEODIS WHSE IND US,PAC00-14231,1-Apr-24,
SPARR BUILDING AND FARM SUPPLY,PRD:IND:IND-GEODIS WHSE IND US,PAC00-14231,1-May-24,
SPARR BUILDING AND FARM SUPPLY,PRD:IND:IND-GEODIS WHSE IND US,PAC00-14231,1-Jun-24,
SPARR BUILDING AND FARM SUPPLY,PRD:IND:IND-GEODIS WHSE IND US,PAC00-14231,1-Jul-24,4
SPARR BUILDING AND FARM SUPPLY,PRD:IND:IND-GEODIS WHSE IND US,PAC00-14231,1-Aug-24,
SPARR BUILDING AND FARM SUPPLY,PRD:IND:IND-GEODIS WHSE IND US,PAC00-14231,1-Sep-24,
SPARR BUILDING AND FARM SUPPLY,PRD:IND:IND-GEODIS WHSE IND US,PAC00-14231,1-Oct-24,
SPARR BUILDING AND FARM SUPPLY,PRD:IND:IND-GEODIS WHSE IND US,PAC00-14231,1-Nov-24,3
SPARR BUILDING AND FARM SUPPLY,PRD:IND:IND-GEODIS WHSE IND US,PAC00-14231,1-Dec-24,
SPARR BUILDING AND FARM SUPPLY,PRD:IND:IND-GEODIS WHSE IND US,PAC00-14231,1-Jan-25,2
SPARR BUILDING AND FARM SUPPLY,PRD:IND:IND-GEODIS WHSE IND US,PAC00-14231,1-Feb-25,
SPARR BUILDING AND FARM SUPPLY,PRD:IND:IND-GEODIS WHSE IND US,PAC00-14231,1-Mar-25,
SPARR BUILDING AND FARM SUPPLY,PRD:IND:IND-GEODIS WHSE IND US,PAC00-14231,1-Apr-25,2
SPARR BUILDING AND FARM SUPPLY,PRD:IND:IND-GEODIS WHSE IND US,PAC00-14231,1-May-25,
SPARR BUILDING AND FARM SUPPLY,PRD:IND:IND-GEODIS WHSE IND US,PAC00-14231,1-Jun-25,
SPARR BUILDING AND FARM SUPPLY,PRD:IND:IND-GEODIS WHSE IND US,PAC00-14231,1-Jul-25,
SPARR BUILDING AND FARM SUPPLY,PRD:IND:IND-GEODIS WHSE IND US,PAC00-14231,1-Aug-25,
SPARR BUILDING AND FARM SUPPLY,PRD:IND:IND-GEODIS WHSE IND US,PAC00-14231,1-Sep-25,
SPARR BUILDING AND FARM SUPPLY,PRD:IND:IND-GEODIS WHSE IND US,PAC00-14231,1-Oct-25,
SPARR BUILDING AND FARM SUPPLY,PRD:IND:IND-GEODIS WHSE IND US,PAC00-14231,1-Nov-25,
SPARR BUILDING AND FARM SUPPLY,PRD:IND:IND-GEODIS WHSE IND US,PAC00-14231,1-Dec-25,3
SPARR BUILDING AND FARM SUPPLY,PRD:IND:IND-GEODIS WHSE IND US,PAC00-14231,1-Jan-26,
SPARR BUILDING AND FARM SUPPLY,PRD:IND:IND-GEODIS WHSE IND US,PAC00-14231,1-Feb-26,
SPARR BUILDING AND FARM SUPPLY,PRD:IND:IND-GEODIS WHSE IND US,PAC00-14231,1-Mar-26,
SPARR BUILDING AND FARM SUPPLY,PRD:IND:IND-GEODIS WHSE IND US,PAC00-14231,1-Apr-26,
STONETREE VETERINARY CLINIC,PRD:IND:IND-GEODIS WHSE IND US,PAC00-14231,1-May-23,
STONETREE VETERINARY CLINIC,PRD:IND:IND-GEODIS WHSE IND US,PAC00-14231,1-Jun-23,
STONETREE VETERINARY CLINIC,PRD:IND:IND-GEODIS WHSE IND US,PAC00-14231,1-Jul-23,
STONETREE VETERINARY CLINIC,PRD:IND:IND-GEODIS WHSE IND US,PAC00-14231,1-Aug-23,
STONETREE VETERINARY CLINIC,PRD:IND:IND-GEODIS WHSE IND US,PAC00-14231,1-Sep-23,
STONETREE VETERINARY CLINIC,PRD:IND:IND-GEODIS WHSE IND US,PAC00-14231,1-Oct-23,
STONETREE VETERINARY CLINIC,PRD:IND:IND-GEODIS WHSE IND US,PAC00-14231,1-Nov-23,
STONETREE VETERINARY CLINIC,PRD:IND:IND-GEODIS WHSE IND US,PAC00-14231,1-Dec-23,
STONETREE VETERINARY CLINIC,PRD:IND:IND-GEODIS WHSE IND US,PAC00-14231,1-Jan-24,
STONETREE VETERINARY CLINIC,PRD:IND:IND-GEODIS WHSE IND US,PAC00-14231,1-Feb-24,5
STONETREE VETERINARY CLINIC,PRD:IND:IND-GEODIS WHSE IND US,PAC00-14231,1-Mar-24,
STONETREE VETERINARY CLINIC,PRD:IND:IND-GEODIS WHSE IND US,PAC00-14231,1-Apr-24,
STONETREE VETERINARY CLINIC,PRD:IND:IND-GEODIS WHSE IND US,PAC00-14231,1-May-24,
STONETREE VETERINARY CLINIC,PRD:IND:IND-GEODIS WHSE IND US,PAC00-14231,1-Jun-24,
STONETREE VETERINARY CLINIC,PRD:IND:IND-GEODIS WHSE IND US,PAC00-14231,1-Jul-24,
STONETREE VETERINARY CLINIC,PRD:IND:IND-GEODIS WHSE IND US,PAC00-14231,1-Aug-24,
STONETREE VETERINARY CLINIC,PRD:IND:IND-GEODIS WHSE IND US,PAC00-14231,1-Sep-24,
STONETREE VETERINARY CLINIC,PRD:IND:IND-GEODIS WHSE IND US,PAC00-14231,1-Oct-24,
STONETREE VETERINARY CLINIC,PRD:IND:IND-GEODIS WHSE IND US,PAC00-14231,1-Nov-24,
STONETREE VETERINARY CLINIC,PRD:IND:IND-GEODIS WHSE IND US,PAC00-14231,1-Dec-24,
STONETREE VETERINARY CLINIC,PRD:IND:IND-GEODIS WHSE IND US,PAC00-14231,1-Jan-25,6
STONETREE VETERINARY CLINIC,PRD:IND:IND-GEODIS WHSE IND US,PAC00-14231,1-Feb-25,
STONETREE VETERINARY CLINIC,PRD:IND:IND-GEODIS WHSE IND US,PAC00-14231,1-Mar-25,
STONETREE VETERINARY CLINIC,PRD:IND:IND-GEODIS WHSE IND US,PAC00-14231,1-Apr-25,
STONETREE VETERINARY CLINIC,PRD:IND:IND-GEODIS WHSE IND US,PAC00-14231,1-May-25,
STONETREE VETERINARY CLINIC,PRD:IND:IND-GEODIS WHSE IND US,PAC00-14231,1-Jun-25,
STONETREE VETERINARY CLINIC,PRD:IND:IND-GEODIS WHSE IND US,PAC00-14231,1-Jul-25,
STONETREE VETERINARY CLINIC,PRD:IND:IND-GEODIS WHSE IND US,PAC00-14231,1-Aug-25,10
STONETREE VETERINARY CLINIC,PRD:IND:IND-GEODIS WHSE IND US,PAC00-14231,1-Sep-25,
STONETREE VETERINARY CLINIC,PRD:IND:IND-GEODIS WHSE IND US,PAC00-14231,1-Oct-25,
STONETREE VETERINARY CLINIC,PRD:IND:IND-GEODIS WHSE IND US,PAC00-14231,1-Nov-25,
STONETREE VETERINARY CLINIC,PRD:IND:IND-GEODIS WHSE IND US,PAC00-14231,1-Dec-25,
STONETREE VETERINARY CLINIC,PRD:IND:IND-GEODIS WHSE IND US,PAC00-14231,1-Jan-26,5
STONETREE VETERINARY CLINIC,PRD:IND:IND-GEODIS WHSE IND US,PAC00-14231,1-Feb-26,
STONETREE VETERINARY CLINIC,PRD:IND:IND-GEODIS WHSE IND US,PAC00-14231,1-Mar-26,
STONETREE VETERINARY CLINIC,PRD:IND:IND-GEODIS WHSE IND US,PAC00-14231,1-Apr-26,
SWANKY PAWS,PRD:IND:IND-GEODIS WHSE IND US,PAC00-14231,1-May-23,
SWANKY PAWS,PRD:IND:IND-GEODIS WHSE IND US,PAC00-14231,1-Jun-23,
SWANKY PAWS,PRD:IND:IND-GEODIS WHSE IND US,PAC00-14231,1-Jul-23,2
SWANKY PAWS,PRD:IND:IND-GEODIS WHSE IND US,PAC00-14231,1-Aug-23,
SWANKY PAWS,PRD:IND:IND-GEODIS WHSE IND US,PAC00-14231,1-Sep-23,
SWANKY PAWS,PRD:IND:IND-GEODIS WHSE IND US,PAC00-14231,1-Oct-23,
SWANKY PAWS,PRD:IND:IND-GEODIS WHSE IND US,PAC00-14231,1-Nov-23,
SWANKY PAWS,PRD:IND:IND-GEODIS WHSE IND US,PAC00-14231,1-Dec-23,
SWANKY PAWS,PRD:IND:IND-GEODIS WHSE IND US,PAC00-14231,1-Jan-24,
SWANKY PAWS,PRD:IND:IND-GEODIS WHSE IND US,PAC00-14231,1-Feb-24,2
SWANKY PAWS,PRD:IND:IND-GEODIS WHSE IND US,PAC00-14231,1-Mar-24,
SWANKY PAWS,PRD:IND:IND-GEODIS WHSE IND US,PAC00-14231,1-Apr-24,
SWANKY PAWS,PRD:IND:IND-GEODIS WHSE IND US,PAC00-14231,1-May-24,2
SWANKY PAWS,PRD:IND:IND-GEODIS WHSE IND US,PAC00-14231,1-Jun-24,
SWANKY PAWS,PRD:IND:IND-GEODIS WHSE IND US,PAC00-14231,1-Jul-24,
SWANKY PAWS,PRD:IND:IND-GEODIS WHSE IND US,PAC00-14231,1-Aug-24,
SWANKY PAWS,PRD:IND:IND-GEODIS WHSE IND US,PAC00-14231,1-Sep-24,
SWANKY PAWS,PRD:IND:IND-GEODIS WHSE IND US,PAC00-14231,1-Oct-24,
SWANKY PAWS,PRD:IND:IND-GEODIS WHSE IND US,PAC00-14231,1-Nov-24,
SWANKY PAWS,PRD:IND:IND-GEODIS WHSE IND US,PAC00-14231,1-Dec-24,
SWANKY PAWS,PRD:IND:IND-GEODIS WHSE IND US,PAC00-14231,1-Jan-25,
SWANKY PAWS,PRD:IND:IND-GEODIS WHSE IND US,PAC00-14231,1-Feb-25,
SWANKY PAWS,PRD:IND:IND-GEODIS WHSE IND US,PAC00-14231,1-Mar-25,
SWANKY PAWS,PRD:IND:IND-GEODIS WHSE IND US,PAC00-14231,1-Apr-25,
SWANKY PAWS,PRD:IND:IND-GEODIS WHSE IND US,PAC00-14231,1-May-25,
SWANKY PAWS,PRD:IND:IND-GEODIS WHSE IND US,PAC00-14231,1-Jun-25,
SWANKY PAWS,PRD:IND:IND-GEODIS WHSE IND US,PAC00-14231,1-Jul-25,
SWANKY PAWS,PRD:IND:IND-GEODIS WHSE IND US,PAC00-14231,1-Aug-25,
SWANKY PAWS,PRD:IND:IND-GEODIS WHSE IND US,PAC00-14231,1-Sep-25,
SWANKY PAWS,PRD:IND:IND-GEODIS WHSE IND US,PAC00-14231,1-Oct-25,
SWANKY PAWS,PRD:IND:IND-GEODIS WHSE IND US,PAC00-14231,1-Nov-25,
SWANKY PAWS,PRD:IND:IND-GEODIS WHSE IND US,PAC00-14231,1-Dec-25,
SWANKY PAWS,PRD:IND:IND-GEODIS WHSE IND US,PAC00-14231,1-Jan-26,
SWANKY PAWS,PRD:IND:IND-GEODIS WHSE IND US,PAC00-14231,1-Feb-26,
SWANKY PAWS,PRD:IND:IND-GEODIS WHSE IND US,PAC00-14231,1-Mar-26,
SWANKY PAWS,PRD:IND:IND-GEODIS WHSE IND US,PAC00-14231,1-Apr-26,
TARGET DROPSHIP,PRD:IND:IND-GEODIS WHSE IND US,PAC00-14231,1-May-23,83
TARGET DROPSHIP,PRD:IND:IND-GEODIS WHSE IND US,PAC00-14231,1-Jun-23,92
TARGET DROPSHIP,PRD:IND:IND-GEODIS WHSE IND US,PAC00-14231,1-Jul-23,92
TARGET DROPSHIP,PRD:IND:IND-GEODIS WHSE IND US,PAC00-14231,1-Aug-23,115
TARGET DROPSHIP,PRD:IND:IND-GEODIS WHSE IND US,PAC00-14231,1-Sep-23,106
TARGET DROPSHIP,PRD:IND:IND-GEODIS WHSE IND US,PAC00-14231,1-Oct-23,99
TARGET DROPSHIP,PRD:IND:IND-GEODIS WHSE IND US,PAC00-14231,1-Nov-23,83
TARGET DROPSHIP,PRD:IND:IND-GEODIS WHSE IND US,PAC00-14231,1-Dec-23,84
TARGET DROPSHIP,PRD:IND:IND-GEODIS WHSE IND US,PAC00-14231,1-Jan-24,95
TARGET DROPSHIP,PRD:IND:IND-GEODIS WHSE IND US,PAC00-14231,1-Feb-24,71
TARGET DROPSHIP,PRD:IND:IND-GEODIS WHSE IND US,PAC00-14231,1-Mar-24,66
TARGET DROPSHIP,PRD:IND:IND-GEODIS WHSE IND US,PAC00-14231,1-Apr-24,75
TARGET DROPSHIP,PRD:IND:IND-GEODIS WHSE IND US,PAC00-14231,1-May-24,90
TARGET DROPSHIP,PRD:IND:IND-GEODIS WHSE IND US,PAC00-14231,1-Jun-24,74
TARGET DROPSHIP,PRD:IND:IND-GEODIS WHSE IND US,PAC00-14231,1-Jul-24,75
TARGET DROPSHIP,PRD:IND:IND-GEODIS WHSE IND US,PAC00-14231,1-Aug-24,61
TARGET DROPSHIP,PRD:IND:IND-GEODIS WHSE IND US,PAC00-14231,1-Sep-24,105
TARGET DROPSHIP,PRD:IND:IND-GEODIS WHSE IND US,PAC00-14231,1-Oct-24,61
TARGET DROPSHIP,PRD:IND:IND-GEODIS WHSE IND US,PAC00-14231,1-Nov-24,97
TARGET DROPSHIP,PRD:IND:IND-GEODIS WHSE IND US,PAC00-14231,1-Dec-24,39
TARGET DROPSHIP,PRD:IND:IND-GEODIS WHSE IND US,PAC00-14231,1-Jan-25,
TARGET DROPSHIP,PRD:IND:IND-GEODIS WHSE IND US,PAC00-14231,1-Feb-25,
TARGET DROPSHIP,PRD:IND:IND-GEODIS WHSE IND US,PAC00-14231,1-Mar-25,4
TARGET DROPSHIP,PRD:IND:IND-GEODIS WHSE IND US,PAC00-14231,1-Apr-25,60
TARGET DROPSHIP,PRD:IND:IND-GEODIS WHSE IND US,PAC00-14231,1-May-25,64
TARGET DROPSHIP,PRD:IND:IND-GEODIS WHSE IND US,PAC00-14231,1-Jun-25,77
TARGET DROPSHIP,PRD:IND:IND-GEODIS WHSE IND US,PAC00-14231,1-Jul-25,71
TARGET DROPSHIP,PRD:IND:IND-GEODIS WHSE IND US,PAC00-14231,1-Aug-25,11
TARGET DROPSHIP,PRD:IND:IND-GEODIS WHSE IND US,PAC00-14231,1-Sep-25,73
TARGET DROPSHIP,PRD:IND:IND-GEODIS WHSE IND US,PAC00-14231,1-Oct-25,45
TARGET DROPSHIP,PRD:IND:IND-GEODIS WHSE IND US,PAC00-14231,1-Nov-25,74
TARGET DROPSHIP,PRD:IND:IND-GEODIS WHSE IND US,PAC00-14231,1-Dec-25,49
TARGET DROPSHIP,PRD:IND:IND-GEODIS WHSE IND US,PAC00-14231,1-Jan-26,
TARGET DROPSHIP,PRD:IND:IND-GEODIS WHSE IND US,PAC00-14231,1-Feb-26,
TARGET DROPSHIP,PRD:IND:IND-GEODIS WHSE IND US,PAC00-14231,1-Mar-26,
TARGET DROPSHIP,PRD:IND:IND-GEODIS WHSE IND US,PAC00-14231,1-Apr-26,
TELLURIDE PET COMPANY,PRD:IND:IND-GEODIS WHSE IND US,PBC-1000,1-May-23,
TELLURIDE PET COMPANY,PRD:IND:IND-GEODIS WHSE IND US,PBC-1000,1-Jun-23,
TELLURIDE PET COMPANY,PRD:IND:IND-GEODIS WHSE IND US,PBC-1000,1-Jul-23,
TELLURIDE PET COMPANY,PRD:IND:IND-GEODIS WHSE IND US,PBC-1000,1-Aug-23,
TELLURIDE PET COMPANY,PRD:IND:IND-GEODIS WHSE IND US,PBC-1000,1-Sep-23,
TELLURIDE PET COMPANY,PRD:IND:IND-GEODIS WHSE IND US,PBC-1000,1-Oct-23,
TELLURIDE PET COMPANY,PRD:IND:IND-GEODIS WHSE IND US,PBC-1000,1-Nov-23,
TELLURIDE PET COMPANY,PRD:IND:IND-GEODIS WHSE IND US,PBC-1000,1-Dec-23,2
TELLURIDE PET COMPANY,PRD:IND:IND-GEODIS WHSE IND US,PBC-1000,1-Jan-24,
TELLURIDE PET COMPANY,PRD:IND:IND-GEODIS WHSE IND US,PBC-1000,1-Feb-24,
TELLURIDE PET COMPANY,PRD:IND:IND-GEODIS WHSE IND US,PBC-1000,1-Mar-24,
TELLURIDE PET COMPANY,PRD:IND:IND-GEODIS WHSE IND US,PBC-1000,1-Apr-24,
TELLURIDE PET COMPANY,PRD:IND:IND-GEODIS WHSE IND US,PBC-1000,1-May-24,
TELLURIDE PET COMPANY,PRD:IND:IND-GEODIS WHSE IND US,PBC-1000,1-Jun-24,
TELLURIDE PET COMPANY,PRD:IND:IND-GEODIS WHSE IND US,PBC-1000,1-Jul-24,
TELLURIDE PET COMPANY,PRD:IND:IND-GEODIS WHSE IND US,PBC-1000,1-Aug-24,3
TELLURIDE PET COMPANY,PRD:IND:IND-GEODIS WHSE IND US,PBC-1000,1-Sep-24,
TELLURIDE PET COMPANY,PRD:IND:IND-GEODIS WHSE IND US,PBC-1000,1-Oct-24,
TELLURIDE PET COMPANY,PRD:IND:IND-GEODIS WHSE IND US,PBC-1000,1-Nov-24,
TELLURIDE PET COMPANY,PRD:IND:IND-GEODIS WHSE IND US,PBC-1000,1-Dec-24,
TELLURIDE PET COMPANY,PRD:IND:IND-GEODIS WHSE IND US,PBC-1000,1-Jan-25,
TELLURIDE PET COMPANY,PRD:IND:IND-GEODIS WHSE IND US,PBC-1000,1-Feb-25,
TELLURIDE PET COMPANY,PRD:IND:IND-GEODIS WHSE IND US,PBC-1000,1-Mar-25,
TELLURIDE PET COMPANY,PRD:IND:IND-GEODIS WHSE IND US,PBC-1000,1-Apr-25,
TELLURIDE PET COMPANY,PRD:IND:IND-GEODIS WHSE IND US,PBC-1000,1-May-25,
TELLURIDE PET COMPANY,PRD:IND:IND-GEODIS WHSE IND US,PBC-1000,1-Jun-25,
TELLURIDE PET COMPANY,PRD:IND:IND-GEODIS WHSE IND US,PBC-1000,1-Jul-25,
TELLURIDE PET COMPANY,PRD:IND:IND-GEODIS WHSE IND US,PBC-1000,1-Aug-25,
TELLURIDE PET COMPANY,PRD:IND:IND-GEODIS WHSE IND US,PBC-1000,1-Sep-25,
TELLURIDE PET COMPANY,PRD:IND:IND-GEODIS WHSE IND US,PBC-1000,1-Oct-25,
TELLURIDE PET COMPANY,PRD:IND:IND-GEODIS WHSE IND US,PBC-1000,1-Nov-25,
TELLURIDE PET COMPANY,PRD:IND:IND-GEODIS WHSE IND US,PBC-1000,1-Dec-25,
TELLURIDE PET COMPANY,PRD:IND:IND-GEODIS WHSE IND US,PBC-1000,1-Jan-26,
TELLURIDE PET COMPANY,PRD:IND:IND-GEODIS WHSE IND US,PBC-1000,1-Feb-26,
TELLURIDE PET COMPANY,PRD:IND:IND-GEODIS WHSE IND US,PBC-1000,1-Mar-26,
TELLURIDE PET COMPANY,PRD:IND:IND-GEODIS WHSE IND US,PBC-1000,1-Apr-26,
THE DARLIV GROUP PTY LTD,PRD:AU1:AU1-AUSTRALIA B2B B2C INV ORG,PAC00-14231,1-May-23,
THE DARLIV GROUP PTY LTD,PRD:AU1:AU1-AUSTRALIA B2B B2C INV ORG,PAC00-14231,1-Jun-23,
THE DARLIV GROUP PTY LTD,PRD:AU1:AU1-AUSTRALIA B2B B2C INV ORG,PAC00-14231,1-Jul-23,
THE DARLIV GROUP PTY LTD,PRD:AU1:AU1-AUSTRALIA B2B B2C INV ORG,PAC00-14231,1-Aug-23,
THE DARLIV GROUP PTY LTD,PRD:AU1:AU1-AUSTRALIA B2B B2C INV ORG,PAC00-14231,1-Sep-23,
THE DARLIV GROUP PTY LTD,PRD:AU1:AU1-AUSTRALIA B2B B2C INV ORG,PAC00-14231,1-Oct-23,
THE DARLIV GROUP PTY LTD,PRD:AU1:AU1-AUSTRALIA B2B B2C INV ORG,PAC00-14231,1-Nov-23,
THE DARLIV GROUP PTY LTD,PRD:AU1:AU1-AUSTRALIA B2B B2C INV ORG,PAC00-14231,1-Dec-23,
THE DARLIV GROUP PTY LTD,PRD:AU1:AU1-AUSTRALIA B2B B2C INV ORG,PAC00-14231,1-Jan-24,
THE DARLIV GROUP PTY LTD,PRD:AU1:AU1-AUSTRALIA B2B B2C INV ORG,PAC00-14231,1-Feb-24,
THE DARLIV GROUP PTY LTD,PRD:AU1:AU1-AUSTRALIA B2B B2C INV ORG,PAC00-14231,1-Mar-24,
THE DARLIV GROUP PTY LTD,PRD:AU1:AU1-AUSTRALIA B2B B2C INV ORG,PAC00-14231,1-Apr-24,
THE DARLIV GROUP PTY LTD,PRD:AU1:AU1-AUSTRALIA B2B B2C INV ORG,PAC00-14231,1-May-24,
THE DARLIV GROUP PTY LTD,PRD:AU1:AU1-AUSTRALIA B2B B2C INV ORG,PAC00-14231,1-Jun-24,
THE DARLIV GROUP PTY LTD,PRD:AU1:AU1-AUSTRALIA B2B B2C INV ORG,PAC00-14231,1-Jul-24,
THE DARLIV GROUP PTY LTD,PRD:AU1:AU1-AUSTRALIA B2B B2C INV ORG,PAC00-14231,1-Aug-24,
THE DARLIV GROUP PTY LTD,PRD:AU1:AU1-AUSTRALIA B2B B2C INV ORG,PAC00-14231,1-Sep-24,
THE DARLIV GROUP PTY LTD,PRD:AU1:AU1-AUSTRALIA B2B B2C INV ORG,PAC00-14231,1-Oct-24,
THE DARLIV GROUP PTY LTD,PRD:AU1:AU1-AUSTRALIA B2B B2C INV ORG,PAC00-14231,1-Nov-24,
THE DARLIV GROUP PTY LTD,PRD:AU1:AU1-AUSTRALIA B2B B2C INV ORG,PAC00-14231,1-Dec-24,
THE DARLIV GROUP PTY LTD,PRD:AU1:AU1-AUSTRALIA B2B B2C INV ORG,PAC00-14231,1-Jan-25,
THE DARLIV GROUP PTY LTD,PRD:AU1:AU1-AUSTRALIA B2B B2C INV ORG,PAC00-14231,1-Feb-25,72
THE DARLIV GROUP PTY LTD,PRD:AU1:AU1-AUSTRALIA B2B B2C INV ORG,PAC00-14231,1-Mar-25,72
THE DARLIV GROUP PTY LTD,PRD:AU1:AU1-AUSTRALIA B2B B2C INV ORG,PAC00-14231,1-Apr-25,72
THE DARLIV GROUP PTY LTD,PRD:AU1:AU1-AUSTRALIA B2B B2C INV ORG,PAC00-14231,1-May-25,72
THE DARLIV GROUP PTY LTD,PRD:AU1:AU1-AUSTRALIA B2B B2C INV ORG,PAC00-14231,1-Jun-25,72
THE DARLIV GROUP PTY LTD,PRD:AU1:AU1-AUSTRALIA B2B B2C INV ORG,PAC00-14231,1-Jul-25,108
THE DARLIV GROUP PTY LTD,PRD:AU1:AU1-AUSTRALIA B2B B2C INV ORG,PAC00-14231,1-Aug-25,108
THE DARLIV GROUP PTY LTD,PRD:AU1:AU1-AUSTRALIA B2B B2C INV ORG,PAC00-14231,1-Sep-25,319
THE DARLIV GROUP PTY LTD,PRD:AU1:AU1-AUSTRALIA B2B B2C INV ORG,PAC00-14231,1-Oct-25,310
THE DARLIV GROUP PTY LTD,PRD:AU1:AU1-AUSTRALIA B2B B2C INV ORG,PAC00-14231,1-Nov-25,
THE DARLIV GROUP PTY LTD,PRD:AU1:AU1-AUSTRALIA B2B B2C INV ORG,PAC00-14231,1-Dec-25,
THE DARLIV GROUP PTY LTD,PRD:AU1:AU1-AUSTRALIA B2B B2C INV ORG,PAC00-14231,1-Jan-26,72
THE DARLIV GROUP PTY LTD,PRD:AU1:AU1-AUSTRALIA B2B B2C INV ORG,PAC00-14231,1-Feb-26,108
THE DARLIV GROUP PTY LTD,PRD:AU1:AU1-AUSTRALIA B2B B2C INV ORG,PAC00-14231,1-Mar-26,144
THE DARLIV GROUP PTY LTD,PRD:AU1:AU1-AUSTRALIA B2B B2C INV ORG,PAC00-14231,1-Apr-26,72
THE PET SHOP HAMILTON,PRD:AU1:AU1-AUSTRALIA B2B B2C INV ORG,PAC00-14231,1-May-23,
THE PET SHOP HAMILTON,PRD:AU1:AU1-AUSTRALIA B2B B2C INV ORG,PAC00-14231,1-Jun-23,
THE PET SHOP HAMILTON,PRD:AU1:AU1-AUSTRALIA B2B B2C INV ORG,PAC00-14231,1-Jul-23,
THE PET SHOP HAMILTON,PRD:AU1:AU1-AUSTRALIA B2B B2C INV ORG,PAC00-14231,1-Aug-23,
THE PET SHOP HAMILTON,PRD:AU1:AU1-AUSTRALIA B2B B2C INV ORG,PAC00-14231,1-Sep-23,
THE PET SHOP HAMILTON,PRD:AU1:AU1-AUSTRALIA B2B B2C INV ORG,PAC00-14231,1-Oct-23,
THE PET SHOP HAMILTON,PRD:AU1:AU1-AUSTRALIA B2B B2C INV ORG,PAC00-14231,1-Nov-23,
THE PET SHOP HAMILTON,PRD:AU1:AU1-AUSTRALIA B2B B2C INV ORG,PAC00-14231,1-Dec-23,
THE PET SHOP HAMILTON,PRD:AU1:AU1-AUSTRALIA B2B B2C INV ORG,PAC00-14231,1-Jan-24,
THE PET SHOP HAMILTON,PRD:AU1:AU1-AUSTRALIA B2B B2C INV ORG,PAC00-14231,1-Feb-24,
THE PET SHOP HAMILTON,PRD:AU1:AU1-AUSTRALIA B2B B2C INV ORG,PAC00-14231,1-Mar-24,
THE PET SHOP HAMILTON,PRD:AU1:AU1-AUSTRALIA B2B B2C INV ORG,PAC00-14231,1-Apr-24,
THE PET SHOP HAMILTON,PRD:AU1:AU1-AUSTRALIA B2B B2C INV ORG,PAC00-14231,1-May-24,
THE PET SHOP HAMILTON,PRD:AU1:AU1-AUSTRALIA B2B B2C INV ORG,PAC00-14231,1-Jun-24,
THE PET SHOP HAMILTON,PRD:AU1:AU1-AUSTRALIA B2B B2C INV ORG,PAC00-14231,1-Jul-24,
THE PET SHOP HAMILTON,PRD:AU1:AU1-AUSTRALIA B2B B2C INV ORG,PAC00-14231,1-Aug-24,
THE PET SHOP HAMILTON,PRD:AU1:AU1-AUSTRALIA B2B B2C INV ORG,PAC00-14231,1-Sep-24,
THE PET SHOP HAMILTON,PRD:AU1:AU1-AUSTRALIA B2B B2C INV ORG,PAC00-14231,1-Oct-24,
THE PET SHOP HAMILTON,PRD:AU1:AU1-AUSTRALIA B2B B2C INV ORG,PAC00-14231,1-Nov-24,
THE PET SHOP HAMILTON,PRD:AU1:AU1-AUSTRALIA B2B B2C INV ORG,PAC00-14231,1-Dec-24,
THE PET SHOP HAMILTON,PRD:AU1:AU1-AUSTRALIA B2B B2C INV ORG,PAC00-14231,1-Jan-25,
THE PET SHOP HAMILTON,PRD:AU1:AU1-AUSTRALIA B2B B2C INV ORG,PAC00-14231,1-Feb-25,
THE PET SHOP HAMILTON,PRD:AU1:AU1-AUSTRALIA B2B B2C INV ORG,PAC00-14231,1-Mar-25,5
THE PET SHOP HAMILTON,PRD:AU1:AU1-AUSTRALIA B2B B2C INV ORG,PAC00-14231,1-Apr-25,9
THE PET SHOP HAMILTON,PRD:AU1:AU1-AUSTRALIA B2B B2C INV ORG,PAC00-14231,1-May-25,
THE PET SHOP HAMILTON,PRD:AU1:AU1-AUSTRALIA B2B B2C INV ORG,PAC00-14231,1-Jun-25,5
THE PET SHOP HAMILTON,PRD:AU1:AU1-AUSTRALIA B2B B2C INV ORG,PAC00-14231,1-Jul-25,8
THE PET SHOP HAMILTON,PRD:AU1:AU1-AUSTRALIA B2B B2C INV ORG,PAC00-14231,1-Aug-25,4
THE PET SHOP HAMILTON,PRD:AU1:AU1-AUSTRALIA B2B B2C INV ORG,PAC00-14231,1-Sep-25,4
THE PET SHOP HAMILTON,PRD:AU1:AU1-AUSTRALIA B2B B2C INV ORG,PAC00-14231,1-Oct-25,
THE PET SHOP HAMILTON,PRD:AU1:AU1-AUSTRALIA B2B B2C INV ORG,PAC00-14231,1-Nov-25,
THE PET SHOP HAMILTON,PRD:AU1:AU1-AUSTRALIA B2B B2C INV ORG,PAC00-14231,1-Dec-25,4
THE PET SHOP HAMILTON,PRD:AU1:AU1-AUSTRALIA B2B B2C INV ORG,PAC00-14231,1-Jan-26,
THE PET SHOP HAMILTON,PRD:AU1:AU1-AUSTRALIA B2B B2C INV ORG,PAC00-14231,1-Feb-26,2
THE PET SHOP HAMILTON,PRD:AU1:AU1-AUSTRALIA B2B B2C INV ORG,PAC00-14231,1-Mar-26,
THE PET SHOP HAMILTON,PRD:AU1:AU1-AUSTRALIA B2B B2C INV ORG,PAC00-14231,1-Apr-26,3
THE PET STOP,PRD:IND:IND-GEODIS WHSE IND US,PBC-1000,1-May-23,
THE PET STOP,PRD:IND:IND-GEODIS WHSE IND US,PBC-1000,1-Jun-23,
THE PET STOP,PRD:IND:IND-GEODIS WHSE IND US,PBC-1000,1-Jul-23,
THE PET STOP,PRD:IND:IND-GEODIS WHSE IND US,PBC-1000,1-Aug-23,
THE PET STOP,PRD:IND:IND-GEODIS WHSE IND US,PBC-1000,1-Sep-23,
THE PET STOP,PRD:IND:IND-GEODIS WHSE IND US,PBC-1000,1-Oct-23,
THE PET STOP,PRD:IND:IND-GEODIS WHSE IND US,PBC-1000,1-Nov-23,
THE PET STOP,PRD:IND:IND-GEODIS WHSE IND US,PBC-1000,1-Dec-23,
THE PET STOP,PRD:IND:IND-GEODIS WHSE IND US,PBC-1000,1-Jan-24,
THE PET STOP,PRD:IND:IND-GEODIS WHSE IND US,PBC-1000,1-Feb-24,2
THE PET STOP,PRD:IND:IND-GEODIS WHSE IND US,PBC-1000,1-Mar-24,
THE PET STOP,PRD:IND:IND-GEODIS WHSE IND US,PBC-1000,1-Apr-24,
THE PET STOP,PRD:IND:IND-GEODIS WHSE IND US,PBC-1000,1-May-24,
THE PET STOP,PRD:IND:IND-GEODIS WHSE IND US,PBC-1000,1-Jun-24,
THE PET STOP,PRD:IND:IND-GEODIS WHSE IND US,PBC-1000,1-Jul-24,
THE PET STOP,PRD:IND:IND-GEODIS WHSE IND US,PBC-1000,1-Aug-24,
THE PET STOP,PRD:IND:IND-GEODIS WHSE IND US,PBC-1000,1-Sep-24,
THE PET STOP,PRD:IND:IND-GEODIS WHSE IND US,PBC-1000,1-Oct-24,
THE PET STOP,PRD:IND:IND-GEODIS WHSE IND US,PBC-1000,1-Nov-24,
THE PET STOP,PRD:IND:IND-GEODIS WHSE IND US,PBC-1000,1-Dec-24,
THE PET STOP,PRD:IND:IND-GEODIS WHSE IND US,PBC-1000,1-Jan-25,
THE PET STOP,PRD:IND:IND-GEODIS WHSE IND US,PBC-1000,1-Feb-25,
THE PET STOP,PRD:IND:IND-GEODIS WHSE IND US,PBC-1000,1-Mar-25,
THE PET STOP,PRD:IND:IND-GEODIS WHSE IND US,PBC-1000,1-Apr-25,
THE PET STOP,PRD:IND:IND-GEODIS WHSE IND US,PBC-1000,1-May-25,
THE PET STOP,PRD:IND:IND-GEODIS WHSE IND US,PBC-1000,1-Jun-25,
THE PET STOP,PRD:IND:IND-GEODIS WHSE IND US,PBC-1000,1-Jul-25,
THE PET STOP,PRD:IND:IND-GEODIS WHSE IND US,PBC-1000,1-Aug-25,
THE PET STOP,PRD:IND:IND-GEODIS WHSE IND US,PBC-1000,1-Sep-25,
THE PET STOP,PRD:IND:IND-GEODIS WHSE IND US,PBC-1000,1-Oct-25,
THE PET STOP,PRD:IND:IND-GEODIS WHSE IND US,PBC-1000,1-Nov-25,
THE PET STOP,PRD:IND:IND-GEODIS WHSE IND US,PBC-1000,1-Dec-25,
THE PET STOP,PRD:IND:IND-GEODIS WHSE IND US,PBC-1000,1-Jan-26,2
THE PET STOP,PRD:IND:IND-GEODIS WHSE IND US,PBC-1000,1-Feb-26,
THE PET STOP,PRD:IND:IND-GEODIS WHSE IND US,PBC-1000,1-Mar-26,
THE PET STOP,PRD:IND:IND-GEODIS WHSE IND US,PBC-1000,1-Apr-26,
THE VET SHED PTY LTD,PRD:AU1:AU1-AUSTRALIA B2B B2C INV ORG,PAC00-14231,1-May-23,
THE VET SHED PTY LTD,PRD:AU1:AU1-AUSTRALIA B2B B2C INV ORG,PAC00-14231,1-Jun-23,
THE VET SHED PTY LTD,PRD:AU1:AU1-AUSTRALIA B2B B2C INV ORG,PAC00-14231,1-Jul-23,
THE VET SHED PTY LTD,PRD:AU1:AU1-AUSTRALIA B2B B2C INV ORG,PAC00-14231,1-Aug-23,
THE VET SHED PTY LTD,PRD:AU1:AU1-AUSTRALIA B2B B2C INV ORG,PAC00-14231,1-Sep-23,
THE VET SHED PTY LTD,PRD:AU1:AU1-AUSTRALIA B2B B2C INV ORG,PAC00-14231,1-Oct-23,
THE VET SHED PTY LTD,PRD:AU1:AU1-AUSTRALIA B2B B2C INV ORG,PAC00-14231,1-Nov-23,
THE VET SHED PTY LTD,PRD:AU1:AU1-AUSTRALIA B2B B2C INV ORG,PAC00-14231,1-Dec-23,
THE VET SHED PTY LTD,PRD:AU1:AU1-AUSTRALIA B2B B2C INV ORG,PAC00-14231,1-Jan-24,
THE VET SHED PTY LTD,PRD:AU1:AU1-AUSTRALIA B2B B2C INV ORG,PAC00-14231,1-Feb-24,
THE VET SHED PTY LTD,PRD:AU1:AU1-AUSTRALIA B2B B2C INV ORG,PAC00-14231,1-Mar-24,
THE VET SHED PTY LTD,PRD:AU1:AU1-AUSTRALIA B2B B2C INV ORG,PAC00-14231,1-Apr-24,
THE VET SHED PTY LTD,PRD:AU1:AU1-AUSTRALIA B2B B2C INV ORG,PAC00-14231,1-May-24,
THE VET SHED PTY LTD,PRD:AU1:AU1-AUSTRALIA B2B B2C INV ORG,PAC00-14231,1-Jun-24,
THE VET SHED PTY LTD,PRD:AU1:AU1-AUSTRALIA B2B B2C INV ORG,PAC00-14231,1-Jul-24,
THE VET SHED PTY LTD,PRD:AU1:AU1-AUSTRALIA B2B B2C INV ORG,PAC00-14231,1-Aug-24,
THE VET SHED PTY LTD,PRD:AU1:AU1-AUSTRALIA B2B B2C INV ORG,PAC00-14231,1-Sep-24,
THE VET SHED PTY LTD,PRD:AU1:AU1-AUSTRALIA B2B B2C INV ORG,PAC00-14231,1-Oct-24,
THE VET SHED PTY LTD,PRD:AU1:AU1-AUSTRALIA B2B B2C INV ORG,PAC00-14231,1-Nov-24,
THE VET SHED PTY LTD,PRD:AU1:AU1-AUSTRALIA B2B B2C INV ORG,PAC00-14231,1-Dec-24,
THE VET SHED PTY LTD,PRD:AU1:AU1-AUSTRALIA B2B B2C INV ORG,PAC00-14231,1-Jan-25,
THE VET SHED PTY LTD,PRD:AU1:AU1-AUSTRALIA B2B B2C INV ORG,PAC00-14231,1-Feb-25,1
THE VET SHED PTY LTD,PRD:AU1:AU1-AUSTRALIA B2B B2C INV ORG,PAC00-14231,1-Mar-25,11
THE VET SHED PTY LTD,PRD:AU1:AU1-AUSTRALIA B2B B2C INV ORG,PAC00-14231,1-Apr-25,6
THE VET SHED PTY LTD,PRD:AU1:AU1-AUSTRALIA B2B B2C INV ORG,PAC00-14231,1-May-25,4
THE VET SHED PTY LTD,PRD:AU1:AU1-AUSTRALIA B2B B2C INV ORG,PAC00-14231,1-Jun-25,16
THE VET SHED PTY LTD,PRD:AU1:AU1-AUSTRALIA B2B B2C INV ORG,PAC00-14231,1-Jul-25,15
THE VET SHED PTY LTD,PRD:AU1:AU1-AUSTRALIA B2B B2C INV ORG,PAC00-14231,1-Aug-25,
THE VET SHED PTY LTD,PRD:AU1:AU1-AUSTRALIA B2B B2C INV ORG,PAC00-14231,1-Sep-25,11
THE VET SHED PTY LTD,PRD:AU1:AU1-AUSTRALIA B2B B2C INV ORG,PAC00-14231,1-Oct-25,11
THE VET SHED PTY LTD,PRD:AU1:AU1-AUSTRALIA B2B B2C INV ORG,PAC00-14231,1-Nov-25,15
THE VET SHED PTY LTD,PRD:AU1:AU1-AUSTRALIA B2B B2C INV ORG,PAC00-14231,1-Dec-25,23
THE VET SHED PTY LTD,PRD:AU1:AU1-AUSTRALIA B2B B2C INV ORG,PAC00-14231,1-Jan-26,7
THE VET SHED PTY LTD,PRD:AU1:AU1-AUSTRALIA B2B B2C INV ORG,PAC00-14231,1-Feb-26,2
THE VET SHED PTY LTD,PRD:AU1:AU1-AUSTRALIA B2B B2C INV ORG,PAC00-14231,1-Mar-26,28
THE VET SHED PTY LTD,PRD:AU1:AU1-AUSTRALIA B2B B2C INV ORG,PAC00-14231,1-Apr-26,24
THREE DOG BAKERY INDIANAPOLIS,PRD:IND:IND-GEODIS WHSE IND US,PAC00-14231,1-May-23,
THREE DOG BAKERY INDIANAPOLIS,PRD:IND:IND-GEODIS WHSE IND US,PAC00-14231,1-Jun-23,2
THREE DOG BAKERY INDIANAPOLIS,PRD:IND:IND-GEODIS WHSE IND US,PAC00-14231,1-Jul-23,
THREE DOG BAKERY INDIANAPOLIS,PRD:IND:IND-GEODIS WHSE IND US,PAC00-14231,1-Aug-23,
THREE DOG BAKERY INDIANAPOLIS,PRD:IND:IND-GEODIS WHSE IND US,PAC00-14231,1-Sep-23,1
THREE DOG BAKERY INDIANAPOLIS,PRD:IND:IND-GEODIS WHSE IND US,PAC00-14231,1-Oct-23,
THREE DOG BAKERY INDIANAPOLIS,PRD:IND:IND-GEODIS WHSE IND US,PAC00-14231,1-Nov-23,
THREE DOG BAKERY INDIANAPOLIS,PRD:IND:IND-GEODIS WHSE IND US,PAC00-14231,1-Dec-23,1
THREE DOG BAKERY INDIANAPOLIS,PRD:IND:IND-GEODIS WHSE IND US,PAC00-14231,1-Jan-24,
THREE DOG BAKERY INDIANAPOLIS,PRD:IND:IND-GEODIS WHSE IND US,PAC00-14231,1-Feb-24,1
THREE DOG BAKERY INDIANAPOLIS,PRD:IND:IND-GEODIS WHSE IND US,PAC00-14231,1-Mar-24,
THREE DOG BAKERY INDIANAPOLIS,PRD:IND:IND-GEODIS WHSE IND US,PAC00-14231,1-Apr-24,1
THREE DOG BAKERY INDIANAPOLIS,PRD:IND:IND-GEODIS WHSE IND US,PAC00-14231,1-May-24,2
THREE DOG BAKERY INDIANAPOLIS,PRD:IND:IND-GEODIS WHSE IND US,PAC00-14231,1-Jun-24,
THREE DOG BAKERY INDIANAPOLIS,PRD:IND:IND-GEODIS WHSE IND US,PAC00-14231,1-Jul-24,
THREE DOG BAKERY INDIANAPOLIS,PRD:IND:IND-GEODIS WHSE IND US,PAC00-14231,1-Aug-24,
THREE DOG BAKERY INDIANAPOLIS,PRD:IND:IND-GEODIS WHSE IND US,PAC00-14231,1-Sep-24,1
THREE DOG BAKERY INDIANAPOLIS,PRD:IND:IND-GEODIS WHSE IND US,PAC00-14231,1-Oct-24,
THREE DOG BAKERY INDIANAPOLIS,PRD:IND:IND-GEODIS WHSE IND US,PAC00-14231,1-Nov-24,2
THREE DOG BAKERY INDIANAPOLIS,PRD:IND:IND-GEODIS WHSE IND US,PAC00-14231,1-Dec-24,
THREE DOG BAKERY INDIANAPOLIS,PRD:IND:IND-GEODIS WHSE IND US,PAC00-14231,1-Jan-25,
THREE DOG BAKERY INDIANAPOLIS,PRD:IND:IND-GEODIS WHSE IND US,PAC00-14231,1-Feb-25,
THREE DOG BAKERY INDIANAPOLIS,PRD:IND:IND-GEODIS WHSE IND US,PAC00-14231,1-Mar-25,
THREE DOG BAKERY INDIANAPOLIS,PRD:IND:IND-GEODIS WHSE IND US,PAC00-14231,1-Apr-25,
THREE DOG BAKERY INDIANAPOLIS,PRD:IND:IND-GEODIS WHSE IND US,PAC00-14231,1-May-25,2
THREE DOG BAKERY INDIANAPOLIS,PRD:IND:IND-GEODIS WHSE IND US,PAC00-14231,1-Jun-25,
THREE DOG BAKERY INDIANAPOLIS,PRD:IND:IND-GEODIS WHSE IND US,PAC00-14231,1-Jul-25,
THREE DOG BAKERY INDIANAPOLIS,PRD:IND:IND-GEODIS WHSE IND US,PAC00-14231,1-Aug-25,
THREE DOG BAKERY INDIANAPOLIS,PRD:IND:IND-GEODIS WHSE IND US,PAC00-14231,1-Sep-25,
THREE DOG BAKERY INDIANAPOLIS,PRD:IND:IND-GEODIS WHSE IND US,PAC00-14231,1-Oct-25,1
THREE DOG BAKERY INDIANAPOLIS,PRD:IND:IND-GEODIS WHSE IND US,PAC00-14231,1-Nov-25,
THREE DOG BAKERY INDIANAPOLIS,PRD:IND:IND-GEODIS WHSE IND US,PAC00-14231,1-Dec-25,
THREE DOG BAKERY INDIANAPOLIS,PRD:IND:IND-GEODIS WHSE IND US,PAC00-14231,1-Jan-26,
THREE DOG BAKERY INDIANAPOLIS,PRD:IND:IND-GEODIS WHSE IND US,PAC00-14231,1-Feb-26,
THREE DOG BAKERY INDIANAPOLIS,PRD:IND:IND-GEODIS WHSE IND US,PAC00-14231,1-Mar-26,
THREE DOG BAKERY INDIANAPOLIS,PRD:IND:IND-GEODIS WHSE IND US,PAC00-14231,1-Apr-26,
TOM AND JERRY'S PET SHED,PRD:AU1:AU1-AUSTRALIA B2B B2C INV ORG,PAC00-14231,1-May-23,
TOM AND JERRY'S PET SHED,PRD:AU1:AU1-AUSTRALIA B2B B2C INV ORG,PAC00-14231,1-Jun-23,
TOM AND JERRY'S PET SHED,PRD:AU1:AU1-AUSTRALIA B2B B2C INV ORG,PAC00-14231,1-Jul-23,
TOM AND JERRY'S PET SHED,PRD:AU1:AU1-AUSTRALIA B2B B2C INV ORG,PAC00-14231,1-Aug-23,
TOM AND JERRY'S PET SHED,PRD:AU1:AU1-AUSTRALIA B2B B2C INV ORG,PAC00-14231,1-Sep-23,
TOM AND JERRY'S PET SHED,PRD:AU1:AU1-AUSTRALIA B2B B2C INV ORG,PAC00-14231,1-Oct-23,
TOM AND JERRY'S PET SHED,PRD:AU1:AU1-AUSTRALIA B2B B2C INV ORG,PAC00-14231,1-Nov-23,
TOM AND JERRY'S PET SHED,PRD:AU1:AU1-AUSTRALIA B2B B2C INV ORG,PAC00-14231,1-Dec-23,
TOM AND JERRY'S PET SHED,PRD:AU1:AU1-AUSTRALIA B2B B2C INV ORG,PAC00-14231,1-Jan-24,
TOM AND JERRY'S PET SHED,PRD:AU1:AU1-AUSTRALIA B2B B2C INV ORG,PAC00-14231,1-Feb-24,
TOM AND JERRY'S PET SHED,PRD:AU1:AU1-AUSTRALIA B2B B2C INV ORG,PAC00-14231,1-Mar-24,
TOM AND JERRY'S PET SHED,PRD:AU1:AU1-AUSTRALIA B2B B2C INV ORG,PAC00-14231,1-Apr-24,
TOM AND JERRY'S PET SHED,PRD:AU1:AU1-AUSTRALIA B2B B2C INV ORG,PAC00-14231,1-May-24,
TOM AND JERRY'S PET SHED,PRD:AU1:AU1-AUSTRALIA B2B B2C INV ORG,PAC00-14231,1-Jun-24,
TOM AND JERRY'S PET SHED,PRD:AU1:AU1-AUSTRALIA B2B B2C INV ORG,PAC00-14231,1-Jul-24,
TOM AND JERRY'S PET SHED,PRD:AU1:AU1-AUSTRALIA B2B B2C INV ORG,PAC00-14231,1-Aug-24,
TOM AND JERRY'S PET SHED,PRD:AU1:AU1-AUSTRALIA B2B B2C INV ORG,PAC00-14231,1-Sep-24,
TOM AND JERRY'S PET SHED,PRD:AU1:AU1-AUSTRALIA B2B B2C INV ORG,PAC00-14231,1-Oct-24,
TOM AND JERRY'S PET SHED,PRD:AU1:AU1-AUSTRALIA B2B B2C INV ORG,PAC00-14231,1-Nov-24,
TOM AND JERRY'S PET SHED,PRD:AU1:AU1-AUSTRALIA B2B B2C INV ORG,PAC00-14231,1-Dec-24,
TOM AND JERRY'S PET SHED,PRD:AU1:AU1-AUSTRALIA B2B B2C INV ORG,PAC00-14231,1-Jan-25,
TOM AND JERRY'S PET SHED,PRD:AU1:AU1-AUSTRALIA B2B B2C INV ORG,PAC00-14231,1-Feb-25,
TOM AND JERRY'S PET SHED,PRD:AU1:AU1-AUSTRALIA B2B B2C INV ORG,PAC00-14231,1-Mar-25,
TOM AND JERRY'S PET SHED,PRD:AU1:AU1-AUSTRALIA B2B B2C INV ORG,PAC00-14231,1-Apr-25,
TOM AND JERRY'S PET SHED,PRD:AU1:AU1-AUSTRALIA B2B B2C INV ORG,PAC00-14231,1-May-25,1
TOM AND JERRY'S PET SHED,PRD:AU1:AU1-AUSTRALIA B2B B2C INV ORG,PAC00-14231,1-Jun-25,
TOM AND JERRY'S PET SHED,PRD:AU1:AU1-AUSTRALIA B2B B2C INV ORG,PAC00-14231,1-Jul-25,
TOM AND JERRY'S PET SHED,PRD:AU1:AU1-AUSTRALIA B2B B2C INV ORG,PAC00-14231,1-Aug-25,
TOM AND JERRY'S PET SHED,PRD:AU1:AU1-AUSTRALIA B2B B2C INV ORG,PAC00-14231,1-Sep-25,
TOM AND JERRY'S PET SHED,PRD:AU1:AU1-AUSTRALIA B2B B2C INV ORG,PAC00-14231,1-Oct-25,
TOM AND JERRY'S PET SHED,PRD:AU1:AU1-AUSTRALIA B2B B2C INV ORG,PAC00-14231,1-Nov-25,2
TOM AND JERRY'S PET SHED,PRD:AU1:AU1-AUSTRALIA B2B B2C INV ORG,PAC00-14231,1-Dec-25,
TOM AND JERRY'S PET SHED,PRD:AU1:AU1-AUSTRALIA B2B B2C INV ORG,PAC00-14231,1-Jan-26,
TOM AND JERRY'S PET SHED,PRD:AU1:AU1-AUSTRALIA B2B B2C INV ORG,PAC00-14231,1-Feb-26,
TOM AND JERRY'S PET SHED,PRD:AU1:AU1-AUSTRALIA B2B B2C INV ORG,PAC00-14231,1-Mar-26,
TOM AND JERRY'S PET SHED,PRD:AU1:AU1-AUSTRALIA B2B B2C INV ORG,PAC00-14231,1-Apr-26,1
TRACTOR SUPPLY CO-PETSENSE,PRD:IND:IND-GEODIS WHSE IND US,PAC00-14231,1-May-23,722
TRACTOR SUPPLY CO-PETSENSE,PRD:IND:IND-GEODIS WHSE IND US,PAC00-14231,1-Jun-23,793
TRACTOR SUPPLY CO-PETSENSE,PRD:IND:IND-GEODIS WHSE IND US,PAC00-14231,1-Jul-23,619
TRACTOR SUPPLY CO-PETSENSE,PRD:IND:IND-GEODIS WHSE IND US,PAC00-14231,1-Aug-23,691
TRACTOR SUPPLY CO-PETSENSE,PRD:IND:IND-GEODIS WHSE IND US,PAC00-14231,1-Sep-23,648
TRACTOR SUPPLY CO-PETSENSE,PRD:IND:IND-GEODIS WHSE IND US,PAC00-14231,1-Oct-23,569
TRACTOR SUPPLY CO-PETSENSE,PRD:IND:IND-GEODIS WHSE IND US,PAC00-14231,1-Nov-23,557
TRACTOR SUPPLY CO-PETSENSE,PRD:IND:IND-GEODIS WHSE IND US,PAC00-14231,1-Dec-23,532
TRACTOR SUPPLY CO-PETSENSE,PRD:IND:IND-GEODIS WHSE IND US,PAC00-14231,1-Jan-24,584
TRACTOR SUPPLY CO-PETSENSE,PRD:IND:IND-GEODIS WHSE IND US,PAC00-14231,1-Feb-24,725
TRACTOR SUPPLY CO-PETSENSE,PRD:IND:IND-GEODIS WHSE IND US,PAC00-14231,1-Mar-24,474
TRACTOR SUPPLY CO-PETSENSE,PRD:IND:IND-GEODIS WHSE IND US,PAC00-14231,1-Apr-24,676
TRACTOR SUPPLY CO-PETSENSE,PRD:IND:IND-GEODIS WHSE IND US,PAC00-14231,1-May-24,951
TRACTOR SUPPLY CO-PETSENSE,PRD:IND:IND-GEODIS WHSE IND US,PAC00-14231,1-Jun-24,668
TRACTOR SUPPLY CO-PETSENSE,PRD:IND:IND-GEODIS WHSE IND US,PAC00-14231,1-Jul-24,628
TRACTOR SUPPLY CO-PETSENSE,PRD:IND:IND-GEODIS WHSE IND US,PAC00-14231,1-Aug-24,684
TRACTOR SUPPLY CO-PETSENSE,PRD:IND:IND-GEODIS WHSE IND US,PAC00-14231,1-Sep-24,505
TRACTOR SUPPLY CO-PETSENSE,PRD:IND:IND-GEODIS WHSE IND US,PAC00-14231,1-Oct-24,686
TRACTOR SUPPLY CO-PETSENSE,PRD:IND:IND-GEODIS WHSE IND US,PAC00-14231,1-Nov-24,614
TRACTOR SUPPLY CO-PETSENSE,PRD:IND:IND-GEODIS WHSE IND US,PAC00-14231,1-Dec-24,676
TRACTOR SUPPLY CO-PETSENSE,PRD:IND:IND-GEODIS WHSE IND US,PAC00-14231,1-Jan-25,693
TRACTOR SUPPLY CO-PETSENSE,PRD:IND:IND-GEODIS WHSE IND US,PAC00-14231,1-Feb-25,656
TRACTOR SUPPLY CO-PETSENSE,PRD:IND:IND-GEODIS WHSE IND US,PAC00-14231,1-Mar-25,676
TRACTOR SUPPLY CO-PETSENSE,PRD:IND:IND-GEODIS WHSE IND US,PAC00-14231,1-Apr-25,649
TRACTOR SUPPLY CO-PETSENSE,PRD:IND:IND-GEODIS WHSE IND US,PAC00-14231,1-May-25,666
TRACTOR SUPPLY CO-PETSENSE,PRD:IND:IND-GEODIS WHSE IND US,PAC00-14231,1-Jun-25,597
TRACTOR SUPPLY CO-PETSENSE,PRD:IND:IND-GEODIS WHSE IND US,PAC00-14231,1-Jul-25,256
TRACTOR SUPPLY CO-PETSENSE,PRD:IND:IND-GEODIS WHSE IND US,PAC00-14231,1-Aug-25,
TRACTOR SUPPLY CO-PETSENSE,PRD:IND:IND-GEODIS WHSE IND US,PAC00-14231,1-Sep-25,
TRACTOR SUPPLY CO-PETSENSE,PRD:IND:IND-GEODIS WHSE IND US,PAC00-14231,1-Oct-25,
TRACTOR SUPPLY CO-PETSENSE,PRD:IND:IND-GEODIS WHSE IND US,PAC00-14231,1-Nov-25,
TRACTOR SUPPLY CO-PETSENSE,PRD:IND:IND-GEODIS WHSE IND US,PAC00-14231,1-Dec-25,
TRACTOR SUPPLY CO-PETSENSE,PRD:IND:IND-GEODIS WHSE IND US,PAC00-14231,1-Jan-26,
TRACTOR SUPPLY CO-PETSENSE,PRD:IND:IND-GEODIS WHSE IND US,PAC00-14231,1-Feb-26,
TRACTOR SUPPLY CO-PETSENSE,PRD:IND:IND-GEODIS WHSE IND US,PAC00-14231,1-Mar-26,
TRACTOR SUPPLY CO-PETSENSE,PRD:IND:IND-GEODIS WHSE IND US,PAC00-14231,1-Apr-26,
TRACTOR SUPPLY COMPANY,PRD:IND:IND-GEODIS WHSE IND US,PAC00-14231,1-May-23,
TRACTOR SUPPLY COMPANY,PRD:IND:IND-GEODIS WHSE IND US,PAC00-14231,1-Jun-23,
TRACTOR SUPPLY COMPANY,PRD:IND:IND-GEODIS WHSE IND US,PAC00-14231,1-Jul-23,
TRACTOR SUPPLY COMPANY,PRD:IND:IND-GEODIS WHSE IND US,PAC00-14231,1-Aug-23,
TRACTOR SUPPLY COMPANY,PRD:IND:IND-GEODIS WHSE IND US,PAC00-14231,1-Sep-23,
TRACTOR SUPPLY COMPANY,PRD:IND:IND-GEODIS WHSE IND US,PAC00-14231,1-Oct-23,
TRACTOR SUPPLY COMPANY,PRD:IND:IND-GEODIS WHSE IND US,PAC00-14231,1-Nov-23,
TRACTOR SUPPLY COMPANY,PRD:IND:IND-GEODIS WHSE IND US,PAC00-14231,1-Dec-23,
TRACTOR SUPPLY COMPANY,PRD:IND:IND-GEODIS WHSE IND US,PAC00-14231,1-Jan-24,
TRACTOR SUPPLY COMPANY,PRD:IND:IND-GEODIS WHSE IND US,PAC00-14231,1-Feb-24,
TRACTOR SUPPLY COMPANY,PRD:IND:IND-GEODIS WHSE IND US,PAC00-14231,1-Mar-24,
TRACTOR SUPPLY COMPANY,PRD:IND:IND-GEODIS WHSE IND US,PAC00-14231,1-Apr-24,
TRACTOR SUPPLY COMPANY,PRD:IND:IND-GEODIS WHSE IND US,PAC00-14231,1-May-24,
TRACTOR SUPPLY COMPANY,PRD:IND:IND-GEODIS WHSE IND US,PAC00-14231,1-Jun-24,
TRACTOR SUPPLY COMPANY,PRD:IND:IND-GEODIS WHSE IND US,PAC00-14231,1-Jul-24,
TRACTOR SUPPLY COMPANY,PRD:IND:IND-GEODIS WHSE IND US,PAC00-14231,1-Aug-24,
TRACTOR SUPPLY COMPANY,PRD:IND:IND-GEODIS WHSE IND US,PAC00-14231,1-Sep-24,
TRACTOR SUPPLY COMPANY,PRD:IND:IND-GEODIS WHSE IND US,PAC00-14231,1-Oct-24,
TRACTOR SUPPLY COMPANY,PRD:IND:IND-GEODIS WHSE IND US,PAC00-14231,1-Nov-24,
TRACTOR SUPPLY COMPANY,PRD:IND:IND-GEODIS WHSE IND US,PAC00-14231,1-Dec-24,
TRACTOR SUPPLY COMPANY,PRD:IND:IND-GEODIS WHSE IND US,PAC00-14231,1-Jan-25,
TRACTOR SUPPLY COMPANY,PRD:IND:IND-GEODIS WHSE IND US,PAC00-14231,1-Feb-25,
TRACTOR SUPPLY COMPANY,PRD:IND:IND-GEODIS WHSE IND US,PAC00-14231,1-Mar-25,
TRACTOR SUPPLY COMPANY,PRD:IND:IND-GEODIS WHSE IND US,PAC00-14231,1-Apr-25,
TRACTOR SUPPLY COMPANY,PRD:IND:IND-GEODIS WHSE IND US,PAC00-14231,1-May-25,
TRACTOR SUPPLY COMPANY,PRD:IND:IND-GEODIS WHSE IND US,PAC00-14231,1-Jun-25,27
TRACTOR SUPPLY COMPANY,PRD:IND:IND-GEODIS WHSE IND US,PAC00-14231,1-Jul-25,300
TRACTOR SUPPLY COMPANY,PRD:IND:IND-GEODIS WHSE IND US,PAC00-14231,1-Aug-25,600
TRACTOR SUPPLY COMPANY,PRD:IND:IND-GEODIS WHSE IND US,PAC00-14231,1-Sep-25,570
TRACTOR SUPPLY COMPANY,PRD:IND:IND-GEODIS WHSE IND US,PAC00-14231,1-Oct-25,510
TRACTOR SUPPLY COMPANY,PRD:IND:IND-GEODIS WHSE IND US,PAC00-14231,1-Nov-25,630
TRACTOR SUPPLY COMPANY,PRD:IND:IND-GEODIS WHSE IND US,PAC00-14231,1-Dec-25,300
TRACTOR SUPPLY COMPANY,PRD:IND:IND-GEODIS WHSE IND US,PAC00-14231,1-Jan-26,750
TRACTOR SUPPLY COMPANY,PRD:IND:IND-GEODIS WHSE IND US,PAC00-14231,1-Feb-26,360
TRACTOR SUPPLY COMPANY,PRD:IND:IND-GEODIS WHSE IND US,PAC00-14231,1-Mar-26,
TRACTOR SUPPLY COMPANY,PRD:IND:IND-GEODIS WHSE IND US,PAC00-14231,1-Apr-26,900
TRACTOR SUPPLY COMPANY DROPSHIP,PRD:IND:IND-GEODIS WHSE IND US,PAC00-14231,1-May-23,20
TRACTOR SUPPLY COMPANY DROPSHIP,PRD:IND:IND-GEODIS WHSE IND US,PAC00-14231,1-Jun-23,22
TRACTOR SUPPLY COMPANY DROPSHIP,PRD:IND:IND-GEODIS WHSE IND US,PAC00-14231,1-Jul-23,15
TRACTOR SUPPLY COMPANY DROPSHIP,PRD:IND:IND-GEODIS WHSE IND US,PAC00-14231,1-Aug-23,21
TRACTOR SUPPLY COMPANY DROPSHIP,PRD:IND:IND-GEODIS WHSE IND US,PAC00-14231,1-Sep-23,20
TRACTOR SUPPLY COMPANY DROPSHIP,PRD:IND:IND-GEODIS WHSE IND US,PAC00-14231,1-Oct-23,16
TRACTOR SUPPLY COMPANY DROPSHIP,PRD:IND:IND-GEODIS WHSE IND US,PAC00-14231,1-Nov-23,17
TRACTOR SUPPLY COMPANY DROPSHIP,PRD:IND:IND-GEODIS WHSE IND US,PAC00-14231,1-Dec-23,12
TRACTOR SUPPLY COMPANY DROPSHIP,PRD:IND:IND-GEODIS WHSE IND US,PAC00-14231,1-Jan-24,19
TRACTOR SUPPLY COMPANY DROPSHIP,PRD:IND:IND-GEODIS WHSE IND US,PAC00-14231,1-Feb-24,21
TRACTOR SUPPLY COMPANY DROPSHIP,PRD:IND:IND-GEODIS WHSE IND US,PAC00-14231,1-Mar-24,17
TRACTOR SUPPLY COMPANY DROPSHIP,PRD:IND:IND-GEODIS WHSE IND US,PAC00-14231,1-Apr-24,18
TRACTOR SUPPLY COMPANY DROPSHIP,PRD:IND:IND-GEODIS WHSE IND US,PAC00-14231,1-May-24,13
TRACTOR SUPPLY COMPANY DROPSHIP,PRD:IND:IND-GEODIS WHSE IND US,PAC00-14231,1-Jun-24,11
TRACTOR SUPPLY COMPANY DROPSHIP,PRD:IND:IND-GEODIS WHSE IND US,PAC00-14231,1-Jul-24,16
TRACTOR SUPPLY COMPANY DROPSHIP,PRD:IND:IND-GEODIS WHSE IND US,PAC00-14231,1-Aug-24,13
TRACTOR SUPPLY COMPANY DROPSHIP,PRD:IND:IND-GEODIS WHSE IND US,PAC00-14231,1-Sep-24,20
TRACTOR SUPPLY COMPANY DROPSHIP,PRD:IND:IND-GEODIS WHSE IND US,PAC00-14231,1-Oct-24,11
TRACTOR SUPPLY COMPANY DROPSHIP,PRD:IND:IND-GEODIS WHSE IND US,PAC00-14231,1-Nov-24,14
TRACTOR SUPPLY COMPANY DROPSHIP,PRD:IND:IND-GEODIS WHSE IND US,PAC00-14231,1-Dec-24,17
TRACTOR SUPPLY COMPANY DROPSHIP,PRD:IND:IND-GEODIS WHSE IND US,PAC00-14231,1-Jan-25,11
TRACTOR SUPPLY COMPANY DROPSHIP,PRD:IND:IND-GEODIS WHSE IND US,PAC00-14231,1-Feb-25,16
TRACTOR SUPPLY COMPANY DROPSHIP,PRD:IND:IND-GEODIS WHSE IND US,PAC00-14231,1-Mar-25,17
TRACTOR SUPPLY COMPANY DROPSHIP,PRD:IND:IND-GEODIS WHSE IND US,PAC00-14231,1-Apr-25,14
TRACTOR SUPPLY COMPANY DROPSHIP,PRD:IND:IND-GEODIS WHSE IND US,PAC00-14231,1-May-25,14
TRACTOR SUPPLY COMPANY DROPSHIP,PRD:IND:IND-GEODIS WHSE IND US,PAC00-14231,1-Jun-25,13
TRACTOR SUPPLY COMPANY DROPSHIP,PRD:IND:IND-GEODIS WHSE IND US,PAC00-14231,1-Jul-25,2
TRACTOR SUPPLY COMPANY DROPSHIP,PRD:IND:IND-GEODIS WHSE IND US,PAC00-14231,1-Aug-25,
TRACTOR SUPPLY COMPANY DROPSHIP,PRD:IND:IND-GEODIS WHSE IND US,PAC00-14231,1-Sep-25,18
TRACTOR SUPPLY COMPANY DROPSHIP,PRD:IND:IND-GEODIS WHSE IND US,PAC00-14231,1-Oct-25,44
TRACTOR SUPPLY COMPANY DROPSHIP,PRD:IND:IND-GEODIS WHSE IND US,PAC00-14231,1-Nov-25,36
TRACTOR SUPPLY COMPANY DROPSHIP,PRD:IND:IND-GEODIS WHSE IND US,PAC00-14231,1-Dec-25,24
TRACTOR SUPPLY COMPANY DROPSHIP,PRD:IND:IND-GEODIS WHSE IND US,PAC00-14231,1-Jan-26,22
TRACTOR SUPPLY COMPANY DROPSHIP,PRD:IND:IND-GEODIS WHSE IND US,PAC00-14231,1-Feb-26,10
TRACTOR SUPPLY COMPANY DROPSHIP,PRD:IND:IND-GEODIS WHSE IND US,PAC00-14231,1-Mar-26,18
TRACTOR SUPPLY COMPANY DROPSHIP,PRD:IND:IND-GEODIS WHSE IND US,PAC00-14231,1-Apr-26,26
TRACTOR SUPPLY COMPANY DROPSHIP,PRD:IND:IND-GEODIS WHSE IND US,PBC-1000,1-May-23,
TRACTOR SUPPLY COMPANY DROPSHIP,PRD:IND:IND-GEODIS WHSE IND US,PBC-1000,1-Jun-23,
TRACTOR SUPPLY COMPANY DROPSHIP,PRD:IND:IND-GEODIS WHSE IND US,PBC-1000,1-Jul-23,
TRACTOR SUPPLY COMPANY DROPSHIP,PRD:IND:IND-GEODIS WHSE IND US,PBC-1000,1-Aug-23,
TRACTOR SUPPLY COMPANY DROPSHIP,PRD:IND:IND-GEODIS WHSE IND US,PBC-1000,1-Sep-23,
TRACTOR SUPPLY COMPANY DROPSHIP,PRD:IND:IND-GEODIS WHSE IND US,PBC-1000,1-Oct-23,
TRACTOR SUPPLY COMPANY DROPSHIP,PRD:IND:IND-GEODIS WHSE IND US,PBC-1000,1-Nov-23,
TRACTOR SUPPLY COMPANY DROPSHIP,PRD:IND:IND-GEODIS WHSE IND US,PBC-1000,1-Dec-23,
TRACTOR SUPPLY COMPANY DROPSHIP,PRD:IND:IND-GEODIS WHSE IND US,PBC-1000,1-Jan-24,
TRACTOR SUPPLY COMPANY DROPSHIP,PRD:IND:IND-GEODIS WHSE IND US,PBC-1000,1-Feb-24,
TRACTOR SUPPLY COMPANY DROPSHIP,PRD:IND:IND-GEODIS WHSE IND US,PBC-1000,1-Mar-24,
TRACTOR SUPPLY COMPANY DROPSHIP,PRD:IND:IND-GEODIS WHSE IND US,PBC-1000,1-Apr-24,
TRACTOR SUPPLY COMPANY DROPSHIP,PRD:IND:IND-GEODIS WHSE IND US,PBC-1000,1-May-24,
TRACTOR SUPPLY COMPANY DROPSHIP,PRD:IND:IND-GEODIS WHSE IND US,PBC-1000,1-Jun-24,
TRACTOR SUPPLY COMPANY DROPSHIP,PRD:IND:IND-GEODIS WHSE IND US,PBC-1000,1-Jul-24,
TRACTOR SUPPLY COMPANY DROPSHIP,PRD:IND:IND-GEODIS WHSE IND US,PBC-1000,1-Aug-24,
TRACTOR SUPPLY COMPANY DROPSHIP,PRD:IND:IND-GEODIS WHSE IND US,PBC-1000,1-Sep-24,1
TRACTOR SUPPLY COMPANY DROPSHIP,PRD:IND:IND-GEODIS WHSE IND US,PBC-1000,1-Oct-24,1
TRACTOR SUPPLY COMPANY DROPSHIP,PRD:IND:IND-GEODIS WHSE IND US,PBC-1000,1-Nov-24,1
TRACTOR SUPPLY COMPANY DROPSHIP,PRD:IND:IND-GEODIS WHSE IND US,PBC-1000,1-Dec-24,4
TRACTOR SUPPLY COMPANY DROPSHIP,PRD:IND:IND-GEODIS WHSE IND US,PBC-1000,1-Jan-25,
TRACTOR SUPPLY COMPANY DROPSHIP,PRD:IND:IND-GEODIS WHSE IND US,PBC-1000,1-Feb-25,
TRACTOR SUPPLY COMPANY DROPSHIP,PRD:IND:IND-GEODIS WHSE IND US,PBC-1000,1-Mar-25,
TRACTOR SUPPLY COMPANY DROPSHIP,PRD:IND:IND-GEODIS WHSE IND US,PBC-1000,1-Apr-25,1
TRACTOR SUPPLY COMPANY DROPSHIP,PRD:IND:IND-GEODIS WHSE IND US,PBC-1000,1-May-25,1
TRACTOR SUPPLY COMPANY DROPSHIP,PRD:IND:IND-GEODIS WHSE IND US,PBC-1000,1-Jun-25,2
TRACTOR SUPPLY COMPANY DROPSHIP,PRD:IND:IND-GEODIS WHSE IND US,PBC-1000,1-Jul-25,1
TRACTOR SUPPLY COMPANY DROPSHIP,PRD:IND:IND-GEODIS WHSE IND US,PBC-1000,1-Aug-25,
TRACTOR SUPPLY COMPANY DROPSHIP,PRD:IND:IND-GEODIS WHSE IND US,PBC-1000,1-Sep-25,2
TRACTOR SUPPLY COMPANY DROPSHIP,PRD:IND:IND-GEODIS WHSE IND US,PBC-1000,1-Oct-25,1
TRACTOR SUPPLY COMPANY DROPSHIP,PRD:IND:IND-GEODIS WHSE IND US,PBC-1000,1-Nov-25,
TRACTOR SUPPLY COMPANY DROPSHIP,PRD:IND:IND-GEODIS WHSE IND US,PBC-1000,1-Dec-25,3
TRACTOR SUPPLY COMPANY DROPSHIP,PRD:IND:IND-GEODIS WHSE IND US,PBC-1000,1-Jan-26,1
TRACTOR SUPPLY COMPANY DROPSHIP,PRD:IND:IND-GEODIS WHSE IND US,PBC-1000,1-Feb-26,1
TRACTOR SUPPLY COMPANY DROPSHIP,PRD:IND:IND-GEODIS WHSE IND US,PBC-1000,1-Mar-26,
TRACTOR SUPPLY COMPANY DROPSHIP,PRD:IND:IND-GEODIS WHSE IND US,PBC-1000,1-Apr-26,2
TRADESHOWS PETSAFE,PRD:AU1:AU1-AUSTRALIA B2B B2C INV ORG,PAC00-14231,1-May-23,
TRADESHOWS PETSAFE,PRD:AU1:AU1-AUSTRALIA B2B B2C INV ORG,PAC00-14231,1-Jun-23,
TRADESHOWS PETSAFE,PRD:AU1:AU1-AUSTRALIA B2B B2C INV ORG,PAC00-14231,1-Jul-23,
TRADESHOWS PETSAFE,PRD:AU1:AU1-AUSTRALIA B2B B2C INV ORG,PAC00-14231,1-Aug-23,
TRADESHOWS PETSAFE,PRD:AU1:AU1-AUSTRALIA B2B B2C INV ORG,PAC00-14231,1-Sep-23,
TRADESHOWS PETSAFE,PRD:AU1:AU1-AUSTRALIA B2B B2C INV ORG,PAC00-14231,1-Oct-23,
TRADESHOWS PETSAFE,PRD:AU1:AU1-AUSTRALIA B2B B2C INV ORG,PAC00-14231,1-Nov-23,
TRADESHOWS PETSAFE,PRD:AU1:AU1-AUSTRALIA B2B B2C INV ORG,PAC00-14231,1-Dec-23,
TRADESHOWS PETSAFE,PRD:AU1:AU1-AUSTRALIA B2B B2C INV ORG,PAC00-14231,1-Jan-24,
TRADESHOWS PETSAFE,PRD:AU1:AU1-AUSTRALIA B2B B2C INV ORG,PAC00-14231,1-Feb-24,
TRADESHOWS PETSAFE,PRD:AU1:AU1-AUSTRALIA B2B B2C INV ORG,PAC00-14231,1-Mar-24,
TRADESHOWS PETSAFE,PRD:AU1:AU1-AUSTRALIA B2B B2C INV ORG,PAC00-14231,1-Apr-24,
TRADESHOWS PETSAFE,PRD:AU1:AU1-AUSTRALIA B2B B2C INV ORG,PAC00-14231,1-May-24,
TRADESHOWS PETSAFE,PRD:AU1:AU1-AUSTRALIA B2B B2C INV ORG,PAC00-14231,1-Jun-24,
TRADESHOWS PETSAFE,PRD:AU1:AU1-AUSTRALIA B2B B2C INV ORG,PAC00-14231,1-Jul-24,
TRADESHOWS PETSAFE,PRD:AU1:AU1-AUSTRALIA B2B B2C INV ORG,PAC00-14231,1-Aug-24,
TRADESHOWS PETSAFE,PRD:AU1:AU1-AUSTRALIA B2B B2C INV ORG,PAC00-14231,1-Sep-24,
TRADESHOWS PETSAFE,PRD:AU1:AU1-AUSTRALIA B2B B2C INV ORG,PAC00-14231,1-Oct-24,
TRADESHOWS PETSAFE,PRD:AU1:AU1-AUSTRALIA B2B B2C INV ORG,PAC00-14231,1-Nov-24,
TRADESHOWS PETSAFE,PRD:AU1:AU1-AUSTRALIA B2B B2C INV ORG,PAC00-14231,1-Dec-24,
TRADESHOWS PETSAFE,PRD:AU1:AU1-AUSTRALIA B2B B2C INV ORG,PAC00-14231,1-Jan-25,
TRADESHOWS PETSAFE,PRD:AU1:AU1-AUSTRALIA B2B B2C INV ORG,PAC00-14231,1-Feb-25,
TRADESHOWS PETSAFE,PRD:AU1:AU1-AUSTRALIA B2B B2C INV ORG,PAC00-14231,1-Mar-25,
TRADESHOWS PETSAFE,PRD:AU1:AU1-AUSTRALIA B2B B2C INV ORG,PAC00-14231,1-Apr-25,
TRADESHOWS PETSAFE,PRD:AU1:AU1-AUSTRALIA B2B B2C INV ORG,PAC00-14231,1-May-25,
TRADESHOWS PETSAFE,PRD:AU1:AU1-AUSTRALIA B2B B2C INV ORG,PAC00-14231,1-Jun-25,
TRADESHOWS PETSAFE,PRD:AU1:AU1-AUSTRALIA B2B B2C INV ORG,PAC00-14231,1-Jul-25,
TRADESHOWS PETSAFE,PRD:AU1:AU1-AUSTRALIA B2B B2C INV ORG,PAC00-14231,1-Aug-25,
TRADESHOWS PETSAFE,PRD:AU1:AU1-AUSTRALIA B2B B2C INV ORG,PAC00-14231,1-Sep-25,
TRADESHOWS PETSAFE,PRD:AU1:AU1-AUSTRALIA B2B B2C INV ORG,PAC00-14231,1-Oct-25,3
TRADESHOWS PETSAFE,PRD:AU1:AU1-AUSTRALIA B2B B2C INV ORG,PAC00-14231,1-Nov-25,
TRADESHOWS PETSAFE,PRD:AU1:AU1-AUSTRALIA B2B B2C INV ORG,PAC00-14231,1-Dec-25,
TRADESHOWS PETSAFE,PRD:AU1:AU1-AUSTRALIA B2B B2C INV ORG,PAC00-14231,1-Jan-26,
TRADESHOWS PETSAFE,PRD:AU1:AU1-AUSTRALIA B2B B2C INV ORG,PAC00-14231,1-Feb-26,
TRADESHOWS PETSAFE,PRD:AU1:AU1-AUSTRALIA B2B B2C INV ORG,PAC00-14231,1-Mar-26,
TRADESHOWS PETSAFE,PRD:AU1:AU1-AUSTRALIA B2B B2C INV ORG,PAC00-14231,1-Apr-26,
TRUE VALUE COMPANY,PRD:IND:IND-GEODIS WHSE IND US,PBC-1000,1-May-23,
TRUE VALUE COMPANY,PRD:IND:IND-GEODIS WHSE IND US,PBC-1000,1-Jun-23,
TRUE VALUE COMPANY,PRD:IND:IND-GEODIS WHSE IND US,PBC-1000,1-Jul-23,
TRUE VALUE COMPANY,PRD:IND:IND-GEODIS WHSE IND US,PBC-1000,1-Aug-23,
TRUE VALUE COMPANY,PRD:IND:IND-GEODIS WHSE IND US,PBC-1000,1-Sep-23,
TRUE VALUE COMPANY,PRD:IND:IND-GEODIS WHSE IND US,PBC-1000,1-Oct-23,
TRUE VALUE COMPANY,PRD:IND:IND-GEODIS WHSE IND US,PBC-1000,1-Nov-23,
TRUE VALUE COMPANY,PRD:IND:IND-GEODIS WHSE IND US,PBC-1000,1-Dec-23,
TRUE VALUE COMPANY,PRD:IND:IND-GEODIS WHSE IND US,PBC-1000,1-Jan-24,
TRUE VALUE COMPANY,PRD:IND:IND-GEODIS WHSE IND US,PBC-1000,1-Feb-24,
TRUE VALUE COMPANY,PRD:IND:IND-GEODIS WHSE IND US,PBC-1000,1-Mar-24,
TRUE VALUE COMPANY,PRD:IND:IND-GEODIS WHSE IND US,PBC-1000,1-Apr-24,
TRUE VALUE COMPANY,PRD:IND:IND-GEODIS WHSE IND US,PBC-1000,1-May-24,
TRUE VALUE COMPANY,PRD:IND:IND-GEODIS WHSE IND US,PBC-1000,1-Jun-24,
TRUE VALUE COMPANY,PRD:IND:IND-GEODIS WHSE IND US,PBC-1000,1-Jul-24,
TRUE VALUE COMPANY,PRD:IND:IND-GEODIS WHSE IND US,PBC-1000,1-Aug-24,
TRUE VALUE COMPANY,PRD:IND:IND-GEODIS WHSE IND US,PBC-1000,1-Sep-24,
TRUE VALUE COMPANY,PRD:IND:IND-GEODIS WHSE IND US,PBC-1000,1-Oct-24,
TRUE VALUE COMPANY,PRD:IND:IND-GEODIS WHSE IND US,PBC-1000,1-Nov-24,
TRUE VALUE COMPANY,PRD:IND:IND-GEODIS WHSE IND US,PBC-1000,1-Dec-24,
TRUE VALUE COMPANY,PRD:IND:IND-GEODIS WHSE IND US,PBC-1000,1-Jan-25,
TRUE VALUE COMPANY,PRD:IND:IND-GEODIS WHSE IND US,PBC-1000,1-Feb-25,
TRUE VALUE COMPANY,PRD:IND:IND-GEODIS WHSE IND US,PBC-1000,1-Mar-25,
TRUE VALUE COMPANY,PRD:IND:IND-GEODIS WHSE IND US,PBC-1000,1-Apr-25,
TRUE VALUE COMPANY,PRD:IND:IND-GEODIS WHSE IND US,PBC-1000,1-May-25,6
TRUE VALUE COMPANY,PRD:IND:IND-GEODIS WHSE IND US,PBC-1000,1-Jun-25,
TRUE VALUE COMPANY,PRD:IND:IND-GEODIS WHSE IND US,PBC-1000,1-Jul-25,
TRUE VALUE COMPANY,PRD:IND:IND-GEODIS WHSE IND US,PBC-1000,1-Aug-25,
TRUE VALUE COMPANY,PRD:IND:IND-GEODIS WHSE IND US,PBC-1000,1-Sep-25,
TRUE VALUE COMPANY,PRD:IND:IND-GEODIS WHSE IND US,PBC-1000,1-Oct-25,
TRUE VALUE COMPANY,PRD:IND:IND-GEODIS WHSE IND US,PBC-1000,1-Nov-25,6
TRUE VALUE COMPANY,PRD:IND:IND-GEODIS WHSE IND US,PBC-1000,1-Dec-25,6
TRUE VALUE COMPANY,PRD:IND:IND-GEODIS WHSE IND US,PBC-1000,1-Jan-26,6
TRUE VALUE COMPANY,PRD:IND:IND-GEODIS WHSE IND US,PBC-1000,1-Feb-26,6
TRUE VALUE COMPANY,PRD:IND:IND-GEODIS WHSE IND US,PBC-1000,1-Mar-26,
TRUE VALUE COMPANY,PRD:IND:IND-GEODIS WHSE IND US,PBC-1000,1-Apr-26,
UPCO,PRD:IND:IND-GEODIS WHSE IND US,PAC00-14231,1-May-23,2
UPCO,PRD:IND:IND-GEODIS WHSE IND US,PAC00-14231,1-Jun-23,
UPCO,PRD:IND:IND-GEODIS WHSE IND US,PAC00-14231,1-Jul-23,3
UPCO,PRD:IND:IND-GEODIS WHSE IND US,PAC00-14231,1-Aug-23,4
UPCO,PRD:IND:IND-GEODIS WHSE IND US,PAC00-14231,1-Sep-23,
UPCO,PRD:IND:IND-GEODIS WHSE IND US,PAC00-14231,1-Oct-23,
UPCO,PRD:IND:IND-GEODIS WHSE IND US,PAC00-14231,1-Nov-23,2
UPCO,PRD:IND:IND-GEODIS WHSE IND US,PAC00-14231,1-Dec-23,3
UPCO,PRD:IND:IND-GEODIS WHSE IND US,PAC00-14231,1-Jan-24,2
UPCO,PRD:IND:IND-GEODIS WHSE IND US,PAC00-14231,1-Feb-24,
UPCO,PRD:IND:IND-GEODIS WHSE IND US,PAC00-14231,1-Mar-24,
UPCO,PRD:IND:IND-GEODIS WHSE IND US,PAC00-14231,1-Apr-24,
UPCO,PRD:IND:IND-GEODIS WHSE IND US,PAC00-14231,1-May-24,
UPCO,PRD:IND:IND-GEODIS WHSE IND US,PAC00-14231,1-Jun-24,
UPCO,PRD:IND:IND-GEODIS WHSE IND US,PAC00-14231,1-Jul-24,
UPCO,PRD:IND:IND-GEODIS WHSE IND US,PAC00-14231,1-Aug-24,2
UPCO,PRD:IND:IND-GEODIS WHSE IND US,PAC00-14231,1-Sep-24,
UPCO,PRD:IND:IND-GEODIS WHSE IND US,PAC00-14231,1-Oct-24,
UPCO,PRD:IND:IND-GEODIS WHSE IND US,PAC00-14231,1-Nov-24,
UPCO,PRD:IND:IND-GEODIS WHSE IND US,PAC00-14231,1-Dec-24,1
UPCO,PRD:IND:IND-GEODIS WHSE IND US,PAC00-14231,1-Jan-25,
UPCO,PRD:IND:IND-GEODIS WHSE IND US,PAC00-14231,1-Feb-25,2
UPCO,PRD:IND:IND-GEODIS WHSE IND US,PAC00-14231,1-Mar-25,
UPCO,PRD:IND:IND-GEODIS WHSE IND US,PAC00-14231,1-Apr-25,3
UPCO,PRD:IND:IND-GEODIS WHSE IND US,PAC00-14231,1-May-25,
UPCO,PRD:IND:IND-GEODIS WHSE IND US,PAC00-14231,1-Jun-25,2
UPCO,PRD:IND:IND-GEODIS WHSE IND US,PAC00-14231,1-Jul-25,2
UPCO,PRD:IND:IND-GEODIS WHSE IND US,PAC00-14231,1-Aug-25,
UPCO,PRD:IND:IND-GEODIS WHSE IND US,PAC00-14231,1-Sep-25,
UPCO,PRD:IND:IND-GEODIS WHSE IND US,PAC00-14231,1-Oct-25,2
UPCO,PRD:IND:IND-GEODIS WHSE IND US,PAC00-14231,1-Nov-25,
UPCO,PRD:IND:IND-GEODIS WHSE IND US,PAC00-14231,1-Dec-25,
UPCO,PRD:IND:IND-GEODIS WHSE IND US,PAC00-14231,1-Jan-26,
UPCO,PRD:IND:IND-GEODIS WHSE IND US,PAC00-14231,1-Feb-26,1
UPCO,PRD:IND:IND-GEODIS WHSE IND US,PAC00-14231,1-Mar-26,
UPCO,PRD:IND:IND-GEODIS WHSE IND US,PAC00-14231,1-Apr-26,4
UPCO,PRD:IND:IND-GEODIS WHSE IND US,PBC-1000,1-May-23,
UPCO,PRD:IND:IND-GEODIS WHSE IND US,PBC-1000,1-Jun-23,
UPCO,PRD:IND:IND-GEODIS WHSE IND US,PBC-1000,1-Jul-23,
UPCO,PRD:IND:IND-GEODIS WHSE IND US,PBC-1000,1-Aug-23,
UPCO,PRD:IND:IND-GEODIS WHSE IND US,PBC-1000,1-Sep-23,
UPCO,PRD:IND:IND-GEODIS WHSE IND US,PBC-1000,1-Oct-23,
UPCO,PRD:IND:IND-GEODIS WHSE IND US,PBC-1000,1-Nov-23,
UPCO,PRD:IND:IND-GEODIS WHSE IND US,PBC-1000,1-Dec-23,
UPCO,PRD:IND:IND-GEODIS WHSE IND US,PBC-1000,1-Jan-24,4
UPCO,PRD:IND:IND-GEODIS WHSE IND US,PBC-1000,1-Feb-24,
UPCO,PRD:IND:IND-GEODIS WHSE IND US,PBC-1000,1-Mar-24,
UPCO,PRD:IND:IND-GEODIS WHSE IND US,PBC-1000,1-Apr-24,
UPCO,PRD:IND:IND-GEODIS WHSE IND US,PBC-1000,1-May-24,
UPCO,PRD:IND:IND-GEODIS WHSE IND US,PBC-1000,1-Jun-24,
UPCO,PRD:IND:IND-GEODIS WHSE IND US,PBC-1000,1-Jul-24,
UPCO,PRD:IND:IND-GEODIS WHSE IND US,PBC-1000,1-Aug-24,
UPCO,PRD:IND:IND-GEODIS WHSE IND US,PBC-1000,1-Sep-24,
UPCO,PRD:IND:IND-GEODIS WHSE IND US,PBC-1000,1-Oct-24,
UPCO,PRD:IND:IND-GEODIS WHSE IND US,PBC-1000,1-Nov-24,
UPCO,PRD:IND:IND-GEODIS WHSE IND US,PBC-1000,1-Dec-24,
UPCO,PRD:IND:IND-GEODIS WHSE IND US,PBC-1000,1-Jan-25,
UPCO,PRD:IND:IND-GEODIS WHSE IND US,PBC-1000,1-Feb-25,1
UPCO,PRD:IND:IND-GEODIS WHSE IND US,PBC-1000,1-Mar-25,
UPCO,PRD:IND:IND-GEODIS WHSE IND US,PBC-1000,1-Apr-25,2
UPCO,PRD:IND:IND-GEODIS WHSE IND US,PBC-1000,1-May-25,
UPCO,PRD:IND:IND-GEODIS WHSE IND US,PBC-1000,1-Jun-25,2
UPCO,PRD:IND:IND-GEODIS WHSE IND US,PBC-1000,1-Jul-25,
UPCO,PRD:IND:IND-GEODIS WHSE IND US,PBC-1000,1-Aug-25,
UPCO,PRD:IND:IND-GEODIS WHSE IND US,PBC-1000,1-Sep-25,
UPCO,PRD:IND:IND-GEODIS WHSE IND US,PBC-1000,1-Oct-25,
UPCO,PRD:IND:IND-GEODIS WHSE IND US,PBC-1000,1-Nov-25,
UPCO,PRD:IND:IND-GEODIS WHSE IND US,PBC-1000,1-Dec-25,
UPCO,PRD:IND:IND-GEODIS WHSE IND US,PBC-1000,1-Jan-26,
UPCO,PRD:IND:IND-GEODIS WHSE IND US,PBC-1000,1-Feb-26,
UPCO,PRD:IND:IND-GEODIS WHSE IND US,PBC-1000,1-Mar-26,
UPCO,PRD:IND:IND-GEODIS WHSE IND US,PBC-1000,1-Apr-26,
UTM DISTRIBUTING,PRD:IND:IND-GEODIS WHSE IND US,PAC00-14231,1-May-23,30
UTM DISTRIBUTING,PRD:IND:IND-GEODIS WHSE IND US,PAC00-14231,1-Jun-23,27
UTM DISTRIBUTING,PRD:IND:IND-GEODIS WHSE IND US,PAC00-14231,1-Jul-23,32
UTM DISTRIBUTING,PRD:IND:IND-GEODIS WHSE IND US,PAC00-14231,1-Aug-23,24
UTM DISTRIBUTING,PRD:IND:IND-GEODIS WHSE IND US,PAC00-14231,1-Sep-23,46
UTM DISTRIBUTING,PRD:IND:IND-GEODIS WHSE IND US,PAC00-14231,1-Oct-23,20
UTM DISTRIBUTING,PRD:IND:IND-GEODIS WHSE IND US,PAC00-14231,1-Nov-23,20
UTM DISTRIBUTING,PRD:IND:IND-GEODIS WHSE IND US,PAC00-14231,1-Dec-23,30
UTM DISTRIBUTING,PRD:IND:IND-GEODIS WHSE IND US,PAC00-14231,1-Jan-24,40
UTM DISTRIBUTING,PRD:IND:IND-GEODIS WHSE IND US,PAC00-14231,1-Feb-24,10
UTM DISTRIBUTING,PRD:IND:IND-GEODIS WHSE IND US,PAC00-14231,1-Mar-24,22
UTM DISTRIBUTING,PRD:IND:IND-GEODIS WHSE IND US,PAC00-14231,1-Apr-24,32
UTM DISTRIBUTING,PRD:IND:IND-GEODIS WHSE IND US,PAC00-14231,1-May-24,50
UTM DISTRIBUTING,PRD:IND:IND-GEODIS WHSE IND US,PAC00-14231,1-Jun-24,36
UTM DISTRIBUTING,PRD:IND:IND-GEODIS WHSE IND US,PAC00-14231,1-Jul-24,30
UTM DISTRIBUTING,PRD:IND:IND-GEODIS WHSE IND US,PAC00-14231,1-Aug-24,33
UTM DISTRIBUTING,PRD:IND:IND-GEODIS WHSE IND US,PAC00-14231,1-Sep-24,
UTM DISTRIBUTING,PRD:IND:IND-GEODIS WHSE IND US,PAC00-14231,1-Oct-24,37
UTM DISTRIBUTING,PRD:IND:IND-GEODIS WHSE IND US,PAC00-14231,1-Nov-24,20
UTM DISTRIBUTING,PRD:IND:IND-GEODIS WHSE IND US,PAC00-14231,1-Dec-24,12
UTM DISTRIBUTING,PRD:IND:IND-GEODIS WHSE IND US,PAC00-14231,1-Jan-25,20
UTM DISTRIBUTING,PRD:IND:IND-GEODIS WHSE IND US,PAC00-14231,1-Feb-25,20
UTM DISTRIBUTING,PRD:IND:IND-GEODIS WHSE IND US,PAC00-14231,1-Mar-25,10
UTM DISTRIBUTING,PRD:IND:IND-GEODIS WHSE IND US,PAC00-14231,1-Apr-25,
UTM DISTRIBUTING,PRD:IND:IND-GEODIS WHSE IND US,PAC00-14231,1-May-25,
UTM DISTRIBUTING,PRD:IND:IND-GEODIS WHSE IND US,PAC00-14231,1-Jun-25,
UTM DISTRIBUTING,PRD:IND:IND-GEODIS WHSE IND US,PAC00-14231,1-Jul-25,
UTM DISTRIBUTING,PRD:IND:IND-GEODIS WHSE IND US,PAC00-14231,1-Aug-25,
UTM DISTRIBUTING,PRD:IND:IND-GEODIS WHSE IND US,PAC00-14231,1-Sep-25,
UTM DISTRIBUTING,PRD:IND:IND-GEODIS WHSE IND US,PAC00-14231,1-Oct-25,
UTM DISTRIBUTING,PRD:IND:IND-GEODIS WHSE IND US,PAC00-14231,1-Nov-25,
UTM DISTRIBUTING,PRD:IND:IND-GEODIS WHSE IND US,PAC00-14231,1-Dec-25,
UTM DISTRIBUTING,PRD:IND:IND-GEODIS WHSE IND US,PAC00-14231,1-Jan-26,
UTM DISTRIBUTING,PRD:IND:IND-GEODIS WHSE IND US,PAC00-14231,1-Feb-26,
UTM DISTRIBUTING,PRD:IND:IND-GEODIS WHSE IND US,PAC00-14231,1-Mar-26,12
UTM DISTRIBUTING,PRD:IND:IND-GEODIS WHSE IND US,PAC00-14231,1-Apr-26,12
UTM DISTRIBUTING,PRD:IND:IND-GEODIS WHSE IND US,PBC-1000,1-May-23,
UTM DISTRIBUTING,PRD:IND:IND-GEODIS WHSE IND US,PBC-1000,1-Jun-23,
UTM DISTRIBUTING,PRD:IND:IND-GEODIS WHSE IND US,PBC-1000,1-Jul-23,
UTM DISTRIBUTING,PRD:IND:IND-GEODIS WHSE IND US,PBC-1000,1-Aug-23,
UTM DISTRIBUTING,PRD:IND:IND-GEODIS WHSE IND US,PBC-1000,1-Sep-23,6
UTM DISTRIBUTING,PRD:IND:IND-GEODIS WHSE IND US,PBC-1000,1-Oct-23,
UTM DISTRIBUTING,PRD:IND:IND-GEODIS WHSE IND US,PBC-1000,1-Nov-23,
UTM DISTRIBUTING,PRD:IND:IND-GEODIS WHSE IND US,PBC-1000,1-Dec-23,
UTM DISTRIBUTING,PRD:IND:IND-GEODIS WHSE IND US,PBC-1000,1-Jan-24,
UTM DISTRIBUTING,PRD:IND:IND-GEODIS WHSE IND US,PBC-1000,1-Feb-24,
UTM DISTRIBUTING,PRD:IND:IND-GEODIS WHSE IND US,PBC-1000,1-Mar-24,
UTM DISTRIBUTING,PRD:IND:IND-GEODIS WHSE IND US,PBC-1000,1-Apr-24,
UTM DISTRIBUTING,PRD:IND:IND-GEODIS WHSE IND US,PBC-1000,1-May-24,
UTM DISTRIBUTING,PRD:IND:IND-GEODIS WHSE IND US,PBC-1000,1-Jun-24,
UTM DISTRIBUTING,PRD:IND:IND-GEODIS WHSE IND US,PBC-1000,1-Jul-24,
UTM DISTRIBUTING,PRD:IND:IND-GEODIS WHSE IND US,PBC-1000,1-Aug-24,
UTM DISTRIBUTING,PRD:IND:IND-GEODIS WHSE IND US,PBC-1000,1-Sep-24,
UTM DISTRIBUTING,PRD:IND:IND-GEODIS WHSE IND US,PBC-1000,1-Oct-24,
UTM DISTRIBUTING,PRD:IND:IND-GEODIS WHSE IND US,PBC-1000,1-Nov-24,
UTM DISTRIBUTING,PRD:IND:IND-GEODIS WHSE IND US,PBC-1000,1-Dec-24,
UTM DISTRIBUTING,PRD:IND:IND-GEODIS WHSE IND US,PBC-1000,1-Jan-25,
UTM DISTRIBUTING,PRD:IND:IND-GEODIS WHSE IND US,PBC-1000,1-Feb-25,
UTM DISTRIBUTING,PRD:IND:IND-GEODIS WHSE IND US,PBC-1000,1-Mar-25,
UTM DISTRIBUTING,PRD:IND:IND-GEODIS WHSE IND US,PBC-1000,1-Apr-25,
UTM DISTRIBUTING,PRD:IND:IND-GEODIS WHSE IND US,PBC-1000,1-May-25,
UTM DISTRIBUTING,PRD:IND:IND-GEODIS WHSE IND US,PBC-1000,1-Jun-25,
UTM DISTRIBUTING,PRD:IND:IND-GEODIS WHSE IND US,PBC-1000,1-Jul-25,
UTM DISTRIBUTING,PRD:IND:IND-GEODIS WHSE IND US,PBC-1000,1-Aug-25,
UTM DISTRIBUTING,PRD:IND:IND-GEODIS WHSE IND US,PBC-1000,1-Sep-25,
UTM DISTRIBUTING,PRD:IND:IND-GEODIS WHSE IND US,PBC-1000,1-Oct-25,
UTM DISTRIBUTING,PRD:IND:IND-GEODIS WHSE IND US,PBC-1000,1-Nov-25,
UTM DISTRIBUTING,PRD:IND:IND-GEODIS WHSE IND US,PBC-1000,1-Dec-25,
UTM DISTRIBUTING,PRD:IND:IND-GEODIS WHSE IND US,PBC-1000,1-Jan-26,
UTM DISTRIBUTING,PRD:IND:IND-GEODIS WHSE IND US,PBC-1000,1-Feb-26,
UTM DISTRIBUTING,PRD:IND:IND-GEODIS WHSE IND US,PBC-1000,1-Mar-26,
UTM DISTRIBUTING,PRD:IND:IND-GEODIS WHSE IND US,PBC-1000,1-Apr-26,
VEBO PET SUPPLIES,PRD:AU1:AU1-AUSTRALIA B2B B2C INV ORG,PAC00-14231,1-May-23,
VEBO PET SUPPLIES,PRD:AU1:AU1-AUSTRALIA B2B B2C INV ORG,PAC00-14231,1-Jun-23,
VEBO PET SUPPLIES,PRD:AU1:AU1-AUSTRALIA B2B B2C INV ORG,PAC00-14231,1-Jul-23,
VEBO PET SUPPLIES,PRD:AU1:AU1-AUSTRALIA B2B B2C INV ORG,PAC00-14231,1-Aug-23,
VEBO PET SUPPLIES,PRD:AU1:AU1-AUSTRALIA B2B B2C INV ORG,PAC00-14231,1-Sep-23,
VEBO PET SUPPLIES,PRD:AU1:AU1-AUSTRALIA B2B B2C INV ORG,PAC00-14231,1-Oct-23,
VEBO PET SUPPLIES,PRD:AU1:AU1-AUSTRALIA B2B B2C INV ORG,PAC00-14231,1-Nov-23,
VEBO PET SUPPLIES,PRD:AU1:AU1-AUSTRALIA B2B B2C INV ORG,PAC00-14231,1-Dec-23,
VEBO PET SUPPLIES,PRD:AU1:AU1-AUSTRALIA B2B B2C INV ORG,PAC00-14231,1-Jan-24,
VEBO PET SUPPLIES,PRD:AU1:AU1-AUSTRALIA B2B B2C INV ORG,PAC00-14231,1-Feb-24,
VEBO PET SUPPLIES,PRD:AU1:AU1-AUSTRALIA B2B B2C INV ORG,PAC00-14231,1-Mar-24,
VEBO PET SUPPLIES,PRD:AU1:AU1-AUSTRALIA B2B B2C INV ORG,PAC00-14231,1-Apr-24,
VEBO PET SUPPLIES,PRD:AU1:AU1-AUSTRALIA B2B B2C INV ORG,PAC00-14231,1-May-24,
VEBO PET SUPPLIES,PRD:AU1:AU1-AUSTRALIA B2B B2C INV ORG,PAC00-14231,1-Jun-24,
VEBO PET SUPPLIES,PRD:AU1:AU1-AUSTRALIA B2B B2C INV ORG,PAC00-14231,1-Jul-24,
VEBO PET SUPPLIES,PRD:AU1:AU1-AUSTRALIA B2B B2C INV ORG,PAC00-14231,1-Aug-24,
VEBO PET SUPPLIES,PRD:AU1:AU1-AUSTRALIA B2B B2C INV ORG,PAC00-14231,1-Sep-24,
VEBO PET SUPPLIES,PRD:AU1:AU1-AUSTRALIA B2B B2C INV ORG,PAC00-14231,1-Oct-24,
VEBO PET SUPPLIES,PRD:AU1:AU1-AUSTRALIA B2B B2C INV ORG,PAC00-14231,1-Nov-24,
VEBO PET SUPPLIES,PRD:AU1:AU1-AUSTRALIA B2B B2C INV ORG,PAC00-14231,1-Dec-24,
VEBO PET SUPPLIES,PRD:AU1:AU1-AUSTRALIA B2B B2C INV ORG,PAC00-14231,1-Jan-25,
VEBO PET SUPPLIES,PRD:AU1:AU1-AUSTRALIA B2B B2C INV ORG,PAC00-14231,1-Feb-25,
VEBO PET SUPPLIES,PRD:AU1:AU1-AUSTRALIA B2B B2C INV ORG,PAC00-14231,1-Mar-25,
VEBO PET SUPPLIES,PRD:AU1:AU1-AUSTRALIA B2B B2C INV ORG,PAC00-14231,1-Apr-25,2
VEBO PET SUPPLIES,PRD:AU1:AU1-AUSTRALIA B2B B2C INV ORG,PAC00-14231,1-May-25,4
VEBO PET SUPPLIES,PRD:AU1:AU1-AUSTRALIA B2B B2C INV ORG,PAC00-14231,1-Jun-25,
VEBO PET SUPPLIES,PRD:AU1:AU1-AUSTRALIA B2B B2C INV ORG,PAC00-14231,1-Jul-25,10
VEBO PET SUPPLIES,PRD:AU1:AU1-AUSTRALIA B2B B2C INV ORG,PAC00-14231,1-Aug-25,
VEBO PET SUPPLIES,PRD:AU1:AU1-AUSTRALIA B2B B2C INV ORG,PAC00-14231,1-Sep-25,4
VEBO PET SUPPLIES,PRD:AU1:AU1-AUSTRALIA B2B B2C INV ORG,PAC00-14231,1-Oct-25,8
VEBO PET SUPPLIES,PRD:AU1:AU1-AUSTRALIA B2B B2C INV ORG,PAC00-14231,1-Nov-25,
VEBO PET SUPPLIES,PRD:AU1:AU1-AUSTRALIA B2B B2C INV ORG,PAC00-14231,1-Dec-25,4
VEBO PET SUPPLIES,PRD:AU1:AU1-AUSTRALIA B2B B2C INV ORG,PAC00-14231,1-Jan-26,
VEBO PET SUPPLIES,PRD:AU1:AU1-AUSTRALIA B2B B2C INV ORG,PAC00-14231,1-Feb-26,1
VEBO PET SUPPLIES,PRD:AU1:AU1-AUSTRALIA B2B B2C INV ORG,PAC00-14231,1-Mar-26,4
VEBO PET SUPPLIES,PRD:AU1:AU1-AUSTRALIA B2B B2C INV ORG,PAC00-14231,1-Apr-26,5
VETERINARY SERVICE   RIVERSIDE,PRD:IND:IND-GEODIS WHSE IND US,PAC00-14231,1-May-23,
VETERINARY SERVICE   RIVERSIDE,PRD:IND:IND-GEODIS WHSE IND US,PAC00-14231,1-Jun-23,
VETERINARY SERVICE   RIVERSIDE,PRD:IND:IND-GEODIS WHSE IND US,PAC00-14231,1-Jul-23,120
VETERINARY SERVICE   RIVERSIDE,PRD:IND:IND-GEODIS WHSE IND US,PAC00-14231,1-Aug-23,36
VETERINARY SERVICE   RIVERSIDE,PRD:IND:IND-GEODIS WHSE IND US,PAC00-14231,1-Sep-23,60
VETERINARY SERVICE   RIVERSIDE,PRD:IND:IND-GEODIS WHSE IND US,PAC00-14231,1-Oct-23,
VETERINARY SERVICE   RIVERSIDE,PRD:IND:IND-GEODIS WHSE IND US,PAC00-14231,1-Nov-23,20
VETERINARY SERVICE   RIVERSIDE,PRD:IND:IND-GEODIS WHSE IND US,PAC00-14231,1-Dec-23,48
VETERINARY SERVICE   RIVERSIDE,PRD:IND:IND-GEODIS WHSE IND US,PAC00-14231,1-Jan-24,24
VETERINARY SERVICE   RIVERSIDE,PRD:IND:IND-GEODIS WHSE IND US,PAC00-14231,1-Feb-24,
VETERINARY SERVICE   RIVERSIDE,PRD:IND:IND-GEODIS WHSE IND US,PAC00-14231,1-Mar-24,
VETERINARY SERVICE   RIVERSIDE,PRD:IND:IND-GEODIS WHSE IND US,PAC00-14231,1-Apr-24,12
VETERINARY SERVICE   RIVERSIDE,PRD:IND:IND-GEODIS WHSE IND US,PAC00-14231,1-May-24,
VETERINARY SERVICE   RIVERSIDE,PRD:IND:IND-GEODIS WHSE IND US,PAC00-14231,1-Jun-24,
VETERINARY SERVICE   RIVERSIDE,PRD:IND:IND-GEODIS WHSE IND US,PAC00-14231,1-Jul-24,
VETERINARY SERVICE   RIVERSIDE,PRD:IND:IND-GEODIS WHSE IND US,PAC00-14231,1-Aug-24,
VETERINARY SERVICE   RIVERSIDE,PRD:IND:IND-GEODIS WHSE IND US,PAC00-14231,1-Sep-24,8
VETERINARY SERVICE   RIVERSIDE,PRD:IND:IND-GEODIS WHSE IND US,PAC00-14231,1-Oct-24,8
VETERINARY SERVICE   RIVERSIDE,PRD:IND:IND-GEODIS WHSE IND US,PAC00-14231,1-Nov-24,6
VETERINARY SERVICE   RIVERSIDE,PRD:IND:IND-GEODIS WHSE IND US,PAC00-14231,1-Dec-24,
VETERINARY SERVICE   RIVERSIDE,PRD:IND:IND-GEODIS WHSE IND US,PAC00-14231,1-Jan-25,16
VETERINARY SERVICE   RIVERSIDE,PRD:IND:IND-GEODIS WHSE IND US,PAC00-14231,1-Feb-25,
VETERINARY SERVICE   RIVERSIDE,PRD:IND:IND-GEODIS WHSE IND US,PAC00-14231,1-Mar-25,
VETERINARY SERVICE   RIVERSIDE,PRD:IND:IND-GEODIS WHSE IND US,PAC00-14231,1-Apr-25,12
VETERINARY SERVICE   RIVERSIDE,PRD:IND:IND-GEODIS WHSE IND US,PAC00-14231,1-May-25,
VETERINARY SERVICE   RIVERSIDE,PRD:IND:IND-GEODIS WHSE IND US,PAC00-14231,1-Jun-25,
VETERINARY SERVICE   RIVERSIDE,PRD:IND:IND-GEODIS WHSE IND US,PAC00-14231,1-Jul-25,
VETERINARY SERVICE   RIVERSIDE,PRD:IND:IND-GEODIS WHSE IND US,PAC00-14231,1-Aug-25,
VETERINARY SERVICE   RIVERSIDE,PRD:IND:IND-GEODIS WHSE IND US,PAC00-14231,1-Sep-25,3
VETERINARY SERVICE   RIVERSIDE,PRD:IND:IND-GEODIS WHSE IND US,PAC00-14231,1-Oct-25,3
VETERINARY SERVICE   RIVERSIDE,PRD:IND:IND-GEODIS WHSE IND US,PAC00-14231,1-Nov-25,
VETERINARY SERVICE   RIVERSIDE,PRD:IND:IND-GEODIS WHSE IND US,PAC00-14231,1-Dec-25,4
VETERINARY SERVICE   RIVERSIDE,PRD:IND:IND-GEODIS WHSE IND US,PAC00-14231,1-Jan-26,
VETERINARY SERVICE   RIVERSIDE,PRD:IND:IND-GEODIS WHSE IND US,PAC00-14231,1-Feb-26,12
VETERINARY SERVICE   RIVERSIDE,PRD:IND:IND-GEODIS WHSE IND US,PAC00-14231,1-Mar-26,
VETERINARY SERVICE   RIVERSIDE,PRD:IND:IND-GEODIS WHSE IND US,PAC00-14231,1-Apr-26,
VETERINARY SERVICE   RIVERSIDE,PRD:IND:IND-GEODIS WHSE IND US,PBC-1000,1-May-23,
VETERINARY SERVICE   RIVERSIDE,PRD:IND:IND-GEODIS WHSE IND US,PBC-1000,1-Jun-23,
VETERINARY SERVICE   RIVERSIDE,PRD:IND:IND-GEODIS WHSE IND US,PBC-1000,1-Jul-23,6
VETERINARY SERVICE   RIVERSIDE,PRD:IND:IND-GEODIS WHSE IND US,PBC-1000,1-Aug-23,6
VETERINARY SERVICE   RIVERSIDE,PRD:IND:IND-GEODIS WHSE IND US,PBC-1000,1-Sep-23,
VETERINARY SERVICE   RIVERSIDE,PRD:IND:IND-GEODIS WHSE IND US,PBC-1000,1-Oct-23,
VETERINARY SERVICE   RIVERSIDE,PRD:IND:IND-GEODIS WHSE IND US,PBC-1000,1-Nov-23,
VETERINARY SERVICE   RIVERSIDE,PRD:IND:IND-GEODIS WHSE IND US,PBC-1000,1-Dec-23,
VETERINARY SERVICE   RIVERSIDE,PRD:IND:IND-GEODIS WHSE IND US,PBC-1000,1-Jan-24,
VETERINARY SERVICE   RIVERSIDE,PRD:IND:IND-GEODIS WHSE IND US,PBC-1000,1-Feb-24,
VETERINARY SERVICE   RIVERSIDE,PRD:IND:IND-GEODIS WHSE IND US,PBC-1000,1-Mar-24,6
VETERINARY SERVICE   RIVERSIDE,PRD:IND:IND-GEODIS WHSE IND US,PBC-1000,1-Apr-24,
VETERINARY SERVICE   RIVERSIDE,PRD:IND:IND-GEODIS WHSE IND US,PBC-1000,1-May-24,
VETERINARY SERVICE   RIVERSIDE,PRD:IND:IND-GEODIS WHSE IND US,PBC-1000,1-Jun-24,
VETERINARY SERVICE   RIVERSIDE,PRD:IND:IND-GEODIS WHSE IND US,PBC-1000,1-Jul-24,6
VETERINARY SERVICE   RIVERSIDE,PRD:IND:IND-GEODIS WHSE IND US,PBC-1000,1-Aug-24,
VETERINARY SERVICE   RIVERSIDE,PRD:IND:IND-GEODIS WHSE IND US,PBC-1000,1-Sep-24,
VETERINARY SERVICE   RIVERSIDE,PRD:IND:IND-GEODIS WHSE IND US,PBC-1000,1-Oct-24,
VETERINARY SERVICE   RIVERSIDE,PRD:IND:IND-GEODIS WHSE IND US,PBC-1000,1-Nov-24,
VETERINARY SERVICE   RIVERSIDE,PRD:IND:IND-GEODIS WHSE IND US,PBC-1000,1-Dec-24,
VETERINARY SERVICE   RIVERSIDE,PRD:IND:IND-GEODIS WHSE IND US,PBC-1000,1-Jan-25,6
VETERINARY SERVICE   RIVERSIDE,PRD:IND:IND-GEODIS WHSE IND US,PBC-1000,1-Feb-25,
VETERINARY SERVICE   RIVERSIDE,PRD:IND:IND-GEODIS WHSE IND US,PBC-1000,1-Mar-25,
VETERINARY SERVICE   RIVERSIDE,PRD:IND:IND-GEODIS WHSE IND US,PBC-1000,1-Apr-25,18
VETERINARY SERVICE   RIVERSIDE,PRD:IND:IND-GEODIS WHSE IND US,PBC-1000,1-May-25,
VETERINARY SERVICE   RIVERSIDE,PRD:IND:IND-GEODIS WHSE IND US,PBC-1000,1-Jun-25,
VETERINARY SERVICE   RIVERSIDE,PRD:IND:IND-GEODIS WHSE IND US,PBC-1000,1-Jul-25,
VETERINARY SERVICE   RIVERSIDE,PRD:IND:IND-GEODIS WHSE IND US,PBC-1000,1-Aug-25,12
VETERINARY SERVICE   RIVERSIDE,PRD:IND:IND-GEODIS WHSE IND US,PBC-1000,1-Sep-25,12
VETERINARY SERVICE   RIVERSIDE,PRD:IND:IND-GEODIS WHSE IND US,PBC-1000,1-Oct-25,12
VETERINARY SERVICE   RIVERSIDE,PRD:IND:IND-GEODIS WHSE IND US,PBC-1000,1-Nov-25,
VETERINARY SERVICE   RIVERSIDE,PRD:IND:IND-GEODIS WHSE IND US,PBC-1000,1-Dec-25,6
VETERINARY SERVICE   RIVERSIDE,PRD:IND:IND-GEODIS WHSE IND US,PBC-1000,1-Jan-26,
VETERINARY SERVICE   RIVERSIDE,PRD:IND:IND-GEODIS WHSE IND US,PBC-1000,1-Feb-26,6
VETERINARY SERVICE   RIVERSIDE,PRD:IND:IND-GEODIS WHSE IND US,PBC-1000,1-Mar-26,6
VETERINARY SERVICE   RIVERSIDE,PRD:IND:IND-GEODIS WHSE IND US,PBC-1000,1-Apr-26,6
VETERINARY SERVICE  ALBANY,PRD:IND:IND-GEODIS WHSE IND US,PAC00-14231,1-May-23,
VETERINARY SERVICE  ALBANY,PRD:IND:IND-GEODIS WHSE IND US,PAC00-14231,1-Jun-23,
VETERINARY SERVICE  ALBANY,PRD:IND:IND-GEODIS WHSE IND US,PAC00-14231,1-Jul-23,
VETERINARY SERVICE  ALBANY,PRD:IND:IND-GEODIS WHSE IND US,PAC00-14231,1-Aug-23,
VETERINARY SERVICE  ALBANY,PRD:IND:IND-GEODIS WHSE IND US,PAC00-14231,1-Sep-23,
VETERINARY SERVICE  ALBANY,PRD:IND:IND-GEODIS WHSE IND US,PAC00-14231,1-Oct-23,
VETERINARY SERVICE  ALBANY,PRD:IND:IND-GEODIS WHSE IND US,PAC00-14231,1-Nov-23,
VETERINARY SERVICE  ALBANY,PRD:IND:IND-GEODIS WHSE IND US,PAC00-14231,1-Dec-23,
VETERINARY SERVICE  ALBANY,PRD:IND:IND-GEODIS WHSE IND US,PAC00-14231,1-Jan-24,
VETERINARY SERVICE  ALBANY,PRD:IND:IND-GEODIS WHSE IND US,PAC00-14231,1-Feb-24,
VETERINARY SERVICE  ALBANY,PRD:IND:IND-GEODIS WHSE IND US,PAC00-14231,1-Mar-24,2
VETERINARY SERVICE  ALBANY,PRD:IND:IND-GEODIS WHSE IND US,PAC00-14231,1-Apr-24,
VETERINARY SERVICE  ALBANY,PRD:IND:IND-GEODIS WHSE IND US,PAC00-14231,1-May-24,
VETERINARY SERVICE  ALBANY,PRD:IND:IND-GEODIS WHSE IND US,PAC00-14231,1-Jun-24,
VETERINARY SERVICE  ALBANY,PRD:IND:IND-GEODIS WHSE IND US,PAC00-14231,1-Jul-24,
VETERINARY SERVICE  ALBANY,PRD:IND:IND-GEODIS WHSE IND US,PAC00-14231,1-Aug-24,
VETERINARY SERVICE  ALBANY,PRD:IND:IND-GEODIS WHSE IND US,PAC00-14231,1-Sep-24,
VETERINARY SERVICE  ALBANY,PRD:IND:IND-GEODIS WHSE IND US,PAC00-14231,1-Oct-24,
VETERINARY SERVICE  ALBANY,PRD:IND:IND-GEODIS WHSE IND US,PAC00-14231,1-Nov-24,
VETERINARY SERVICE  ALBANY,PRD:IND:IND-GEODIS WHSE IND US,PAC00-14231,1-Dec-24,
VETERINARY SERVICE  ALBANY,PRD:IND:IND-GEODIS WHSE IND US,PAC00-14231,1-Jan-25,
VETERINARY SERVICE  ALBANY,PRD:IND:IND-GEODIS WHSE IND US,PAC00-14231,1-Feb-25,
VETERINARY SERVICE  ALBANY,PRD:IND:IND-GEODIS WHSE IND US,PAC00-14231,1-Mar-25,
VETERINARY SERVICE  ALBANY,PRD:IND:IND-GEODIS WHSE IND US,PAC00-14231,1-Apr-25,
VETERINARY SERVICE  ALBANY,PRD:IND:IND-GEODIS WHSE IND US,PAC00-14231,1-May-25,
VETERINARY SERVICE  ALBANY,PRD:IND:IND-GEODIS WHSE IND US,PAC00-14231,1-Jun-25,
VETERINARY SERVICE  ALBANY,PRD:IND:IND-GEODIS WHSE IND US,PAC00-14231,1-Jul-25,
VETERINARY SERVICE  ALBANY,PRD:IND:IND-GEODIS WHSE IND US,PAC00-14231,1-Aug-25,
VETERINARY SERVICE  ALBANY,PRD:IND:IND-GEODIS WHSE IND US,PAC00-14231,1-Sep-25,
VETERINARY SERVICE  ALBANY,PRD:IND:IND-GEODIS WHSE IND US,PAC00-14231,1-Oct-25,
VETERINARY SERVICE  ALBANY,PRD:IND:IND-GEODIS WHSE IND US,PAC00-14231,1-Nov-25,
VETERINARY SERVICE  ALBANY,PRD:IND:IND-GEODIS WHSE IND US,PAC00-14231,1-Dec-25,
VETERINARY SERVICE  ALBANY,PRD:IND:IND-GEODIS WHSE IND US,PAC00-14231,1-Jan-26,
VETERINARY SERVICE  ALBANY,PRD:IND:IND-GEODIS WHSE IND US,PAC00-14231,1-Feb-26,
VETERINARY SERVICE  ALBANY,PRD:IND:IND-GEODIS WHSE IND US,PAC00-14231,1-Mar-26,
VETERINARY SERVICE  ALBANY,PRD:IND:IND-GEODIS WHSE IND US,PAC00-14231,1-Apr-26,
VETERINARY SERVICE  ALBANY,PRD:IND:IND-GEODIS WHSE IND US,PBC-1000,1-May-23,18
VETERINARY SERVICE  ALBANY,PRD:IND:IND-GEODIS WHSE IND US,PBC-1000,1-Jun-23,24
VETERINARY SERVICE  ALBANY,PRD:IND:IND-GEODIS WHSE IND US,PBC-1000,1-Jul-23,18
VETERINARY SERVICE  ALBANY,PRD:IND:IND-GEODIS WHSE IND US,PBC-1000,1-Aug-23,
VETERINARY SERVICE  ALBANY,PRD:IND:IND-GEODIS WHSE IND US,PBC-1000,1-Sep-23,18
VETERINARY SERVICE  ALBANY,PRD:IND:IND-GEODIS WHSE IND US,PBC-1000,1-Oct-23,18
VETERINARY SERVICE  ALBANY,PRD:IND:IND-GEODIS WHSE IND US,PBC-1000,1-Nov-23,18
VETERINARY SERVICE  ALBANY,PRD:IND:IND-GEODIS WHSE IND US,PBC-1000,1-Dec-23,42
VETERINARY SERVICE  ALBANY,PRD:IND:IND-GEODIS WHSE IND US,PBC-1000,1-Jan-24,
VETERINARY SERVICE  ALBANY,PRD:IND:IND-GEODIS WHSE IND US,PBC-1000,1-Feb-24,
VETERINARY SERVICE  ALBANY,PRD:IND:IND-GEODIS WHSE IND US,PBC-1000,1-Mar-24,
VETERINARY SERVICE  ALBANY,PRD:IND:IND-GEODIS WHSE IND US,PBC-1000,1-Apr-24,
VETERINARY SERVICE  ALBANY,PRD:IND:IND-GEODIS WHSE IND US,PBC-1000,1-May-24,
VETERINARY SERVICE  ALBANY,PRD:IND:IND-GEODIS WHSE IND US,PBC-1000,1-Jun-24,
VETERINARY SERVICE  ALBANY,PRD:IND:IND-GEODIS WHSE IND US,PBC-1000,1-Jul-24,12
VETERINARY SERVICE  ALBANY,PRD:IND:IND-GEODIS WHSE IND US,PBC-1000,1-Aug-24,6
VETERINARY SERVICE  ALBANY,PRD:IND:IND-GEODIS WHSE IND US,PBC-1000,1-Sep-24,12
VETERINARY SERVICE  ALBANY,PRD:IND:IND-GEODIS WHSE IND US,PBC-1000,1-Oct-24,12
VETERINARY SERVICE  ALBANY,PRD:IND:IND-GEODIS WHSE IND US,PBC-1000,1-Nov-24,
VETERINARY SERVICE  ALBANY,PRD:IND:IND-GEODIS WHSE IND US,PBC-1000,1-Dec-24,12
VETERINARY SERVICE  ALBANY,PRD:IND:IND-GEODIS WHSE IND US,PBC-1000,1-Jan-25,
VETERINARY SERVICE  ALBANY,PRD:IND:IND-GEODIS WHSE IND US,PBC-1000,1-Feb-25,18
VETERINARY SERVICE  ALBANY,PRD:IND:IND-GEODIS WHSE IND US,PBC-1000,1-Mar-25,6
VETERINARY SERVICE  ALBANY,PRD:IND:IND-GEODIS WHSE IND US,PBC-1000,1-Apr-25,12
VETERINARY SERVICE  ALBANY,PRD:IND:IND-GEODIS WHSE IND US,PBC-1000,1-May-25,
VETERINARY SERVICE  ALBANY,PRD:IND:IND-GEODIS WHSE IND US,PBC-1000,1-Jun-25,
VETERINARY SERVICE  ALBANY,PRD:IND:IND-GEODIS WHSE IND US,PBC-1000,1-Jul-25,
VETERINARY SERVICE  ALBANY,PRD:IND:IND-GEODIS WHSE IND US,PBC-1000,1-Aug-25,
VETERINARY SERVICE  ALBANY,PRD:IND:IND-GEODIS WHSE IND US,PBC-1000,1-Sep-25,
VETERINARY SERVICE  ALBANY,PRD:IND:IND-GEODIS WHSE IND US,PBC-1000,1-Oct-25,
VETERINARY SERVICE  ALBANY,PRD:IND:IND-GEODIS WHSE IND US,PBC-1000,1-Nov-25,
VETERINARY SERVICE  ALBANY,PRD:IND:IND-GEODIS WHSE IND US,PBC-1000,1-Dec-25,
VETERINARY SERVICE  ALBANY,PRD:IND:IND-GEODIS WHSE IND US,PBC-1000,1-Jan-26,
VETERINARY SERVICE  ALBANY,PRD:IND:IND-GEODIS WHSE IND US,PBC-1000,1-Feb-26,
VETERINARY SERVICE  ALBANY,PRD:IND:IND-GEODIS WHSE IND US,PBC-1000,1-Mar-26,
VETERINARY SERVICE  ALBANY,PRD:IND:IND-GEODIS WHSE IND US,PBC-1000,1-Apr-26,
WALMART CONSUMER DROPSHIP,PRD:IND:IND-GEODIS WHSE IND US,PBC-1000,1-May-23,
WALMART CONSUMER DROPSHIP,PRD:IND:IND-GEODIS WHSE IND US,PBC-1000,1-Jun-23,
WALMART CONSUMER DROPSHIP,PRD:IND:IND-GEODIS WHSE IND US,PBC-1000,1-Jul-23,
WALMART CONSUMER DROPSHIP,PRD:IND:IND-GEODIS WHSE IND US,PBC-1000,1-Aug-23,2
WALMART CONSUMER DROPSHIP,PRD:IND:IND-GEODIS WHSE IND US,PBC-1000,1-Sep-23,1
WALMART CONSUMER DROPSHIP,PRD:IND:IND-GEODIS WHSE IND US,PBC-1000,1-Oct-23,4
WALMART CONSUMER DROPSHIP,PRD:IND:IND-GEODIS WHSE IND US,PBC-1000,1-Nov-23,
WALMART CONSUMER DROPSHIP,PRD:IND:IND-GEODIS WHSE IND US,PBC-1000,1-Dec-23,1
WALMART CONSUMER DROPSHIP,PRD:IND:IND-GEODIS WHSE IND US,PBC-1000,1-Jan-24,2
WALMART CONSUMER DROPSHIP,PRD:IND:IND-GEODIS WHSE IND US,PBC-1000,1-Feb-24,
WALMART CONSUMER DROPSHIP,PRD:IND:IND-GEODIS WHSE IND US,PBC-1000,1-Mar-24,4
WALMART CONSUMER DROPSHIP,PRD:IND:IND-GEODIS WHSE IND US,PBC-1000,1-Apr-24,2
WALMART CONSUMER DROPSHIP,PRD:IND:IND-GEODIS WHSE IND US,PBC-1000,1-May-24,6
WALMART CONSUMER DROPSHIP,PRD:IND:IND-GEODIS WHSE IND US,PBC-1000,1-Jun-24,4
WALMART CONSUMER DROPSHIP,PRD:IND:IND-GEODIS WHSE IND US,PBC-1000,1-Jul-24,5
WALMART CONSUMER DROPSHIP,PRD:IND:IND-GEODIS WHSE IND US,PBC-1000,1-Aug-24,5
WALMART CONSUMER DROPSHIP,PRD:IND:IND-GEODIS WHSE IND US,PBC-1000,1-Sep-24,5
WALMART CONSUMER DROPSHIP,PRD:IND:IND-GEODIS WHSE IND US,PBC-1000,1-Oct-24,7
WALMART CONSUMER DROPSHIP,PRD:IND:IND-GEODIS WHSE IND US,PBC-1000,1-Nov-24,2
WALMART CONSUMER DROPSHIP,PRD:IND:IND-GEODIS WHSE IND US,PBC-1000,1-Dec-24,3
WALMART CONSUMER DROPSHIP,PRD:IND:IND-GEODIS WHSE IND US,PBC-1000,1-Jan-25,1
WALMART CONSUMER DROPSHIP,PRD:IND:IND-GEODIS WHSE IND US,PBC-1000,1-Feb-25,5
WALMART CONSUMER DROPSHIP,PRD:IND:IND-GEODIS WHSE IND US,PBC-1000,1-Mar-25,7
WALMART CONSUMER DROPSHIP,PRD:IND:IND-GEODIS WHSE IND US,PBC-1000,1-Apr-25,9
WALMART CONSUMER DROPSHIP,PRD:IND:IND-GEODIS WHSE IND US,PBC-1000,1-May-25,
WALMART CONSUMER DROPSHIP,PRD:IND:IND-GEODIS WHSE IND US,PBC-1000,1-Jun-25,2
WALMART CONSUMER DROPSHIP,PRD:IND:IND-GEODIS WHSE IND US,PBC-1000,1-Jul-25,
WALMART CONSUMER DROPSHIP,PRD:IND:IND-GEODIS WHSE IND US,PBC-1000,1-Aug-25,1
WALMART CONSUMER DROPSHIP,PRD:IND:IND-GEODIS WHSE IND US,PBC-1000,1-Sep-25,
WALMART CONSUMER DROPSHIP,PRD:IND:IND-GEODIS WHSE IND US,PBC-1000,1-Oct-25,1
WALMART CONSUMER DROPSHIP,PRD:IND:IND-GEODIS WHSE IND US,PBC-1000,1-Nov-25,1
WALMART CONSUMER DROPSHIP,PRD:IND:IND-GEODIS WHSE IND US,PBC-1000,1-Dec-25,6
WALMART CONSUMER DROPSHIP,PRD:IND:IND-GEODIS WHSE IND US,PBC-1000,1-Jan-26,6
WALMART CONSUMER DROPSHIP,PRD:IND:IND-GEODIS WHSE IND US,PBC-1000,1-Feb-26,3
WALMART CONSUMER DROPSHIP,PRD:IND:IND-GEODIS WHSE IND US,PBC-1000,1-Mar-26,5
WALMART CONSUMER DROPSHIP,PRD:IND:IND-GEODIS WHSE IND US,PBC-1000,1-Apr-26,12
WALMART CONSUMER DROPSHIP,PRD:WCB:WCB-WEST COAST B2B INV ORG,PBC-1000,1-May-23,
WALMART CONSUMER DROPSHIP,PRD:WCB:WCB-WEST COAST B2B INV ORG,PBC-1000,1-Jun-23,
WALMART CONSUMER DROPSHIP,PRD:WCB:WCB-WEST COAST B2B INV ORG,PBC-1000,1-Jul-23,
WALMART CONSUMER DROPSHIP,PRD:WCB:WCB-WEST COAST B2B INV ORG,PBC-1000,1-Aug-23,
WALMART CONSUMER DROPSHIP,PRD:WCB:WCB-WEST COAST B2B INV ORG,PBC-1000,1-Sep-23,
WALMART CONSUMER DROPSHIP,PRD:WCB:WCB-WEST COAST B2B INV ORG,PBC-1000,1-Oct-23,
WALMART CONSUMER DROPSHIP,PRD:WCB:WCB-WEST COAST B2B INV ORG,PBC-1000,1-Nov-23,
WALMART CONSUMER DROPSHIP,PRD:WCB:WCB-WEST COAST B2B INV ORG,PBC-1000,1-Dec-23,
WALMART CONSUMER DROPSHIP,PRD:WCB:WCB-WEST COAST B2B INV ORG,PBC-1000,1-Jan-24,
WALMART CONSUMER DROPSHIP,PRD:WCB:WCB-WEST COAST B2B INV ORG,PBC-1000,1-Feb-24,
WALMART CONSUMER DROPSHIP,PRD:WCB:WCB-WEST COAST B2B INV ORG,PBC-1000,1-Mar-24,
WALMART CONSUMER DROPSHIP,PRD:WCB:WCB-WEST COAST B2B INV ORG,PBC-1000,1-Apr-24,
WALMART CONSUMER DROPSHIP,PRD:WCB:WCB-WEST COAST B2B INV ORG,PBC-1000,1-May-24,
WALMART CONSUMER DROPSHIP,PRD:WCB:WCB-WEST COAST B2B INV ORG,PBC-1000,1-Jun-24,
WALMART CONSUMER DROPSHIP,PRD:WCB:WCB-WEST COAST B2B INV ORG,PBC-1000,1-Jul-24,
WALMART CONSUMER DROPSHIP,PRD:WCB:WCB-WEST COAST B2B INV ORG,PBC-1000,1-Aug-24,
WALMART CONSUMER DROPSHIP,PRD:WCB:WCB-WEST COAST B2B INV ORG,PBC-1000,1-Sep-24,
WALMART CONSUMER DROPSHIP,PRD:WCB:WCB-WEST COAST B2B INV ORG,PBC-1000,1-Oct-24,
WALMART CONSUMER DROPSHIP,PRD:WCB:WCB-WEST COAST B2B INV ORG,PBC-1000,1-Nov-24,
WALMART CONSUMER DROPSHIP,PRD:WCB:WCB-WEST COAST B2B INV ORG,PBC-1000,1-Dec-24,
WALMART CONSUMER DROPSHIP,PRD:WCB:WCB-WEST COAST B2B INV ORG,PBC-1000,1-Jan-25,
WALMART CONSUMER DROPSHIP,PRD:WCB:WCB-WEST COAST B2B INV ORG,PBC-1000,1-Feb-25,
WALMART CONSUMER DROPSHIP,PRD:WCB:WCB-WEST COAST B2B INV ORG,PBC-1000,1-Mar-25,
WALMART CONSUMER DROPSHIP,PRD:WCB:WCB-WEST COAST B2B INV ORG,PBC-1000,1-Apr-25,
WALMART CONSUMER DROPSHIP,PRD:WCB:WCB-WEST COAST B2B INV ORG,PBC-1000,1-May-25,
WALMART CONSUMER DROPSHIP,PRD:WCB:WCB-WEST COAST B2B INV ORG,PBC-1000,1-Jun-25,
WALMART CONSUMER DROPSHIP,PRD:WCB:WCB-WEST COAST B2B INV ORG,PBC-1000,1-Jul-25,
WALMART CONSUMER DROPSHIP,PRD:WCB:WCB-WEST COAST B2B INV ORG,PBC-1000,1-Aug-25,
WALMART CONSUMER DROPSHIP,PRD:WCB:WCB-WEST COAST B2B INV ORG,PBC-1000,1-Sep-25,
WALMART CONSUMER DROPSHIP,PRD:WCB:WCB-WEST COAST B2B INV ORG,PBC-1000,1-Oct-25,1
WALMART CONSUMER DROPSHIP,PRD:WCB:WCB-WEST COAST B2B INV ORG,PBC-1000,1-Nov-25,
WALMART CONSUMER DROPSHIP,PRD:WCB:WCB-WEST COAST B2B INV ORG,PBC-1000,1-Dec-25,3
WALMART CONSUMER DROPSHIP,PRD:WCB:WCB-WEST COAST B2B INV ORG,PBC-1000,1-Jan-26,
WALMART CONSUMER DROPSHIP,PRD:WCB:WCB-WEST COAST B2B INV ORG,PBC-1000,1-Feb-26,1
WALMART CONSUMER DROPSHIP,PRD:WCB:WCB-WEST COAST B2B INV ORG,PBC-1000,1-Mar-26,
WALMART CONSUMER DROPSHIP,PRD:WCB:WCB-WEST COAST B2B INV ORG,PBC-1000,1-Apr-26,3
WALMART STORES,PRD:IND:IND-GEODIS WHSE IND US,PAC00-14231,1-May-23,
WALMART STORES,PRD:IND:IND-GEODIS WHSE IND US,PAC00-14231,1-Jun-23,
WALMART STORES,PRD:IND:IND-GEODIS WHSE IND US,PAC00-14231,1-Jul-23,
WALMART STORES,PRD:IND:IND-GEODIS WHSE IND US,PAC00-14231,1-Aug-23,
WALMART STORES,PRD:IND:IND-GEODIS WHSE IND US,PAC00-14231,1-Sep-23,
WALMART STORES,PRD:IND:IND-GEODIS WHSE IND US,PAC00-14231,1-Oct-23,
WALMART STORES,PRD:IND:IND-GEODIS WHSE IND US,PAC00-14231,1-Nov-23,
WALMART STORES,PRD:IND:IND-GEODIS WHSE IND US,PAC00-14231,1-Dec-23,
WALMART STORES,PRD:IND:IND-GEODIS WHSE IND US,PAC00-14231,1-Jan-24,
WALMART STORES,PRD:IND:IND-GEODIS WHSE IND US,PAC00-14231,1-Feb-24,
WALMART STORES,PRD:IND:IND-GEODIS WHSE IND US,PAC00-14231,1-Mar-24,
WALMART STORES,PRD:IND:IND-GEODIS WHSE IND US,PAC00-14231,1-Apr-24,
WALMART STORES,PRD:IND:IND-GEODIS WHSE IND US,PAC00-14231,1-May-24,
WALMART STORES,PRD:IND:IND-GEODIS WHSE IND US,PAC00-14231,1-Jun-24,145
WALMART STORES,PRD:IND:IND-GEODIS WHSE IND US,PAC00-14231,1-Jul-24,385
WALMART STORES,PRD:IND:IND-GEODIS WHSE IND US,PAC00-14231,1-Aug-24,543
WALMART STORES,PRD:IND:IND-GEODIS WHSE IND US,PAC00-14231,1-Sep-24,428
WALMART STORES,PRD:IND:IND-GEODIS WHSE IND US,PAC00-14231,1-Oct-24,721
WALMART STORES,PRD:IND:IND-GEODIS WHSE IND US,PAC00-14231,1-Nov-24,638
WALMART STORES,PRD:IND:IND-GEODIS WHSE IND US,PAC00-14231,1-Dec-24,574
WALMART STORES,PRD:IND:IND-GEODIS WHSE IND US,PAC00-14231,1-Jan-25,681
WALMART STORES,PRD:IND:IND-GEODIS WHSE IND US,PAC00-14231,1-Feb-25,716
WALMART STORES,PRD:IND:IND-GEODIS WHSE IND US,PAC00-14231,1-Mar-25,41
WALMART STORES,PRD:IND:IND-GEODIS WHSE IND US,PAC00-14231,1-Apr-25,83
WALMART STORES,PRD:IND:IND-GEODIS WHSE IND US,PAC00-14231,1-May-25,60
WALMART STORES,PRD:IND:IND-GEODIS WHSE IND US,PAC00-14231,1-Jun-25,94
WALMART STORES,PRD:IND:IND-GEODIS WHSE IND US,PAC00-14231,1-Jul-25,257
WALMART STORES,PRD:IND:IND-GEODIS WHSE IND US,PAC00-14231,1-Aug-25,50
WALMART STORES,PRD:IND:IND-GEODIS WHSE IND US,PAC00-14231,1-Sep-25,248
WALMART STORES,PRD:IND:IND-GEODIS WHSE IND US,PAC00-14231,1-Oct-25,231
WALMART STORES,PRD:IND:IND-GEODIS WHSE IND US,PAC00-14231,1-Nov-25,263
WALMART STORES,PRD:IND:IND-GEODIS WHSE IND US,PAC00-14231,1-Dec-25,227
WALMART STORES,PRD:IND:IND-GEODIS WHSE IND US,PAC00-14231,1-Jan-26,460
WALMART STORES,PRD:IND:IND-GEODIS WHSE IND US,PAC00-14231,1-Feb-26,188
WALMART STORES,PRD:IND:IND-GEODIS WHSE IND US,PAC00-14231,1-Mar-26,211
WALMART STORES,PRD:IND:IND-GEODIS WHSE IND US,PAC00-14231,1-Apr-26,
WALMART STORES,PRD:IND:IND-GEODIS WHSE IND US,PBC-1000,1-May-23,
WALMART STORES,PRD:IND:IND-GEODIS WHSE IND US,PBC-1000,1-Jun-23,
WALMART STORES,PRD:IND:IND-GEODIS WHSE IND US,PBC-1000,1-Jul-23,
WALMART STORES,PRD:IND:IND-GEODIS WHSE IND US,PBC-1000,1-Aug-23,
WALMART STORES,PRD:IND:IND-GEODIS WHSE IND US,PBC-1000,1-Sep-23,
WALMART STORES,PRD:IND:IND-GEODIS WHSE IND US,PBC-1000,1-Oct-23,
WALMART STORES,PRD:IND:IND-GEODIS WHSE IND US,PBC-1000,1-Nov-23,
WALMART STORES,PRD:IND:IND-GEODIS WHSE IND US,PBC-1000,1-Dec-23,
WALMART STORES,PRD:IND:IND-GEODIS WHSE IND US,PBC-1000,1-Jan-24,
WALMART STORES,PRD:IND:IND-GEODIS WHSE IND US,PBC-1000,1-Feb-24,
WALMART STORES,PRD:IND:IND-GEODIS WHSE IND US,PBC-1000,1-Mar-24,
WALMART STORES,PRD:IND:IND-GEODIS WHSE IND US,PBC-1000,1-Apr-24,
WALMART STORES,PRD:IND:IND-GEODIS WHSE IND US,PBC-1000,1-May-24,
WALMART STORES,PRD:IND:IND-GEODIS WHSE IND US,PBC-1000,1-Jun-24,
WALMART STORES,PRD:IND:IND-GEODIS WHSE IND US,PBC-1000,1-Jul-24,
WALMART STORES,PRD:IND:IND-GEODIS WHSE IND US,PBC-1000,1-Aug-24,
WALMART STORES,PRD:IND:IND-GEODIS WHSE IND US,PBC-1000,1-Sep-24,
WALMART STORES,PRD:IND:IND-GEODIS WHSE IND US,PBC-1000,1-Oct-24,
WALMART STORES,PRD:IND:IND-GEODIS WHSE IND US,PBC-1000,1-Nov-24,
WALMART STORES,PRD:IND:IND-GEODIS WHSE IND US,PBC-1000,1-Dec-24,
WALMART STORES,PRD:IND:IND-GEODIS WHSE IND US,PBC-1000,1-Jan-25,
WALMART STORES,PRD:IND:IND-GEODIS WHSE IND US,PBC-1000,1-Feb-25,
WALMART STORES,PRD:IND:IND-GEODIS WHSE IND US,PBC-1000,1-Mar-25,
WALMART STORES,PRD:IND:IND-GEODIS WHSE IND US,PBC-1000,1-Apr-25,
WALMART STORES,PRD:IND:IND-GEODIS WHSE IND US,PBC-1000,1-May-25,
WALMART STORES,PRD:IND:IND-GEODIS WHSE IND US,PBC-1000,1-Jun-25,
WALMART STORES,PRD:IND:IND-GEODIS WHSE IND US,PBC-1000,1-Jul-25,6
WALMART STORES,PRD:IND:IND-GEODIS WHSE IND US,PBC-1000,1-Aug-25,6
WALMART STORES,PRD:IND:IND-GEODIS WHSE IND US,PBC-1000,1-Sep-25,
WALMART STORES,PRD:IND:IND-GEODIS WHSE IND US,PBC-1000,1-Oct-25,
WALMART STORES,PRD:IND:IND-GEODIS WHSE IND US,PBC-1000,1-Nov-25,
WALMART STORES,PRD:IND:IND-GEODIS WHSE IND US,PBC-1000,1-Dec-25,
WALMART STORES,PRD:IND:IND-GEODIS WHSE IND US,PBC-1000,1-Jan-26,
WALMART STORES,PRD:IND:IND-GEODIS WHSE IND US,PBC-1000,1-Feb-26,
WALMART STORES,PRD:IND:IND-GEODIS WHSE IND US,PBC-1000,1-Mar-26,
WALMART STORES,PRD:IND:IND-GEODIS WHSE IND US,PBC-1000,1-Apr-26,
WALMART STORES,PRD:WCB:WCB-WEST COAST B2B INV ORG,PAC00-14231,1-May-23,
WALMART STORES,PRD:WCB:WCB-WEST COAST B2B INV ORG,PAC00-14231,1-Jun-23,
WALMART STORES,PRD:WCB:WCB-WEST COAST B2B INV ORG,PAC00-14231,1-Jul-23,
WALMART STORES,PRD:WCB:WCB-WEST COAST B2B INV ORG,PAC00-14231,1-Aug-23,
WALMART STORES,PRD:WCB:WCB-WEST COAST B2B INV ORG,PAC00-14231,1-Sep-23,
WALMART STORES,PRD:WCB:WCB-WEST COAST B2B INV ORG,PAC00-14231,1-Oct-23,
WALMART STORES,PRD:WCB:WCB-WEST COAST B2B INV ORG,PAC00-14231,1-Nov-23,
WALMART STORES,PRD:WCB:WCB-WEST COAST B2B INV ORG,PAC00-14231,1-Dec-23,
WALMART STORES,PRD:WCB:WCB-WEST COAST B2B INV ORG,PAC00-14231,1-Jan-24,
WALMART STORES,PRD:WCB:WCB-WEST COAST B2B INV ORG,PAC00-14231,1-Feb-24,
WALMART STORES,PRD:WCB:WCB-WEST COAST B2B INV ORG,PAC00-14231,1-Mar-24,
WALMART STORES,PRD:WCB:WCB-WEST COAST B2B INV ORG,PAC00-14231,1-Apr-24,
WALMART STORES,PRD:WCB:WCB-WEST COAST B2B INV ORG,PAC00-14231,1-May-24,
WALMART STORES,PRD:WCB:WCB-WEST COAST B2B INV ORG,PAC00-14231,1-Jun-24,24
WALMART STORES,PRD:WCB:WCB-WEST COAST B2B INV ORG,PAC00-14231,1-Jul-24,62
WALMART STORES,PRD:WCB:WCB-WEST COAST B2B INV ORG,PAC00-14231,1-Aug-24,68
WALMART STORES,PRD:WCB:WCB-WEST COAST B2B INV ORG,PAC00-14231,1-Sep-24,92
WALMART STORES,PRD:WCB:WCB-WEST COAST B2B INV ORG,PAC00-14231,1-Oct-24,85
WALMART STORES,PRD:WCB:WCB-WEST COAST B2B INV ORG,PAC00-14231,1-Nov-24,105
WALMART STORES,PRD:WCB:WCB-WEST COAST B2B INV ORG,PAC00-14231,1-Dec-24,70
WALMART STORES,PRD:WCB:WCB-WEST COAST B2B INV ORG,PAC00-14231,1-Jan-25,117
WALMART STORES,PRD:WCB:WCB-WEST COAST B2B INV ORG,PAC00-14231,1-Feb-25,51
WALMART STORES,PRD:WCB:WCB-WEST COAST B2B INV ORG,PAC00-14231,1-Mar-25,1
WALMART STORES,PRD:WCB:WCB-WEST COAST B2B INV ORG,PAC00-14231,1-Apr-25,9
WALMART STORES,PRD:WCB:WCB-WEST COAST B2B INV ORG,PAC00-14231,1-May-25,18
WALMART STORES,PRD:WCB:WCB-WEST COAST B2B INV ORG,PAC00-14231,1-Jun-25,27
WALMART STORES,PRD:WCB:WCB-WEST COAST B2B INV ORG,PAC00-14231,1-Jul-25,13
WALMART STORES,PRD:WCB:WCB-WEST COAST B2B INV ORG,PAC00-14231,1-Aug-25,19
WALMART STORES,PRD:WCB:WCB-WEST COAST B2B INV ORG,PAC00-14231,1-Sep-25,37
WALMART STORES,PRD:WCB:WCB-WEST COAST B2B INV ORG,PAC00-14231,1-Oct-25,30
WALMART STORES,PRD:WCB:WCB-WEST COAST B2B INV ORG,PAC00-14231,1-Nov-25,28
WALMART STORES,PRD:WCB:WCB-WEST COAST B2B INV ORG,PAC00-14231,1-Dec-25,48
WALMART STORES,PRD:WCB:WCB-WEST COAST B2B INV ORG,PAC00-14231,1-Jan-26,62
WALMART STORES,PRD:WCB:WCB-WEST COAST B2B INV ORG,PAC00-14231,1-Feb-26,42
WALMART STORES,PRD:WCB:WCB-WEST COAST B2B INV ORG,PAC00-14231,1-Mar-26,16
WALMART STORES,PRD:WCB:WCB-WEST COAST B2B INV ORG,PAC00-14231,1-Apr-26,
WALMART.COM CLOSED,PRD:IND:IND-GEODIS WHSE IND US,PAC00-14231,1-May-23,
WALMART.COM CLOSED,PRD:IND:IND-GEODIS WHSE IND US,PAC00-14231,1-Jun-23,
WALMART.COM CLOSED,PRD:IND:IND-GEODIS WHSE IND US,PAC00-14231,1-Jul-23,
WALMART.COM CLOSED,PRD:IND:IND-GEODIS WHSE IND US,PAC00-14231,1-Aug-23,
WALMART.COM CLOSED,PRD:IND:IND-GEODIS WHSE IND US,PAC00-14231,1-Sep-23,27
WALMART.COM CLOSED,PRD:IND:IND-GEODIS WHSE IND US,PAC00-14231,1-Oct-23,482
WALMART.COM CLOSED,PRD:IND:IND-GEODIS WHSE IND US,PAC00-14231,1-Nov-23,417
WALMART.COM CLOSED,PRD:IND:IND-GEODIS WHSE IND US,PAC00-14231,1-Dec-23,299
WALMART.COM CLOSED,PRD:IND:IND-GEODIS WHSE IND US,PAC00-14231,1-Jan-24,719
WALMART.COM CLOSED,PRD:IND:IND-GEODIS WHSE IND US,PAC00-14231,1-Feb-24,704
WALMART.COM CLOSED,PRD:IND:IND-GEODIS WHSE IND US,PAC00-14231,1-Mar-24,568
WALMART.COM CLOSED,PRD:IND:IND-GEODIS WHSE IND US,PAC00-14231,1-Apr-24,726
WALMART.COM CLOSED,PRD:IND:IND-GEODIS WHSE IND US,PAC00-14231,1-May-24,386
WALMART.COM CLOSED,PRD:IND:IND-GEODIS WHSE IND US,PAC00-14231,1-Jun-24,175
WALMART.COM CLOSED,PRD:IND:IND-GEODIS WHSE IND US,PAC00-14231,1-Jul-24,
WALMART.COM CLOSED,PRD:IND:IND-GEODIS WHSE IND US,PAC00-14231,1-Aug-24,
WALMART.COM CLOSED,PRD:IND:IND-GEODIS WHSE IND US,PAC00-14231,1-Sep-24,
WALMART.COM CLOSED,PRD:IND:IND-GEODIS WHSE IND US,PAC00-14231,1-Oct-24,
WALMART.COM CLOSED,PRD:IND:IND-GEODIS WHSE IND US,PAC00-14231,1-Nov-24,
WALMART.COM CLOSED,PRD:IND:IND-GEODIS WHSE IND US,PAC00-14231,1-Dec-24,
WALMART.COM CLOSED,PRD:IND:IND-GEODIS WHSE IND US,PAC00-14231,1-Jan-25,
WALMART.COM CLOSED,PRD:IND:IND-GEODIS WHSE IND US,PAC00-14231,1-Feb-25,
WALMART.COM CLOSED,PRD:IND:IND-GEODIS WHSE IND US,PAC00-14231,1-Mar-25,
WALMART.COM CLOSED,PRD:IND:IND-GEODIS WHSE IND US,PAC00-14231,1-Apr-25,
WALMART.COM CLOSED,PRD:IND:IND-GEODIS WHSE IND US,PAC00-14231,1-May-25,
WALMART.COM CLOSED,PRD:IND:IND-GEODIS WHSE IND US,PAC00-14231,1-Jun-25,
WALMART.COM CLOSED,PRD:IND:IND-GEODIS WHSE IND US,PAC00-14231,1-Jul-25,
WALMART.COM CLOSED,PRD:IND:IND-GEODIS WHSE IND US,PAC00-14231,1-Aug-25,
WALMART.COM CLOSED,PRD:IND:IND-GEODIS WHSE IND US,PAC00-14231,1-Sep-25,
WALMART.COM CLOSED,PRD:IND:IND-GEODIS WHSE IND US,PAC00-14231,1-Oct-25,
WALMART.COM CLOSED,PRD:IND:IND-GEODIS WHSE IND US,PAC00-14231,1-Nov-25,
WALMART.COM CLOSED,PRD:IND:IND-GEODIS WHSE IND US,PAC00-14231,1-Dec-25,
WALMART.COM CLOSED,PRD:IND:IND-GEODIS WHSE IND US,PAC00-14231,1-Jan-26,
WALMART.COM CLOSED,PRD:IND:IND-GEODIS WHSE IND US,PAC00-14231,1-Feb-26,
WALMART.COM CLOSED,PRD:IND:IND-GEODIS WHSE IND US,PAC00-14231,1-Mar-26,
WALMART.COM CLOSED,PRD:IND:IND-GEODIS WHSE IND US,PAC00-14231,1-Apr-26,
WATERFORD FEED AND PET BARN,PRD:AU1:AU1-AUSTRALIA B2B B2C INV ORG,PAC00-14231,1-May-23,
WATERFORD FEED AND PET BARN,PRD:AU1:AU1-AUSTRALIA B2B B2C INV ORG,PAC00-14231,1-Jun-23,
WATERFORD FEED AND PET BARN,PRD:AU1:AU1-AUSTRALIA B2B B2C INV ORG,PAC00-14231,1-Jul-23,
WATERFORD FEED AND PET BARN,PRD:AU1:AU1-AUSTRALIA B2B B2C INV ORG,PAC00-14231,1-Aug-23,
WATERFORD FEED AND PET BARN,PRD:AU1:AU1-AUSTRALIA B2B B2C INV ORG,PAC00-14231,1-Sep-23,
WATERFORD FEED AND PET BARN,PRD:AU1:AU1-AUSTRALIA B2B B2C INV ORG,PAC00-14231,1-Oct-23,
WATERFORD FEED AND PET BARN,PRD:AU1:AU1-AUSTRALIA B2B B2C INV ORG,PAC00-14231,1-Nov-23,
WATERFORD FEED AND PET BARN,PRD:AU1:AU1-AUSTRALIA B2B B2C INV ORG,PAC00-14231,1-Dec-23,
WATERFORD FEED AND PET BARN,PRD:AU1:AU1-AUSTRALIA B2B B2C INV ORG,PAC00-14231,1-Jan-24,
WATERFORD FEED AND PET BARN,PRD:AU1:AU1-AUSTRALIA B2B B2C INV ORG,PAC00-14231,1-Feb-24,
WATERFORD FEED AND PET BARN,PRD:AU1:AU1-AUSTRALIA B2B B2C INV ORG,PAC00-14231,1-Mar-24,
WATERFORD FEED AND PET BARN,PRD:AU1:AU1-AUSTRALIA B2B B2C INV ORG,PAC00-14231,1-Apr-24,
WATERFORD FEED AND PET BARN,PRD:AU1:AU1-AUSTRALIA B2B B2C INV ORG,PAC00-14231,1-May-24,
WATERFORD FEED AND PET BARN,PRD:AU1:AU1-AUSTRALIA B2B B2C INV ORG,PAC00-14231,1-Jun-24,
WATERFORD FEED AND PET BARN,PRD:AU1:AU1-AUSTRALIA B2B B2C INV ORG,PAC00-14231,1-Jul-24,
WATERFORD FEED AND PET BARN,PRD:AU1:AU1-AUSTRALIA B2B B2C INV ORG,PAC00-14231,1-Aug-24,
WATERFORD FEED AND PET BARN,PRD:AU1:AU1-AUSTRALIA B2B B2C INV ORG,PAC00-14231,1-Sep-24,
WATERFORD FEED AND PET BARN,PRD:AU1:AU1-AUSTRALIA B2B B2C INV ORG,PAC00-14231,1-Oct-24,
WATERFORD FEED AND PET BARN,PRD:AU1:AU1-AUSTRALIA B2B B2C INV ORG,PAC00-14231,1-Nov-24,
WATERFORD FEED AND PET BARN,PRD:AU1:AU1-AUSTRALIA B2B B2C INV ORG,PAC00-14231,1-Dec-24,
WATERFORD FEED AND PET BARN,PRD:AU1:AU1-AUSTRALIA B2B B2C INV ORG,PAC00-14231,1-Jan-25,
WATERFORD FEED AND PET BARN,PRD:AU1:AU1-AUSTRALIA B2B B2C INV ORG,PAC00-14231,1-Feb-25,
WATERFORD FEED AND PET BARN,PRD:AU1:AU1-AUSTRALIA B2B B2C INV ORG,PAC00-14231,1-Mar-25,3
WATERFORD FEED AND PET BARN,PRD:AU1:AU1-AUSTRALIA B2B B2C INV ORG,PAC00-14231,1-Apr-25,
WATERFORD FEED AND PET BARN,PRD:AU1:AU1-AUSTRALIA B2B B2C INV ORG,PAC00-14231,1-May-25,
WATERFORD FEED AND PET BARN,PRD:AU1:AU1-AUSTRALIA B2B B2C INV ORG,PAC00-14231,1-Jun-25,
WATERFORD FEED AND PET BARN,PRD:AU1:AU1-AUSTRALIA B2B B2C INV ORG,PAC00-14231,1-Jul-25,
WATERFORD FEED AND PET BARN,PRD:AU1:AU1-AUSTRALIA B2B B2C INV ORG,PAC00-14231,1-Aug-25,
WATERFORD FEED AND PET BARN,PRD:AU1:AU1-AUSTRALIA B2B B2C INV ORG,PAC00-14231,1-Sep-25,
WATERFORD FEED AND PET BARN,PRD:AU1:AU1-AUSTRALIA B2B B2C INV ORG,PAC00-14231,1-Oct-25,
WATERFORD FEED AND PET BARN,PRD:AU1:AU1-AUSTRALIA B2B B2C INV ORG,PAC00-14231,1-Nov-25,
WATERFORD FEED AND PET BARN,PRD:AU1:AU1-AUSTRALIA B2B B2C INV ORG,PAC00-14231,1-Dec-25,
WATERFORD FEED AND PET BARN,PRD:AU1:AU1-AUSTRALIA B2B B2C INV ORG,PAC00-14231,1-Jan-26,
WATERFORD FEED AND PET BARN,PRD:AU1:AU1-AUSTRALIA B2B B2C INV ORG,PAC00-14231,1-Feb-26,
WATERFORD FEED AND PET BARN,PRD:AU1:AU1-AUSTRALIA B2B B2C INV ORG,PAC00-14231,1-Mar-26,
WATERFORD FEED AND PET BARN,PRD:AU1:AU1-AUSTRALIA B2B B2C INV ORG,PAC00-14231,1-Apr-26,
WAYFAIR LLC,PRD:IND:IND-GEODIS WHSE IND US,PAC00-14231,1-May-23,52
WAYFAIR LLC,PRD:IND:IND-GEODIS WHSE IND US,PAC00-14231,1-Jun-23,90
WAYFAIR LLC,PRD:IND:IND-GEODIS WHSE IND US,PAC00-14231,1-Jul-23,190
WAYFAIR LLC,PRD:IND:IND-GEODIS WHSE IND US,PAC00-14231,1-Aug-23,51
WAYFAIR LLC,PRD:IND:IND-GEODIS WHSE IND US,PAC00-14231,1-Sep-23,22
WAYFAIR LLC,PRD:IND:IND-GEODIS WHSE IND US,PAC00-14231,1-Oct-23,35
WAYFAIR LLC,PRD:IND:IND-GEODIS WHSE IND US,PAC00-14231,1-Nov-23,25
WAYFAIR LLC,PRD:IND:IND-GEODIS WHSE IND US,PAC00-14231,1-Dec-23,31
WAYFAIR LLC,PRD:IND:IND-GEODIS WHSE IND US,PAC00-14231,1-Jan-24,25
WAYFAIR LLC,PRD:IND:IND-GEODIS WHSE IND US,PAC00-14231,1-Feb-24,36
WAYFAIR LLC,PRD:IND:IND-GEODIS WHSE IND US,PAC00-14231,1-Mar-24,14
WAYFAIR LLC,PRD:IND:IND-GEODIS WHSE IND US,PAC00-14231,1-Apr-24,45
WAYFAIR LLC,PRD:IND:IND-GEODIS WHSE IND US,PAC00-14231,1-May-24,50
WAYFAIR LLC,PRD:IND:IND-GEODIS WHSE IND US,PAC00-14231,1-Jun-24,63
WAYFAIR LLC,PRD:IND:IND-GEODIS WHSE IND US,PAC00-14231,1-Jul-24,19
WAYFAIR LLC,PRD:IND:IND-GEODIS WHSE IND US,PAC00-14231,1-Aug-24,78
WAYFAIR LLC,PRD:IND:IND-GEODIS WHSE IND US,PAC00-14231,1-Sep-24,11
WAYFAIR LLC,PRD:IND:IND-GEODIS WHSE IND US,PAC00-14231,1-Oct-24,12
WAYFAIR LLC,PRD:IND:IND-GEODIS WHSE IND US,PAC00-14231,1-Nov-24,16
WAYFAIR LLC,PRD:IND:IND-GEODIS WHSE IND US,PAC00-14231,1-Dec-24,11
WAYFAIR LLC,PRD:IND:IND-GEODIS WHSE IND US,PAC00-14231,1-Jan-25,10
WAYFAIR LLC,PRD:IND:IND-GEODIS WHSE IND US,PAC00-14231,1-Feb-25,24
WAYFAIR LLC,PRD:IND:IND-GEODIS WHSE IND US,PAC00-14231,1-Mar-25,28
WAYFAIR LLC,PRD:IND:IND-GEODIS WHSE IND US,PAC00-14231,1-Apr-25,98
WAYFAIR LLC,PRD:IND:IND-GEODIS WHSE IND US,PAC00-14231,1-May-25,72
WAYFAIR LLC,PRD:IND:IND-GEODIS WHSE IND US,PAC00-14231,1-Jun-25,26
WAYFAIR LLC,PRD:IND:IND-GEODIS WHSE IND US,PAC00-14231,1-Jul-25,13
WAYFAIR LLC,PRD:IND:IND-GEODIS WHSE IND US,PAC00-14231,1-Aug-25,5
WAYFAIR LLC,PRD:IND:IND-GEODIS WHSE IND US,PAC00-14231,1-Sep-25,4
WAYFAIR LLC,PRD:IND:IND-GEODIS WHSE IND US,PAC00-14231,1-Oct-25,38
WAYFAIR LLC,PRD:IND:IND-GEODIS WHSE IND US,PAC00-14231,1-Nov-25,19
WAYFAIR LLC,PRD:IND:IND-GEODIS WHSE IND US,PAC00-14231,1-Dec-25,17
WAYFAIR LLC,PRD:IND:IND-GEODIS WHSE IND US,PAC00-14231,1-Jan-26,6
WAYFAIR LLC,PRD:IND:IND-GEODIS WHSE IND US,PAC00-14231,1-Feb-26,2
WAYFAIR LLC,PRD:IND:IND-GEODIS WHSE IND US,PAC00-14231,1-Mar-26,6
WAYFAIR LLC,PRD:IND:IND-GEODIS WHSE IND US,PAC00-14231,1-Apr-26,12
WE KNOW PETS - BOWRAL,PRD:AU1:AU1-AUSTRALIA B2B B2C INV ORG,PAC00-14231,1-May-23,
WE KNOW PETS - BOWRAL,PRD:AU1:AU1-AUSTRALIA B2B B2C INV ORG,PAC00-14231,1-Jun-23,
WE KNOW PETS - BOWRAL,PRD:AU1:AU1-AUSTRALIA B2B B2C INV ORG,PAC00-14231,1-Jul-23,
WE KNOW PETS - BOWRAL,PRD:AU1:AU1-AUSTRALIA B2B B2C INV ORG,PAC00-14231,1-Aug-23,
WE KNOW PETS - BOWRAL,PRD:AU1:AU1-AUSTRALIA B2B B2C INV ORG,PAC00-14231,1-Sep-23,
WE KNOW PETS - BOWRAL,PRD:AU1:AU1-AUSTRALIA B2B B2C INV ORG,PAC00-14231,1-Oct-23,
WE KNOW PETS - BOWRAL,PRD:AU1:AU1-AUSTRALIA B2B B2C INV ORG,PAC00-14231,1-Nov-23,
WE KNOW PETS - BOWRAL,PRD:AU1:AU1-AUSTRALIA B2B B2C INV ORG,PAC00-14231,1-Dec-23,
WE KNOW PETS - BOWRAL,PRD:AU1:AU1-AUSTRALIA B2B B2C INV ORG,PAC00-14231,1-Jan-24,
WE KNOW PETS - BOWRAL,PRD:AU1:AU1-AUSTRALIA B2B B2C INV ORG,PAC00-14231,1-Feb-24,
WE KNOW PETS - BOWRAL,PRD:AU1:AU1-AUSTRALIA B2B B2C INV ORG,PAC00-14231,1-Mar-24,
WE KNOW PETS - BOWRAL,PRD:AU1:AU1-AUSTRALIA B2B B2C INV ORG,PAC00-14231,1-Apr-24,
WE KNOW PETS - BOWRAL,PRD:AU1:AU1-AUSTRALIA B2B B2C INV ORG,PAC00-14231,1-May-24,
WE KNOW PETS - BOWRAL,PRD:AU1:AU1-AUSTRALIA B2B B2C INV ORG,PAC00-14231,1-Jun-24,
WE KNOW PETS - BOWRAL,PRD:AU1:AU1-AUSTRALIA B2B B2C INV ORG,PAC00-14231,1-Jul-24,
WE KNOW PETS - BOWRAL,PRD:AU1:AU1-AUSTRALIA B2B B2C INV ORG,PAC00-14231,1-Aug-24,
WE KNOW PETS - BOWRAL,PRD:AU1:AU1-AUSTRALIA B2B B2C INV ORG,PAC00-14231,1-Sep-24,
WE KNOW PETS - BOWRAL,PRD:AU1:AU1-AUSTRALIA B2B B2C INV ORG,PAC00-14231,1-Oct-24,
WE KNOW PETS - BOWRAL,PRD:AU1:AU1-AUSTRALIA B2B B2C INV ORG,PAC00-14231,1-Nov-24,
WE KNOW PETS - BOWRAL,PRD:AU1:AU1-AUSTRALIA B2B B2C INV ORG,PAC00-14231,1-Dec-24,
WE KNOW PETS - BOWRAL,PRD:AU1:AU1-AUSTRALIA B2B B2C INV ORG,PAC00-14231,1-Jan-25,
WE KNOW PETS - BOWRAL,PRD:AU1:AU1-AUSTRALIA B2B B2C INV ORG,PAC00-14231,1-Feb-25,
WE KNOW PETS - BOWRAL,PRD:AU1:AU1-AUSTRALIA B2B B2C INV ORG,PAC00-14231,1-Mar-25,
WE KNOW PETS - BOWRAL,PRD:AU1:AU1-AUSTRALIA B2B B2C INV ORG,PAC00-14231,1-Apr-25,
WE KNOW PETS - BOWRAL,PRD:AU1:AU1-AUSTRALIA B2B B2C INV ORG,PAC00-14231,1-May-25,1
WE KNOW PETS - BOWRAL,PRD:AU1:AU1-AUSTRALIA B2B B2C INV ORG,PAC00-14231,1-Jun-25,5
WE KNOW PETS - BOWRAL,PRD:AU1:AU1-AUSTRALIA B2B B2C INV ORG,PAC00-14231,1-Jul-25,
WE KNOW PETS - BOWRAL,PRD:AU1:AU1-AUSTRALIA B2B B2C INV ORG,PAC00-14231,1-Aug-25,3
WE KNOW PETS - BOWRAL,PRD:AU1:AU1-AUSTRALIA B2B B2C INV ORG,PAC00-14231,1-Sep-25,1
WE KNOW PETS - BOWRAL,PRD:AU1:AU1-AUSTRALIA B2B B2C INV ORG,PAC00-14231,1-Oct-25,6
WE KNOW PETS - BOWRAL,PRD:AU1:AU1-AUSTRALIA B2B B2C INV ORG,PAC00-14231,1-Nov-25,
WE KNOW PETS - BOWRAL,PRD:AU1:AU1-AUSTRALIA B2B B2C INV ORG,PAC00-14231,1-Dec-25,3
WE KNOW PETS - BOWRAL,PRD:AU1:AU1-AUSTRALIA B2B B2C INV ORG,PAC00-14231,1-Jan-26,5
WE KNOW PETS - BOWRAL,PRD:AU1:AU1-AUSTRALIA B2B B2C INV ORG,PAC00-14231,1-Feb-26,4
WE KNOW PETS - BOWRAL,PRD:AU1:AU1-AUSTRALIA B2B B2C INV ORG,PAC00-14231,1-Mar-26,
WE KNOW PETS - BOWRAL,PRD:AU1:AU1-AUSTRALIA B2B B2C INV ORG,PAC00-14231,1-Apr-26,5
WEST PLAINS VETERINARY SUPPLY,PRD:IND:IND-GEODIS WHSE IND US,PAC00-14231,1-May-23,12
WEST PLAINS VETERINARY SUPPLY,PRD:IND:IND-GEODIS WHSE IND US,PAC00-14231,1-Jun-23,4
WEST PLAINS VETERINARY SUPPLY,PRD:IND:IND-GEODIS WHSE IND US,PAC00-14231,1-Jul-23,10
WEST PLAINS VETERINARY SUPPLY,PRD:IND:IND-GEODIS WHSE IND US,PAC00-14231,1-Aug-23,9
WEST PLAINS VETERINARY SUPPLY,PRD:IND:IND-GEODIS WHSE IND US,PAC00-14231,1-Sep-23,
WEST PLAINS VETERINARY SUPPLY,PRD:IND:IND-GEODIS WHSE IND US,PAC00-14231,1-Oct-23,14
WEST PLAINS VETERINARY SUPPLY,PRD:IND:IND-GEODIS WHSE IND US,PAC00-14231,1-Nov-23,
WEST PLAINS VETERINARY SUPPLY,PRD:IND:IND-GEODIS WHSE IND US,PAC00-14231,1-Dec-23,3
WEST PLAINS VETERINARY SUPPLY,PRD:IND:IND-GEODIS WHSE IND US,PAC00-14231,1-Jan-24,18
WEST PLAINS VETERINARY SUPPLY,PRD:IND:IND-GEODIS WHSE IND US,PAC00-14231,1-Feb-24,3
WEST PLAINS VETERINARY SUPPLY,PRD:IND:IND-GEODIS WHSE IND US,PAC00-14231,1-Mar-24,4
WEST PLAINS VETERINARY SUPPLY,PRD:IND:IND-GEODIS WHSE IND US,PAC00-14231,1-Apr-24,14
WEST PLAINS VETERINARY SUPPLY,PRD:IND:IND-GEODIS WHSE IND US,PAC00-14231,1-May-24,
WEST PLAINS VETERINARY SUPPLY,PRD:IND:IND-GEODIS WHSE IND US,PAC00-14231,1-Jun-24,1
WEST PLAINS VETERINARY SUPPLY,PRD:IND:IND-GEODIS WHSE IND US,PAC00-14231,1-Jul-24,
WEST PLAINS VETERINARY SUPPLY,PRD:IND:IND-GEODIS WHSE IND US,PAC00-14231,1-Aug-24,5
WEST PLAINS VETERINARY SUPPLY,PRD:IND:IND-GEODIS WHSE IND US,PAC00-14231,1-Sep-24,12
WEST PLAINS VETERINARY SUPPLY,PRD:IND:IND-GEODIS WHSE IND US,PAC00-14231,1-Oct-24,2
WEST PLAINS VETERINARY SUPPLY,PRD:IND:IND-GEODIS WHSE IND US,PAC00-14231,1-Nov-24,4
WEST PLAINS VETERINARY SUPPLY,PRD:IND:IND-GEODIS WHSE IND US,PAC00-14231,1-Dec-24,4
WEST PLAINS VETERINARY SUPPLY,PRD:IND:IND-GEODIS WHSE IND US,PAC00-14231,1-Jan-25,8
WEST PLAINS VETERINARY SUPPLY,PRD:IND:IND-GEODIS WHSE IND US,PAC00-14231,1-Feb-25,8
WEST PLAINS VETERINARY SUPPLY,PRD:IND:IND-GEODIS WHSE IND US,PAC00-14231,1-Mar-25,
WEST PLAINS VETERINARY SUPPLY,PRD:IND:IND-GEODIS WHSE IND US,PAC00-14231,1-Apr-25,6
WEST PLAINS VETERINARY SUPPLY,PRD:IND:IND-GEODIS WHSE IND US,PAC00-14231,1-May-25,
WEST PLAINS VETERINARY SUPPLY,PRD:IND:IND-GEODIS WHSE IND US,PAC00-14231,1-Jun-25,9
WEST PLAINS VETERINARY SUPPLY,PRD:IND:IND-GEODIS WHSE IND US,PAC00-14231,1-Jul-25,3
WEST PLAINS VETERINARY SUPPLY,PRD:IND:IND-GEODIS WHSE IND US,PAC00-14231,1-Aug-25,3
WEST PLAINS VETERINARY SUPPLY,PRD:IND:IND-GEODIS WHSE IND US,PAC00-14231,1-Sep-25,6
WEST PLAINS VETERINARY SUPPLY,PRD:IND:IND-GEODIS WHSE IND US,PAC00-14231,1-Oct-25,
WEST PLAINS VETERINARY SUPPLY,PRD:IND:IND-GEODIS WHSE IND US,PAC00-14231,1-Nov-25,14
WEST PLAINS VETERINARY SUPPLY,PRD:IND:IND-GEODIS WHSE IND US,PAC00-14231,1-Dec-25,
WEST PLAINS VETERINARY SUPPLY,PRD:IND:IND-GEODIS WHSE IND US,PAC00-14231,1-Jan-26,3
WEST PLAINS VETERINARY SUPPLY,PRD:IND:IND-GEODIS WHSE IND US,PAC00-14231,1-Feb-26,9
WEST PLAINS VETERINARY SUPPLY,PRD:IND:IND-GEODIS WHSE IND US,PAC00-14231,1-Mar-26,
WEST PLAINS VETERINARY SUPPLY,PRD:IND:IND-GEODIS WHSE IND US,PAC00-14231,1-Apr-26,1
WEST PLAINS VETERINARY SUPPLY,PRD:IND:IND-GEODIS WHSE IND US,PBC-1000,1-May-23,
WEST PLAINS VETERINARY SUPPLY,PRD:IND:IND-GEODIS WHSE IND US,PBC-1000,1-Jun-23,2
WEST PLAINS VETERINARY SUPPLY,PRD:IND:IND-GEODIS WHSE IND US,PBC-1000,1-Jul-23,3
WEST PLAINS VETERINARY SUPPLY,PRD:IND:IND-GEODIS WHSE IND US,PBC-1000,1-Aug-23,
WEST PLAINS VETERINARY SUPPLY,PRD:IND:IND-GEODIS WHSE IND US,PBC-1000,1-Sep-23,2
WEST PLAINS VETERINARY SUPPLY,PRD:IND:IND-GEODIS WHSE IND US,PBC-1000,1-Oct-23,
WEST PLAINS VETERINARY SUPPLY,PRD:IND:IND-GEODIS WHSE IND US,PBC-1000,1-Nov-23,
WEST PLAINS VETERINARY SUPPLY,PRD:IND:IND-GEODIS WHSE IND US,PBC-1000,1-Dec-23,1
WEST PLAINS VETERINARY SUPPLY,PRD:IND:IND-GEODIS WHSE IND US,PBC-1000,1-Jan-24,
WEST PLAINS VETERINARY SUPPLY,PRD:IND:IND-GEODIS WHSE IND US,PBC-1000,1-Feb-24,1
WEST PLAINS VETERINARY SUPPLY,PRD:IND:IND-GEODIS WHSE IND US,PBC-1000,1-Mar-24,1
WEST PLAINS VETERINARY SUPPLY,PRD:IND:IND-GEODIS WHSE IND US,PBC-1000,1-Apr-24,1
WEST PLAINS VETERINARY SUPPLY,PRD:IND:IND-GEODIS WHSE IND US,PBC-1000,1-May-24,
WEST PLAINS VETERINARY SUPPLY,PRD:IND:IND-GEODIS WHSE IND US,PBC-1000,1-Jun-24,
WEST PLAINS VETERINARY SUPPLY,PRD:IND:IND-GEODIS WHSE IND US,PBC-1000,1-Jul-24,
WEST PLAINS VETERINARY SUPPLY,PRD:IND:IND-GEODIS WHSE IND US,PBC-1000,1-Aug-24,1
WEST PLAINS VETERINARY SUPPLY,PRD:IND:IND-GEODIS WHSE IND US,PBC-1000,1-Sep-24,
WEST PLAINS VETERINARY SUPPLY,PRD:IND:IND-GEODIS WHSE IND US,PBC-1000,1-Oct-24,2
WEST PLAINS VETERINARY SUPPLY,PRD:IND:IND-GEODIS WHSE IND US,PBC-1000,1-Nov-24,1
WEST PLAINS VETERINARY SUPPLY,PRD:IND:IND-GEODIS WHSE IND US,PBC-1000,1-Dec-24,
WEST PLAINS VETERINARY SUPPLY,PRD:IND:IND-GEODIS WHSE IND US,PBC-1000,1-Jan-25,
WEST PLAINS VETERINARY SUPPLY,PRD:IND:IND-GEODIS WHSE IND US,PBC-1000,1-Feb-25,
WEST PLAINS VETERINARY SUPPLY,PRD:IND:IND-GEODIS WHSE IND US,PBC-1000,1-Mar-25,
WEST PLAINS VETERINARY SUPPLY,PRD:IND:IND-GEODIS WHSE IND US,PBC-1000,1-Apr-25,
WEST PLAINS VETERINARY SUPPLY,PRD:IND:IND-GEODIS WHSE IND US,PBC-1000,1-May-25,
WEST PLAINS VETERINARY SUPPLY,PRD:IND:IND-GEODIS WHSE IND US,PBC-1000,1-Jun-25,
WEST PLAINS VETERINARY SUPPLY,PRD:IND:IND-GEODIS WHSE IND US,PBC-1000,1-Jul-25,
WEST PLAINS VETERINARY SUPPLY,PRD:IND:IND-GEODIS WHSE IND US,PBC-1000,1-Aug-25,
WEST PLAINS VETERINARY SUPPLY,PRD:IND:IND-GEODIS WHSE IND US,PBC-1000,1-Sep-25,
WEST PLAINS VETERINARY SUPPLY,PRD:IND:IND-GEODIS WHSE IND US,PBC-1000,1-Oct-25,
WEST PLAINS VETERINARY SUPPLY,PRD:IND:IND-GEODIS WHSE IND US,PBC-1000,1-Nov-25,1
WEST PLAINS VETERINARY SUPPLY,PRD:IND:IND-GEODIS WHSE IND US,PBC-1000,1-Dec-25,
WEST PLAINS VETERINARY SUPPLY,PRD:IND:IND-GEODIS WHSE IND US,PBC-1000,1-Jan-26,
WEST PLAINS VETERINARY SUPPLY,PRD:IND:IND-GEODIS WHSE IND US,PBC-1000,1-Feb-26,
WEST PLAINS VETERINARY SUPPLY,PRD:IND:IND-GEODIS WHSE IND US,PBC-1000,1-Mar-26,2
WEST PLAINS VETERINARY SUPPLY,PRD:IND:IND-GEODIS WHSE IND US,PBC-1000,1-Apr-26,
WHEATBELT INC,PRD:IND:IND-GEODIS WHSE IND US,PAC00-14231,1-May-23,
WHEATBELT INC,PRD:IND:IND-GEODIS WHSE IND US,PAC00-14231,1-Jun-23,10
WHEATBELT INC,PRD:IND:IND-GEODIS WHSE IND US,PAC00-14231,1-Jul-23,
WHEATBELT INC,PRD:IND:IND-GEODIS WHSE IND US,PAC00-14231,1-Aug-23,
WHEATBELT INC,PRD:IND:IND-GEODIS WHSE IND US,PAC00-14231,1-Sep-23,12
WHEATBELT INC,PRD:IND:IND-GEODIS WHSE IND US,PAC00-14231,1-Oct-23,16
WHEATBELT INC,PRD:IND:IND-GEODIS WHSE IND US,PAC00-14231,1-Nov-23,
WHEATBELT INC,PRD:IND:IND-GEODIS WHSE IND US,PAC00-14231,1-Dec-23,
WHEATBELT INC,PRD:IND:IND-GEODIS WHSE IND US,PAC00-14231,1-Jan-24,
WHEATBELT INC,PRD:IND:IND-GEODIS WHSE IND US,PAC00-14231,1-Feb-24,
WHEATBELT INC,PRD:IND:IND-GEODIS WHSE IND US,PAC00-14231,1-Mar-24,
WHEATBELT INC,PRD:IND:IND-GEODIS WHSE IND US,PAC00-14231,1-Apr-24,5
WHEATBELT INC,PRD:IND:IND-GEODIS WHSE IND US,PAC00-14231,1-May-24,
WHEATBELT INC,PRD:IND:IND-GEODIS WHSE IND US,PAC00-14231,1-Jun-24,6
WHEATBELT INC,PRD:IND:IND-GEODIS WHSE IND US,PAC00-14231,1-Jul-24,
WHEATBELT INC,PRD:IND:IND-GEODIS WHSE IND US,PAC00-14231,1-Aug-24,
WHEATBELT INC,PRD:IND:IND-GEODIS WHSE IND US,PAC00-14231,1-Sep-24,8
WHEATBELT INC,PRD:IND:IND-GEODIS WHSE IND US,PAC00-14231,1-Oct-24,4
WHEATBELT INC,PRD:IND:IND-GEODIS WHSE IND US,PAC00-14231,1-Nov-24,
WHEATBELT INC,PRD:IND:IND-GEODIS WHSE IND US,PAC00-14231,1-Dec-24,
WHEATBELT INC,PRD:IND:IND-GEODIS WHSE IND US,PAC00-14231,1-Jan-25,6
WHEATBELT INC,PRD:IND:IND-GEODIS WHSE IND US,PAC00-14231,1-Feb-25,2
WHEATBELT INC,PRD:IND:IND-GEODIS WHSE IND US,PAC00-14231,1-Mar-25,
WHEATBELT INC,PRD:IND:IND-GEODIS WHSE IND US,PAC00-14231,1-Apr-25,4
WHEATBELT INC,PRD:IND:IND-GEODIS WHSE IND US,PAC00-14231,1-May-25,6
WHEATBELT INC,PRD:IND:IND-GEODIS WHSE IND US,PAC00-14231,1-Jun-25,
WHEATBELT INC,PRD:IND:IND-GEODIS WHSE IND US,PAC00-14231,1-Jul-25,5
WHEATBELT INC,PRD:IND:IND-GEODIS WHSE IND US,PAC00-14231,1-Aug-25,
WHEATBELT INC,PRD:IND:IND-GEODIS WHSE IND US,PAC00-14231,1-Sep-25,4
WHEATBELT INC,PRD:IND:IND-GEODIS WHSE IND US,PAC00-14231,1-Oct-25,
WHEATBELT INC,PRD:IND:IND-GEODIS WHSE IND US,PAC00-14231,1-Nov-25,
WHEATBELT INC,PRD:IND:IND-GEODIS WHSE IND US,PAC00-14231,1-Dec-25,
WHEATBELT INC,PRD:IND:IND-GEODIS WHSE IND US,PAC00-14231,1-Jan-26,4
WHEATBELT INC,PRD:IND:IND-GEODIS WHSE IND US,PAC00-14231,1-Feb-26,6
WHEATBELT INC,PRD:IND:IND-GEODIS WHSE IND US,PAC00-14231,1-Mar-26,
WHEATBELT INC,PRD:IND:IND-GEODIS WHSE IND US,PAC00-14231,1-Apr-26,
WHEATBELT INC,PRD:IND:IND-GEODIS WHSE IND US,PBC-1000,1-May-23,
WHEATBELT INC,PRD:IND:IND-GEODIS WHSE IND US,PBC-1000,1-Jun-23,
WHEATBELT INC,PRD:IND:IND-GEODIS WHSE IND US,PBC-1000,1-Jul-23,
WHEATBELT INC,PRD:IND:IND-GEODIS WHSE IND US,PBC-1000,1-Aug-23,
WHEATBELT INC,PRD:IND:IND-GEODIS WHSE IND US,PBC-1000,1-Sep-23,6
WHEATBELT INC,PRD:IND:IND-GEODIS WHSE IND US,PBC-1000,1-Oct-23,
WHEATBELT INC,PRD:IND:IND-GEODIS WHSE IND US,PBC-1000,1-Nov-23,2
WHEATBELT INC,PRD:IND:IND-GEODIS WHSE IND US,PBC-1000,1-Dec-23,
WHEATBELT INC,PRD:IND:IND-GEODIS WHSE IND US,PBC-1000,1-Jan-24,
WHEATBELT INC,PRD:IND:IND-GEODIS WHSE IND US,PBC-1000,1-Feb-24,2
WHEATBELT INC,PRD:IND:IND-GEODIS WHSE IND US,PBC-1000,1-Mar-24,
WHEATBELT INC,PRD:IND:IND-GEODIS WHSE IND US,PBC-1000,1-Apr-24,
WHEATBELT INC,PRD:IND:IND-GEODIS WHSE IND US,PBC-1000,1-May-24,
WHEATBELT INC,PRD:IND:IND-GEODIS WHSE IND US,PBC-1000,1-Jun-24,
WHEATBELT INC,PRD:IND:IND-GEODIS WHSE IND US,PBC-1000,1-Jul-24,
WHEATBELT INC,PRD:IND:IND-GEODIS WHSE IND US,PBC-1000,1-Aug-24,
WHEATBELT INC,PRD:IND:IND-GEODIS WHSE IND US,PBC-1000,1-Sep-24,1
WHEATBELT INC,PRD:IND:IND-GEODIS WHSE IND US,PBC-1000,1-Oct-24,
WHEATBELT INC,PRD:IND:IND-GEODIS WHSE IND US,PBC-1000,1-Nov-24,
WHEATBELT INC,PRD:IND:IND-GEODIS WHSE IND US,PBC-1000,1-Dec-24,
WHEATBELT INC,PRD:IND:IND-GEODIS WHSE IND US,PBC-1000,1-Jan-25,
WHEATBELT INC,PRD:IND:IND-GEODIS WHSE IND US,PBC-1000,1-Feb-25,
WHEATBELT INC,PRD:IND:IND-GEODIS WHSE IND US,PBC-1000,1-Mar-25,
WHEATBELT INC,PRD:IND:IND-GEODIS WHSE IND US,PBC-1000,1-Apr-25,
WHEATBELT INC,PRD:IND:IND-GEODIS WHSE IND US,PBC-1000,1-May-25,
WHEATBELT INC,PRD:IND:IND-GEODIS WHSE IND US,PBC-1000,1-Jun-25,
WHEATBELT INC,PRD:IND:IND-GEODIS WHSE IND US,PBC-1000,1-Jul-25,1
WHEATBELT INC,PRD:IND:IND-GEODIS WHSE IND US,PBC-1000,1-Aug-25,
WHEATBELT INC,PRD:IND:IND-GEODIS WHSE IND US,PBC-1000,1-Sep-25,3
WHEATBELT INC,PRD:IND:IND-GEODIS WHSE IND US,PBC-1000,1-Oct-25,
WHEATBELT INC,PRD:IND:IND-GEODIS WHSE IND US,PBC-1000,1-Nov-25,
WHEATBELT INC,PRD:IND:IND-GEODIS WHSE IND US,PBC-1000,1-Dec-25,
WHEATBELT INC,PRD:IND:IND-GEODIS WHSE IND US,PBC-1000,1-Jan-26,
WHEATBELT INC,PRD:IND:IND-GEODIS WHSE IND US,PBC-1000,1-Feb-26,
WHEATBELT INC,PRD:IND:IND-GEODIS WHSE IND US,PBC-1000,1-Mar-26,
WHEATBELT INC,PRD:IND:IND-GEODIS WHSE IND US,PBC-1000,1-Apr-26,
WHISKERS N PAWS,PRD:IND:IND-GEODIS WHSE IND US,PBC-1000,1-May-23,
WHISKERS N PAWS,PRD:IND:IND-GEODIS WHSE IND US,PBC-1000,1-Jun-23,
WHISKERS N PAWS,PRD:IND:IND-GEODIS WHSE IND US,PBC-1000,1-Jul-23,
WHISKERS N PAWS,PRD:IND:IND-GEODIS WHSE IND US,PBC-1000,1-Aug-23,
WHISKERS N PAWS,PRD:IND:IND-GEODIS WHSE IND US,PBC-1000,1-Sep-23,
WHISKERS N PAWS,PRD:IND:IND-GEODIS WHSE IND US,PBC-1000,1-Oct-23,24
WHISKERS N PAWS,PRD:IND:IND-GEODIS WHSE IND US,PBC-1000,1-Nov-23,
WHISKERS N PAWS,PRD:IND:IND-GEODIS WHSE IND US,PBC-1000,1-Dec-23,
WHISKERS N PAWS,PRD:IND:IND-GEODIS WHSE IND US,PBC-1000,1-Jan-24,
WHISKERS N PAWS,PRD:IND:IND-GEODIS WHSE IND US,PBC-1000,1-Feb-24,
WHISKERS N PAWS,PRD:IND:IND-GEODIS WHSE IND US,PBC-1000,1-Mar-24,
WHISKERS N PAWS,PRD:IND:IND-GEODIS WHSE IND US,PBC-1000,1-Apr-24,4
WHISKERS N PAWS,PRD:IND:IND-GEODIS WHSE IND US,PBC-1000,1-May-24,4
WHISKERS N PAWS,PRD:IND:IND-GEODIS WHSE IND US,PBC-1000,1-Jun-24,4
WHISKERS N PAWS,PRD:IND:IND-GEODIS WHSE IND US,PBC-1000,1-Jul-24,
WHISKERS N PAWS,PRD:IND:IND-GEODIS WHSE IND US,PBC-1000,1-Aug-24,4
WHISKERS N PAWS,PRD:IND:IND-GEODIS WHSE IND US,PBC-1000,1-Sep-24,
WHISKERS N PAWS,PRD:IND:IND-GEODIS WHSE IND US,PBC-1000,1-Oct-24,6
WHISKERS N PAWS,PRD:IND:IND-GEODIS WHSE IND US,PBC-1000,1-Nov-24,4
WHISKERS N PAWS,PRD:IND:IND-GEODIS WHSE IND US,PBC-1000,1-Dec-24,4
WHISKERS N PAWS,PRD:IND:IND-GEODIS WHSE IND US,PBC-1000,1-Jan-25,
WHISKERS N PAWS,PRD:IND:IND-GEODIS WHSE IND US,PBC-1000,1-Feb-25,
WHISKERS N PAWS,PRD:IND:IND-GEODIS WHSE IND US,PBC-1000,1-Mar-25,18
WHISKERS N PAWS,PRD:IND:IND-GEODIS WHSE IND US,PBC-1000,1-Apr-25,
WHISKERS N PAWS,PRD:IND:IND-GEODIS WHSE IND US,PBC-1000,1-May-25,
WHISKERS N PAWS,PRD:IND:IND-GEODIS WHSE IND US,PBC-1000,1-Jun-25,
WHISKERS N PAWS,PRD:IND:IND-GEODIS WHSE IND US,PBC-1000,1-Jul-25,
WHISKERS N PAWS,PRD:IND:IND-GEODIS WHSE IND US,PBC-1000,1-Aug-25,8
WHISKERS N PAWS,PRD:IND:IND-GEODIS WHSE IND US,PBC-1000,1-Sep-25,
WHISKERS N PAWS,PRD:IND:IND-GEODIS WHSE IND US,PBC-1000,1-Oct-25,
WHISKERS N PAWS,PRD:IND:IND-GEODIS WHSE IND US,PBC-1000,1-Nov-25,
WHISKERS N PAWS,PRD:IND:IND-GEODIS WHSE IND US,PBC-1000,1-Dec-25,4
WHISKERS N PAWS,PRD:IND:IND-GEODIS WHSE IND US,PBC-1000,1-Jan-26,
WHISKERS N PAWS,PRD:IND:IND-GEODIS WHSE IND US,PBC-1000,1-Feb-26,
WHISKERS N PAWS,PRD:IND:IND-GEODIS WHSE IND US,PBC-1000,1-Mar-26,
WHISKERS N PAWS,PRD:IND:IND-GEODIS WHSE IND US,PBC-1000,1-Apr-26,
WHITIES PETS,PRD:IND:IND-GEODIS WHSE IND US,PAC00-14231,1-May-23,
WHITIES PETS,PRD:IND:IND-GEODIS WHSE IND US,PAC00-14231,1-Jun-23,
WHITIES PETS,PRD:IND:IND-GEODIS WHSE IND US,PAC00-14231,1-Jul-23,
WHITIES PETS,PRD:IND:IND-GEODIS WHSE IND US,PAC00-14231,1-Aug-23,
WHITIES PETS,PRD:IND:IND-GEODIS WHSE IND US,PAC00-14231,1-Sep-23,
WHITIES PETS,PRD:IND:IND-GEODIS WHSE IND US,PAC00-14231,1-Oct-23,
WHITIES PETS,PRD:IND:IND-GEODIS WHSE IND US,PAC00-14231,1-Nov-23,9
WHITIES PETS,PRD:IND:IND-GEODIS WHSE IND US,PAC00-14231,1-Dec-23,
WHITIES PETS,PRD:IND:IND-GEODIS WHSE IND US,PAC00-14231,1-Jan-24,
WHITIES PETS,PRD:IND:IND-GEODIS WHSE IND US,PAC00-14231,1-Feb-24,
WHITIES PETS,PRD:IND:IND-GEODIS WHSE IND US,PAC00-14231,1-Mar-24,
WHITIES PETS,PRD:IND:IND-GEODIS WHSE IND US,PAC00-14231,1-Apr-24,
WHITIES PETS,PRD:IND:IND-GEODIS WHSE IND US,PAC00-14231,1-May-24,
WHITIES PETS,PRD:IND:IND-GEODIS WHSE IND US,PAC00-14231,1-Jun-24,
WHITIES PETS,PRD:IND:IND-GEODIS WHSE IND US,PAC00-14231,1-Jul-24,
WHITIES PETS,PRD:IND:IND-GEODIS WHSE IND US,PAC00-14231,1-Aug-24,
WHITIES PETS,PRD:IND:IND-GEODIS WHSE IND US,PAC00-14231,1-Sep-24,
WHITIES PETS,PRD:IND:IND-GEODIS WHSE IND US,PAC00-14231,1-Oct-24,
WHITIES PETS,PRD:IND:IND-GEODIS WHSE IND US,PAC00-14231,1-Nov-24,
WHITIES PETS,PRD:IND:IND-GEODIS WHSE IND US,PAC00-14231,1-Dec-24,
WHITIES PETS,PRD:IND:IND-GEODIS WHSE IND US,PAC00-14231,1-Jan-25,
WHITIES PETS,PRD:IND:IND-GEODIS WHSE IND US,PAC00-14231,1-Feb-25,
WHITIES PETS,PRD:IND:IND-GEODIS WHSE IND US,PAC00-14231,1-Mar-25,
WHITIES PETS,PRD:IND:IND-GEODIS WHSE IND US,PAC00-14231,1-Apr-25,
WHITIES PETS,PRD:IND:IND-GEODIS WHSE IND US,PAC00-14231,1-May-25,
WHITIES PETS,PRD:IND:IND-GEODIS WHSE IND US,PAC00-14231,1-Jun-25,
WHITIES PETS,PRD:IND:IND-GEODIS WHSE IND US,PAC00-14231,1-Jul-25,
WHITIES PETS,PRD:IND:IND-GEODIS WHSE IND US,PAC00-14231,1-Aug-25,
WHITIES PETS,PRD:IND:IND-GEODIS WHSE IND US,PAC00-14231,1-Sep-25,
WHITIES PETS,PRD:IND:IND-GEODIS WHSE IND US,PAC00-14231,1-Oct-25,
WHITIES PETS,PRD:IND:IND-GEODIS WHSE IND US,PAC00-14231,1-Nov-25,
WHITIES PETS,PRD:IND:IND-GEODIS WHSE IND US,PAC00-14231,1-Dec-25,9
WHITIES PETS,PRD:IND:IND-GEODIS WHSE IND US,PAC00-14231,1-Jan-26,
WHITIES PETS,PRD:IND:IND-GEODIS WHSE IND US,PAC00-14231,1-Feb-26,
WHITIES PETS,PRD:IND:IND-GEODIS WHSE IND US,PAC00-14231,1-Mar-26,
WHITIES PETS,PRD:IND:IND-GEODIS WHSE IND US,PAC00-14231,1-Apr-26,
WHOLESALE PET SUPPLIES,PRD:IND:IND-GEODIS WHSE IND US,PBC-1000,1-May-23,
WHOLESALE PET SUPPLIES,PRD:IND:IND-GEODIS WHSE IND US,PBC-1000,1-Jun-23,
WHOLESALE PET SUPPLIES,PRD:IND:IND-GEODIS WHSE IND US,PBC-1000,1-Jul-23,
WHOLESALE PET SUPPLIES,PRD:IND:IND-GEODIS WHSE IND US,PBC-1000,1-Aug-23,
WHOLESALE PET SUPPLIES,PRD:IND:IND-GEODIS WHSE IND US,PBC-1000,1-Sep-23,
WHOLESALE PET SUPPLIES,PRD:IND:IND-GEODIS WHSE IND US,PBC-1000,1-Oct-23,
WHOLESALE PET SUPPLIES,PRD:IND:IND-GEODIS WHSE IND US,PBC-1000,1-Nov-23,
WHOLESALE PET SUPPLIES,PRD:IND:IND-GEODIS WHSE IND US,PBC-1000,1-Dec-23,
WHOLESALE PET SUPPLIES,PRD:IND:IND-GEODIS WHSE IND US,PBC-1000,1-Jan-24,
WHOLESALE PET SUPPLIES,PRD:IND:IND-GEODIS WHSE IND US,PBC-1000,1-Feb-24,
WHOLESALE PET SUPPLIES,PRD:IND:IND-GEODIS WHSE IND US,PBC-1000,1-Mar-24,
WHOLESALE PET SUPPLIES,PRD:IND:IND-GEODIS WHSE IND US,PBC-1000,1-Apr-24,
WHOLESALE PET SUPPLIES,PRD:IND:IND-GEODIS WHSE IND US,PBC-1000,1-May-24,
WHOLESALE PET SUPPLIES,PRD:IND:IND-GEODIS WHSE IND US,PBC-1000,1-Jun-24,
WHOLESALE PET SUPPLIES,PRD:IND:IND-GEODIS WHSE IND US,PBC-1000,1-Jul-24,
WHOLESALE PET SUPPLIES,PRD:IND:IND-GEODIS WHSE IND US,PBC-1000,1-Aug-24,
WHOLESALE PET SUPPLIES,PRD:IND:IND-GEODIS WHSE IND US,PBC-1000,1-Sep-24,
WHOLESALE PET SUPPLIES,PRD:IND:IND-GEODIS WHSE IND US,PBC-1000,1-Oct-24,
WHOLESALE PET SUPPLIES,PRD:IND:IND-GEODIS WHSE IND US,PBC-1000,1-Nov-24,
WHOLESALE PET SUPPLIES,PRD:IND:IND-GEODIS WHSE IND US,PBC-1000,1-Dec-24,
WHOLESALE PET SUPPLIES,PRD:IND:IND-GEODIS WHSE IND US,PBC-1000,1-Jan-25,
WHOLESALE PET SUPPLIES,PRD:IND:IND-GEODIS WHSE IND US,PBC-1000,1-Feb-25,
WHOLESALE PET SUPPLIES,PRD:IND:IND-GEODIS WHSE IND US,PBC-1000,1-Mar-25,
WHOLESALE PET SUPPLIES,PRD:IND:IND-GEODIS WHSE IND US,PBC-1000,1-Apr-25,
WHOLESALE PET SUPPLIES,PRD:IND:IND-GEODIS WHSE IND US,PBC-1000,1-May-25,
WHOLESALE PET SUPPLIES,PRD:IND:IND-GEODIS WHSE IND US,PBC-1000,1-Jun-25,
WHOLESALE PET SUPPLIES,PRD:IND:IND-GEODIS WHSE IND US,PBC-1000,1-Jul-25,
WHOLESALE PET SUPPLIES,PRD:IND:IND-GEODIS WHSE IND US,PBC-1000,1-Aug-25,
WHOLESALE PET SUPPLIES,PRD:IND:IND-GEODIS WHSE IND US,PBC-1000,1-Sep-25,
WHOLESALE PET SUPPLIES,PRD:IND:IND-GEODIS WHSE IND US,PBC-1000,1-Oct-25,
WHOLESALE PET SUPPLIES,PRD:IND:IND-GEODIS WHSE IND US,PBC-1000,1-Nov-25,
WHOLESALE PET SUPPLIES,PRD:IND:IND-GEODIS WHSE IND US,PBC-1000,1-Dec-25,
WHOLESALE PET SUPPLIES,PRD:IND:IND-GEODIS WHSE IND US,PBC-1000,1-Jan-26,
WHOLESALE PET SUPPLIES,PRD:IND:IND-GEODIS WHSE IND US,PBC-1000,1-Feb-26,
WHOLESALE PET SUPPLIES,PRD:IND:IND-GEODIS WHSE IND US,PBC-1000,1-Mar-26,8
WHOLESALE PET SUPPLIES,PRD:IND:IND-GEODIS WHSE IND US,PBC-1000,1-Apr-26,2
WONTHAGGI PET SUPPLIES,PRD:AU1:AU1-AUSTRALIA B2B B2C INV ORG,PAC00-14231,1-May-23,
WONTHAGGI PET SUPPLIES,PRD:AU1:AU1-AUSTRALIA B2B B2C INV ORG,PAC00-14231,1-Jun-23,
WONTHAGGI PET SUPPLIES,PRD:AU1:AU1-AUSTRALIA B2B B2C INV ORG,PAC00-14231,1-Jul-23,
WONTHAGGI PET SUPPLIES,PRD:AU1:AU1-AUSTRALIA B2B B2C INV ORG,PAC00-14231,1-Aug-23,
WONTHAGGI PET SUPPLIES,PRD:AU1:AU1-AUSTRALIA B2B B2C INV ORG,PAC00-14231,1-Sep-23,
WONTHAGGI PET SUPPLIES,PRD:AU1:AU1-AUSTRALIA B2B B2C INV ORG,PAC00-14231,1-Oct-23,
WONTHAGGI PET SUPPLIES,PRD:AU1:AU1-AUSTRALIA B2B B2C INV ORG,PAC00-14231,1-Nov-23,
WONTHAGGI PET SUPPLIES,PRD:AU1:AU1-AUSTRALIA B2B B2C INV ORG,PAC00-14231,1-Dec-23,
WONTHAGGI PET SUPPLIES,PRD:AU1:AU1-AUSTRALIA B2B B2C INV ORG,PAC00-14231,1-Jan-24,
WONTHAGGI PET SUPPLIES,PRD:AU1:AU1-AUSTRALIA B2B B2C INV ORG,PAC00-14231,1-Feb-24,
WONTHAGGI PET SUPPLIES,PRD:AU1:AU1-AUSTRALIA B2B B2C INV ORG,PAC00-14231,1-Mar-24,
WONTHAGGI PET SUPPLIES,PRD:AU1:AU1-AUSTRALIA B2B B2C INV ORG,PAC00-14231,1-Apr-24,
WONTHAGGI PET SUPPLIES,PRD:AU1:AU1-AUSTRALIA B2B B2C INV ORG,PAC00-14231,1-May-24,
WONTHAGGI PET SUPPLIES,PRD:AU1:AU1-AUSTRALIA B2B B2C INV ORG,PAC00-14231,1-Jun-24,
WONTHAGGI PET SUPPLIES,PRD:AU1:AU1-AUSTRALIA B2B B2C INV ORG,PAC00-14231,1-Jul-24,
WONTHAGGI PET SUPPLIES,PRD:AU1:AU1-AUSTRALIA B2B B2C INV ORG,PAC00-14231,1-Aug-24,
WONTHAGGI PET SUPPLIES,PRD:AU1:AU1-AUSTRALIA B2B B2C INV ORG,PAC00-14231,1-Sep-24,
WONTHAGGI PET SUPPLIES,PRD:AU1:AU1-AUSTRALIA B2B B2C INV ORG,PAC00-14231,1-Oct-24,
WONTHAGGI PET SUPPLIES,PRD:AU1:AU1-AUSTRALIA B2B B2C INV ORG,PAC00-14231,1-Nov-24,
WONTHAGGI PET SUPPLIES,PRD:AU1:AU1-AUSTRALIA B2B B2C INV ORG,PAC00-14231,1-Dec-24,
WONTHAGGI PET SUPPLIES,PRD:AU1:AU1-AUSTRALIA B2B B2C INV ORG,PAC00-14231,1-Jan-25,
WONTHAGGI PET SUPPLIES,PRD:AU1:AU1-AUSTRALIA B2B B2C INV ORG,PAC00-14231,1-Feb-25,
WONTHAGGI PET SUPPLIES,PRD:AU1:AU1-AUSTRALIA B2B B2C INV ORG,PAC00-14231,1-Mar-25,
WONTHAGGI PET SUPPLIES,PRD:AU1:AU1-AUSTRALIA B2B B2C INV ORG,PAC00-14231,1-Apr-25,
WONTHAGGI PET SUPPLIES,PRD:AU1:AU1-AUSTRALIA B2B B2C INV ORG,PAC00-14231,1-May-25,
WONTHAGGI PET SUPPLIES,PRD:AU1:AU1-AUSTRALIA B2B B2C INV ORG,PAC00-14231,1-Jun-25,
WONTHAGGI PET SUPPLIES,PRD:AU1:AU1-AUSTRALIA B2B B2C INV ORG,PAC00-14231,1-Jul-25,1
WONTHAGGI PET SUPPLIES,PRD:AU1:AU1-AUSTRALIA B2B B2C INV ORG,PAC00-14231,1-Aug-25,
WONTHAGGI PET SUPPLIES,PRD:AU1:AU1-AUSTRALIA B2B B2C INV ORG,PAC00-14231,1-Sep-25,
WONTHAGGI PET SUPPLIES,PRD:AU1:AU1-AUSTRALIA B2B B2C INV ORG,PAC00-14231,1-Oct-25,
WONTHAGGI PET SUPPLIES,PRD:AU1:AU1-AUSTRALIA B2B B2C INV ORG,PAC00-14231,1-Nov-25,
WONTHAGGI PET SUPPLIES,PRD:AU1:AU1-AUSTRALIA B2B B2C INV ORG,PAC00-14231,1-Dec-25,
WONTHAGGI PET SUPPLIES,PRD:AU1:AU1-AUSTRALIA B2B B2C INV ORG,PAC00-14231,1-Jan-26,
WONTHAGGI PET SUPPLIES,PRD:AU1:AU1-AUSTRALIA B2B B2C INV ORG,PAC00-14231,1-Feb-26,
WONTHAGGI PET SUPPLIES,PRD:AU1:AU1-AUSTRALIA B2B B2C INV ORG,PAC00-14231,1-Mar-26,
WONTHAGGI PET SUPPLIES,PRD:AU1:AU1-AUSTRALIA B2B B2C INV ORG,PAC00-14231,1-Apr-26,
WOOF PET NUTRITION AND SUPPLY,PRD:IND:IND-GEODIS WHSE IND US,PAC00-14231,1-May-23,
WOOF PET NUTRITION AND SUPPLY,PRD:IND:IND-GEODIS WHSE IND US,PAC00-14231,1-Jun-23,
WOOF PET NUTRITION AND SUPPLY,PRD:IND:IND-GEODIS WHSE IND US,PAC00-14231,1-Jul-23,
WOOF PET NUTRITION AND SUPPLY,PRD:IND:IND-GEODIS WHSE IND US,PAC00-14231,1-Aug-23,
WOOF PET NUTRITION AND SUPPLY,PRD:IND:IND-GEODIS WHSE IND US,PAC00-14231,1-Sep-23,
WOOF PET NUTRITION AND SUPPLY,PRD:IND:IND-GEODIS WHSE IND US,PAC00-14231,1-Oct-23,
WOOF PET NUTRITION AND SUPPLY,PRD:IND:IND-GEODIS WHSE IND US,PAC00-14231,1-Nov-23,1
WOOF PET NUTRITION AND SUPPLY,PRD:IND:IND-GEODIS WHSE IND US,PAC00-14231,1-Dec-23,
WOOF PET NUTRITION AND SUPPLY,PRD:IND:IND-GEODIS WHSE IND US,PAC00-14231,1-Jan-24,1
WOOF PET NUTRITION AND SUPPLY,PRD:IND:IND-GEODIS WHSE IND US,PAC00-14231,1-Feb-24,
WOOF PET NUTRITION AND SUPPLY,PRD:IND:IND-GEODIS WHSE IND US,PAC00-14231,1-Mar-24,
WOOF PET NUTRITION AND SUPPLY,PRD:IND:IND-GEODIS WHSE IND US,PAC00-14231,1-Apr-24,
WOOF PET NUTRITION AND SUPPLY,PRD:IND:IND-GEODIS WHSE IND US,PAC00-14231,1-May-24,
WOOF PET NUTRITION AND SUPPLY,PRD:IND:IND-GEODIS WHSE IND US,PAC00-14231,1-Jun-24,
WOOF PET NUTRITION AND SUPPLY,PRD:IND:IND-GEODIS WHSE IND US,PAC00-14231,1-Jul-24,
WOOF PET NUTRITION AND SUPPLY,PRD:IND:IND-GEODIS WHSE IND US,PAC00-14231,1-Aug-24,
WOOF PET NUTRITION AND SUPPLY,PRD:IND:IND-GEODIS WHSE IND US,PAC00-14231,1-Sep-24,
WOOF PET NUTRITION AND SUPPLY,PRD:IND:IND-GEODIS WHSE IND US,PAC00-14231,1-Oct-24,
WOOF PET NUTRITION AND SUPPLY,PRD:IND:IND-GEODIS WHSE IND US,PAC00-14231,1-Nov-24,
WOOF PET NUTRITION AND SUPPLY,PRD:IND:IND-GEODIS WHSE IND US,PAC00-14231,1-Dec-24,
WOOF PET NUTRITION AND SUPPLY,PRD:IND:IND-GEODIS WHSE IND US,PAC00-14231,1-Jan-25,
WOOF PET NUTRITION AND SUPPLY,PRD:IND:IND-GEODIS WHSE IND US,PAC00-14231,1-Feb-25,
WOOF PET NUTRITION AND SUPPLY,PRD:IND:IND-GEODIS WHSE IND US,PAC00-14231,1-Mar-25,
WOOF PET NUTRITION AND SUPPLY,PRD:IND:IND-GEODIS WHSE IND US,PAC00-14231,1-Apr-25,
WOOF PET NUTRITION AND SUPPLY,PRD:IND:IND-GEODIS WHSE IND US,PAC00-14231,1-May-25,
WOOF PET NUTRITION AND SUPPLY,PRD:IND:IND-GEODIS WHSE IND US,PAC00-14231,1-Jun-25,
WOOF PET NUTRITION AND SUPPLY,PRD:IND:IND-GEODIS WHSE IND US,PAC00-14231,1-Jul-25,
WOOF PET NUTRITION AND SUPPLY,PRD:IND:IND-GEODIS WHSE IND US,PAC00-14231,1-Aug-25,
WOOF PET NUTRITION AND SUPPLY,PRD:IND:IND-GEODIS WHSE IND US,PAC00-14231,1-Sep-25,
WOOF PET NUTRITION AND SUPPLY,PRD:IND:IND-GEODIS WHSE IND US,PAC00-14231,1-Oct-25,
WOOF PET NUTRITION AND SUPPLY,PRD:IND:IND-GEODIS WHSE IND US,PAC00-14231,1-Nov-25,
WOOF PET NUTRITION AND SUPPLY,PRD:IND:IND-GEODIS WHSE IND US,PAC00-14231,1-Dec-25,
WOOF PET NUTRITION AND SUPPLY,PRD:IND:IND-GEODIS WHSE IND US,PAC00-14231,1-Jan-26,
WOOF PET NUTRITION AND SUPPLY,PRD:IND:IND-GEODIS WHSE IND US,PAC00-14231,1-Feb-26,
WOOF PET NUTRITION AND SUPPLY,PRD:IND:IND-GEODIS WHSE IND US,PAC00-14231,1-Mar-26,
WOOF PET NUTRITION AND SUPPLY,PRD:IND:IND-GEODIS WHSE IND US,PAC00-14231,1-Apr-26,
WOOFSMEOW,PRD:IND:IND-GEODIS WHSE IND US,PAC00-14231,1-May-23,
WOOFSMEOW,PRD:IND:IND-GEODIS WHSE IND US,PAC00-14231,1-Jun-23,
WOOFSMEOW,PRD:IND:IND-GEODIS WHSE IND US,PAC00-14231,1-Jul-23,
WOOFSMEOW,PRD:IND:IND-GEODIS WHSE IND US,PAC00-14231,1-Aug-23,
WOOFSMEOW,PRD:IND:IND-GEODIS WHSE IND US,PAC00-14231,1-Sep-23,
WOOFSMEOW,PRD:IND:IND-GEODIS WHSE IND US,PAC00-14231,1-Oct-23,
WOOFSMEOW,PRD:IND:IND-GEODIS WHSE IND US,PAC00-14231,1-Nov-23,
WOOFSMEOW,PRD:IND:IND-GEODIS WHSE IND US,PAC00-14231,1-Dec-23,
WOOFSMEOW,PRD:IND:IND-GEODIS WHSE IND US,PAC00-14231,1-Jan-24,
WOOFSMEOW,PRD:IND:IND-GEODIS WHSE IND US,PAC00-14231,1-Feb-24,1
WOOFSMEOW,PRD:IND:IND-GEODIS WHSE IND US,PAC00-14231,1-Mar-24,
WOOFSMEOW,PRD:IND:IND-GEODIS WHSE IND US,PAC00-14231,1-Apr-24,
WOOFSMEOW,PRD:IND:IND-GEODIS WHSE IND US,PAC00-14231,1-May-24,
WOOFSMEOW,PRD:IND:IND-GEODIS WHSE IND US,PAC00-14231,1-Jun-24,
WOOFSMEOW,PRD:IND:IND-GEODIS WHSE IND US,PAC00-14231,1-Jul-24,
WOOFSMEOW,PRD:IND:IND-GEODIS WHSE IND US,PAC00-14231,1-Aug-24,
WOOFSMEOW,PRD:IND:IND-GEODIS WHSE IND US,PAC00-14231,1-Sep-24,
WOOFSMEOW,PRD:IND:IND-GEODIS WHSE IND US,PAC00-14231,1-Oct-24,
WOOFSMEOW,PRD:IND:IND-GEODIS WHSE IND US,PAC00-14231,1-Nov-24,
WOOFSMEOW,PRD:IND:IND-GEODIS WHSE IND US,PAC00-14231,1-Dec-24,
WOOFSMEOW,PRD:IND:IND-GEODIS WHSE IND US,PAC00-14231,1-Jan-25,
WOOFSMEOW,PRD:IND:IND-GEODIS WHSE IND US,PAC00-14231,1-Feb-25,
WOOFSMEOW,PRD:IND:IND-GEODIS WHSE IND US,PAC00-14231,1-Mar-25,
WOOFSMEOW,PRD:IND:IND-GEODIS WHSE IND US,PAC00-14231,1-Apr-25,
WOOFSMEOW,PRD:IND:IND-GEODIS WHSE IND US,PAC00-14231,1-May-25,
WOOFSMEOW,PRD:IND:IND-GEODIS WHSE IND US,PAC00-14231,1-Jun-25,
WOOFSMEOW,PRD:IND:IND-GEODIS WHSE IND US,PAC00-14231,1-Jul-25,
WOOFSMEOW,PRD:IND:IND-GEODIS WHSE IND US,PAC00-14231,1-Aug-25,
WOOFSMEOW,PRD:IND:IND-GEODIS WHSE IND US,PAC00-14231,1-Sep-25,
WOOFSMEOW,PRD:IND:IND-GEODIS WHSE IND US,PAC00-14231,1-Oct-25,
WOOFSMEOW,PRD:IND:IND-GEODIS WHSE IND US,PAC00-14231,1-Nov-25,
WOOFSMEOW,PRD:IND:IND-GEODIS WHSE IND US,PAC00-14231,1-Dec-25,
WOOFSMEOW,PRD:IND:IND-GEODIS WHSE IND US,PAC00-14231,1-Jan-26,
WOOFSMEOW,PRD:IND:IND-GEODIS WHSE IND US,PAC00-14231,1-Feb-26,
WOOFSMEOW,PRD:IND:IND-GEODIS WHSE IND US,PAC00-14231,1-Mar-26,
WOOFSMEOW,PRD:IND:IND-GEODIS WHSE IND US,PAC00-14231,1-Apr-26,
WOOLWORTHS MARKETPLUS,PRD:AU1:AU1-AUSTRALIA B2B B2C INV ORG,PAC00-14231,1-May-23,
WOOLWORTHS MARKETPLUS,PRD:AU1:AU1-AUSTRALIA B2B B2C INV ORG,PAC00-14231,1-Jun-23,
WOOLWORTHS MARKETPLUS,PRD:AU1:AU1-AUSTRALIA B2B B2C INV ORG,PAC00-14231,1-Jul-23,
WOOLWORTHS MARKETPLUS,PRD:AU1:AU1-AUSTRALIA B2B B2C INV ORG,PAC00-14231,1-Aug-23,
WOOLWORTHS MARKETPLUS,PRD:AU1:AU1-AUSTRALIA B2B B2C INV ORG,PAC00-14231,1-Sep-23,
WOOLWORTHS MARKETPLUS,PRD:AU1:AU1-AUSTRALIA B2B B2C INV ORG,PAC00-14231,1-Oct-23,
WOOLWORTHS MARKETPLUS,PRD:AU1:AU1-AUSTRALIA B2B B2C INV ORG,PAC00-14231,1-Nov-23,
WOOLWORTHS MARKETPLUS,PRD:AU1:AU1-AUSTRALIA B2B B2C INV ORG,PAC00-14231,1-Dec-23,
WOOLWORTHS MARKETPLUS,PRD:AU1:AU1-AUSTRALIA B2B B2C INV ORG,PAC00-14231,1-Jan-24,
WOOLWORTHS MARKETPLUS,PRD:AU1:AU1-AUSTRALIA B2B B2C INV ORG,PAC00-14231,1-Feb-24,
WOOLWORTHS MARKETPLUS,PRD:AU1:AU1-AUSTRALIA B2B B2C INV ORG,PAC00-14231,1-Mar-24,
WOOLWORTHS MARKETPLUS,PRD:AU1:AU1-AUSTRALIA B2B B2C INV ORG,PAC00-14231,1-Apr-24,
WOOLWORTHS MARKETPLUS,PRD:AU1:AU1-AUSTRALIA B2B B2C INV ORG,PAC00-14231,1-May-24,
WOOLWORTHS MARKETPLUS,PRD:AU1:AU1-AUSTRALIA B2B B2C INV ORG,PAC00-14231,1-Jun-24,
WOOLWORTHS MARKETPLUS,PRD:AU1:AU1-AUSTRALIA B2B B2C INV ORG,PAC00-14231,1-Jul-24,
WOOLWORTHS MARKETPLUS,PRD:AU1:AU1-AUSTRALIA B2B B2C INV ORG,PAC00-14231,1-Aug-24,
WOOLWORTHS MARKETPLUS,PRD:AU1:AU1-AUSTRALIA B2B B2C INV ORG,PAC00-14231,1-Sep-24,
WOOLWORTHS MARKETPLUS,PRD:AU1:AU1-AUSTRALIA B2B B2C INV ORG,PAC00-14231,1-Oct-24,
WOOLWORTHS MARKETPLUS,PRD:AU1:AU1-AUSTRALIA B2B B2C INV ORG,PAC00-14231,1-Nov-24,
WOOLWORTHS MARKETPLUS,PRD:AU1:AU1-AUSTRALIA B2B B2C INV ORG,PAC00-14231,1-Dec-24,
WOOLWORTHS MARKETPLUS,PRD:AU1:AU1-AUSTRALIA B2B B2C INV ORG,PAC00-14231,1-Jan-25,
WOOLWORTHS MARKETPLUS,PRD:AU1:AU1-AUSTRALIA B2B B2C INV ORG,PAC00-14231,1-Feb-25,
WOOLWORTHS MARKETPLUS,PRD:AU1:AU1-AUSTRALIA B2B B2C INV ORG,PAC00-14231,1-Mar-25,
WOOLWORTHS MARKETPLUS,PRD:AU1:AU1-AUSTRALIA B2B B2C INV ORG,PAC00-14231,1-Apr-25,
WOOLWORTHS MARKETPLUS,PRD:AU1:AU1-AUSTRALIA B2B B2C INV ORG,PAC00-14231,1-May-25,1
WOOLWORTHS MARKETPLUS,PRD:AU1:AU1-AUSTRALIA B2B B2C INV ORG,PAC00-14231,1-Jun-25,1
WOOLWORTHS MARKETPLUS,PRD:AU1:AU1-AUSTRALIA B2B B2C INV ORG,PAC00-14231,1-Jul-25,1
WOOLWORTHS MARKETPLUS,PRD:AU1:AU1-AUSTRALIA B2B B2C INV ORG,PAC00-14231,1-Aug-25,1
WOOLWORTHS MARKETPLUS,PRD:AU1:AU1-AUSTRALIA B2B B2C INV ORG,PAC00-14231,1-Sep-25,5
WOOLWORTHS MARKETPLUS,PRD:AU1:AU1-AUSTRALIA B2B B2C INV ORG,PAC00-14231,1-Oct-25,
WOOLWORTHS MARKETPLUS,PRD:AU1:AU1-AUSTRALIA B2B B2C INV ORG,PAC00-14231,1-Nov-25,7
WOOLWORTHS MARKETPLUS,PRD:AU1:AU1-AUSTRALIA B2B B2C INV ORG,PAC00-14231,1-Dec-25,6
WOOLWORTHS MARKETPLUS,PRD:AU1:AU1-AUSTRALIA B2B B2C INV ORG,PAC00-14231,1-Jan-26,3
WOOLWORTHS MARKETPLUS,PRD:AU1:AU1-AUSTRALIA B2B B2C INV ORG,PAC00-14231,1-Feb-26,
WOOLWORTHS MARKETPLUS,PRD:AU1:AU1-AUSTRALIA B2B B2C INV ORG,PAC00-14231,1-Mar-26,3
WOOLWORTHS MARKETPLUS,PRD:AU1:AU1-AUSTRALIA B2B B2C INV ORG,PAC00-14231,1-Apr-26,1
WOONONA PETFOOD & PRODUCE,PRD:AU1:AU1-AUSTRALIA B2B B2C INV ORG,PAC00-14231,1-May-23,
WOONONA PETFOOD & PRODUCE,PRD:AU1:AU1-AUSTRALIA B2B B2C INV ORG,PAC00-14231,1-Jun-23,
WOONONA PETFOOD & PRODUCE,PRD:AU1:AU1-AUSTRALIA B2B B2C INV ORG,PAC00-14231,1-Jul-23,
WOONONA PETFOOD & PRODUCE,PRD:AU1:AU1-AUSTRALIA B2B B2C INV ORG,PAC00-14231,1-Aug-23,
WOONONA PETFOOD & PRODUCE,PRD:AU1:AU1-AUSTRALIA B2B B2C INV ORG,PAC00-14231,1-Sep-23,
WOONONA PETFOOD & PRODUCE,PRD:AU1:AU1-AUSTRALIA B2B B2C INV ORG,PAC00-14231,1-Oct-23,
WOONONA PETFOOD & PRODUCE,PRD:AU1:AU1-AUSTRALIA B2B B2C INV ORG,PAC00-14231,1-Nov-23,
WOONONA PETFOOD & PRODUCE,PRD:AU1:AU1-AUSTRALIA B2B B2C INV ORG,PAC00-14231,1-Dec-23,
WOONONA PETFOOD & PRODUCE,PRD:AU1:AU1-AUSTRALIA B2B B2C INV ORG,PAC00-14231,1-Jan-24,
WOONONA PETFOOD & PRODUCE,PRD:AU1:AU1-AUSTRALIA B2B B2C INV ORG,PAC00-14231,1-Feb-24,
WOONONA PETFOOD & PRODUCE,PRD:AU1:AU1-AUSTRALIA B2B B2C INV ORG,PAC00-14231,1-Mar-24,
WOONONA PETFOOD & PRODUCE,PRD:AU1:AU1-AUSTRALIA B2B B2C INV ORG,PAC00-14231,1-Apr-24,
WOONONA PETFOOD & PRODUCE,PRD:AU1:AU1-AUSTRALIA B2B B2C INV ORG,PAC00-14231,1-May-24,
WOONONA PETFOOD & PRODUCE,PRD:AU1:AU1-AUSTRALIA B2B B2C INV ORG,PAC00-14231,1-Jun-24,
WOONONA PETFOOD & PRODUCE,PRD:AU1:AU1-AUSTRALIA B2B B2C INV ORG,PAC00-14231,1-Jul-24,
WOONONA PETFOOD & PRODUCE,PRD:AU1:AU1-AUSTRALIA B2B B2C INV ORG,PAC00-14231,1-Aug-24,
WOONONA PETFOOD & PRODUCE,PRD:AU1:AU1-AUSTRALIA B2B B2C INV ORG,PAC00-14231,1-Sep-24,
WOONONA PETFOOD & PRODUCE,PRD:AU1:AU1-AUSTRALIA B2B B2C INV ORG,PAC00-14231,1-Oct-24,
WOONONA PETFOOD & PRODUCE,PRD:AU1:AU1-AUSTRALIA B2B B2C INV ORG,PAC00-14231,1-Nov-24,
WOONONA PETFOOD & PRODUCE,PRD:AU1:AU1-AUSTRALIA B2B B2C INV ORG,PAC00-14231,1-Dec-24,
WOONONA PETFOOD & PRODUCE,PRD:AU1:AU1-AUSTRALIA B2B B2C INV ORG,PAC00-14231,1-Jan-25,
WOONONA PETFOOD & PRODUCE,PRD:AU1:AU1-AUSTRALIA B2B B2C INV ORG,PAC00-14231,1-Feb-25,2
WOONONA PETFOOD & PRODUCE,PRD:AU1:AU1-AUSTRALIA B2B B2C INV ORG,PAC00-14231,1-Mar-25,8
WOONONA PETFOOD & PRODUCE,PRD:AU1:AU1-AUSTRALIA B2B B2C INV ORG,PAC00-14231,1-Apr-25,5
WOONONA PETFOOD & PRODUCE,PRD:AU1:AU1-AUSTRALIA B2B B2C INV ORG,PAC00-14231,1-May-25,6
WOONONA PETFOOD & PRODUCE,PRD:AU1:AU1-AUSTRALIA B2B B2C INV ORG,PAC00-14231,1-Jun-25,
WOONONA PETFOOD & PRODUCE,PRD:AU1:AU1-AUSTRALIA B2B B2C INV ORG,PAC00-14231,1-Jul-25,8
WOONONA PETFOOD & PRODUCE,PRD:AU1:AU1-AUSTRALIA B2B B2C INV ORG,PAC00-14231,1-Aug-25,6
WOONONA PETFOOD & PRODUCE,PRD:AU1:AU1-AUSTRALIA B2B B2C INV ORG,PAC00-14231,1-Sep-25,10
WOONONA PETFOOD & PRODUCE,PRD:AU1:AU1-AUSTRALIA B2B B2C INV ORG,PAC00-14231,1-Oct-25,3
WOONONA PETFOOD & PRODUCE,PRD:AU1:AU1-AUSTRALIA B2B B2C INV ORG,PAC00-14231,1-Nov-25,6
WOONONA PETFOOD & PRODUCE,PRD:AU1:AU1-AUSTRALIA B2B B2C INV ORG,PAC00-14231,1-Dec-25,10
WOONONA PETFOOD & PRODUCE,PRD:AU1:AU1-AUSTRALIA B2B B2C INV ORG,PAC00-14231,1-Jan-26,9
WOONONA PETFOOD & PRODUCE,PRD:AU1:AU1-AUSTRALIA B2B B2C INV ORG,PAC00-14231,1-Feb-26,6
WOONONA PETFOOD & PRODUCE,PRD:AU1:AU1-AUSTRALIA B2B B2C INV ORG,PAC00-14231,1-Mar-26,6
WOONONA PETFOOD & PRODUCE,PRD:AU1:AU1-AUSTRALIA B2B B2C INV ORG,PAC00-14231,1-Apr-26,5
ZENDOG LLC,PRD:IND:IND-GEODIS WHSE IND US,PBC-1000,1-May-23,
ZENDOG LLC,PRD:IND:IND-GEODIS WHSE IND US,PBC-1000,1-Jun-23,
ZENDOG LLC,PRD:IND:IND-GEODIS WHSE IND US,PBC-1000,1-Jul-23,
ZENDOG LLC,PRD:IND:IND-GEODIS WHSE IND US,PBC-1000,1-Aug-23,3
ZENDOG LLC,PRD:IND:IND-GEODIS WHSE IND US,PBC-1000,1-Sep-23,
ZENDOG LLC,PRD:IND:IND-GEODIS WHSE IND US,PBC-1000,1-Oct-23,
ZENDOG LLC,PRD:IND:IND-GEODIS WHSE IND US,PBC-1000,1-Nov-23,
ZENDOG LLC,PRD:IND:IND-GEODIS WHSE IND US,PBC-1000,1-Dec-23,
ZENDOG LLC,PRD:IND:IND-GEODIS WHSE IND US,PBC-1000,1-Jan-24,
ZENDOG LLC,PRD:IND:IND-GEODIS WHSE IND US,PBC-1000,1-Feb-24,
ZENDOG LLC,PRD:IND:IND-GEODIS WHSE IND US,PBC-1000,1-Mar-24,
ZENDOG LLC,PRD:IND:IND-GEODIS WHSE IND US,PBC-1000,1-Apr-24,
ZENDOG LLC,PRD:IND:IND-GEODIS WHSE IND US,PBC-1000,1-May-24,
ZENDOG LLC,PRD:IND:IND-GEODIS WHSE IND US,PBC-1000,1-Jun-24,
ZENDOG LLC,PRD:IND:IND-GEODIS WHSE IND US,PBC-1000,1-Jul-24,
ZENDOG LLC,PRD:IND:IND-GEODIS WHSE IND US,PBC-1000,1-Aug-24,
ZENDOG LLC,PRD:IND:IND-GEODIS WHSE IND US,PBC-1000,1-Sep-24,
ZENDOG LLC,PRD:IND:IND-GEODIS WHSE IND US,PBC-1000,1-Oct-24,
ZENDOG LLC,PRD:IND:IND-GEODIS WHSE IND US,PBC-1000,1-Nov-24,
ZENDOG LLC,PRD:IND:IND-GEODIS WHSE IND US,PBC-1000,1-Dec-24,
ZENDOG LLC,PRD:IND:IND-GEODIS WHSE IND US,PBC-1000,1-Jan-25,
ZENDOG LLC,PRD:IND:IND-GEODIS WHSE IND US,PBC-1000,1-Feb-25,
ZENDOG LLC,PRD:IND:IND-GEODIS WHSE IND US,PBC-1000,1-Mar-25,
ZENDOG LLC,PRD:IND:IND-GEODIS WHSE IND US,PBC-1000,1-Apr-25,
ZENDOG LLC,PRD:IND:IND-GEODIS WHSE IND US,PBC-1000,1-May-25,
ZENDOG LLC,PRD:IND:IND-GEODIS WHSE IND US,PBC-1000,1-Jun-25,
ZENDOG LLC,PRD:IND:IND-GEODIS WHSE IND US,PBC-1000,1-Jul-25,
ZENDOG LLC,PRD:IND:IND-GEODIS WHSE IND US,PBC-1000,1-Aug-25,
ZENDOG LLC,PRD:IND:IND-GEODIS WHSE IND US,PBC-1000,1-Sep-25,
ZENDOG LLC,PRD:IND:IND-GEODIS WHSE IND US,PBC-1000,1-Oct-25,
ZENDOG LLC,PRD:IND:IND-GEODIS WHSE IND US,PBC-1000,1-Nov-25,
ZENDOG LLC,PRD:IND:IND-GEODIS WHSE IND US,PBC-1000,1-Dec-25,
ZENDOG LLC,PRD:IND:IND-GEODIS WHSE IND US,PBC-1000,1-Jan-26,
ZENDOG LLC,PRD:IND:IND-GEODIS WHSE IND US,PBC-1000,1-Feb-26,
ZENDOG LLC,PRD:IND:IND-GEODIS WHSE IND US,PBC-1000,1-Mar-26,
ZENDOG LLC,PRD:IND:IND-GEODIS WHSE IND US,PBC-1000,1-Apr-26,